driver,ticker,lookback,threshold,holding,event_date,driver_change_pct,buy_date,sell_date,buy_price,sell_price,capital,shares,buy_mode,return_pct,profit_rp,ending_value
GOLD,HRTA.JK,1,0.5,1,2026-01-05,2.84,2026-01-06,2026-01-07,2250.0,2220.0,1000000,444.44,NEXT_DAY,-1.33,-13333.0,986667.0
GOLD,HRTA.JK,1,0.5,1,2026-01-26,2.08,2026-01-27,2026-01-28,2410.0,2400.0,1000000,414.94,NEXT_DAY,-0.41,-4149.0,995851.0
GOLD,HRTA.JK,1,0.5,1,2026-02-18,2.12,2026-02-19,2026-02-20,2700.0,2750.0,1000000,370.37,NEXT_DAY,1.85,18519.0,1018519.0
GOLD,HRTA.JK,1,0.5,1,2026-03-25,3.42,2026-03-26,2026-03-27,2350.0,2390.0,1000000,425.53,NEXT_DAY,1.7,17021.0,1017021.0
GOLD,HRTA.JK,1,0.5,1,2026-04-17,1.51,2026-04-20,2026-04-21,2880.0,2970.0,1000000,347.22,NEXT_DAY,3.12,31250.0,1031250.0
GOLD,HRTA.JK,1,0.5,1,2026-05-20,0.55,2026-05-21,2026-05-22,2130.0,2330.0,1000000,469.48,NEXT_DAY,9.39,93897.0,1093897.0
GOLD,HRTA.JK,1,0.5,1,2026-06-12,3.05,2026-06-15,2026-06-17,2170.0,2250.0,1000000,460.83,NEXT_DAY,3.69,36866.0,1036866.0
GOLD,MDKA.JK,1,0.5,1,2026-01-05,2.84,2026-01-06,2026-01-07,2700.0,2720.0,1000000,370.37,NEXT_DAY,0.74,7407.0,1007407.0
GOLD,MDKA.JK,1,0.5,1,2026-01-26,2.08,2026-01-27,2026-01-28,3210.0,3240.0,1000000,311.53,NEXT_DAY,0.93,9346.0,1009346.0
GOLD,MDKA.JK,1,0.5,1,2026-02-18,2.12,2026-02-19,2026-02-20,3530.0,3590.0,1000000,283.29,NEXT_DAY,1.7,16997.0,1016997.0
GOLD,MDKA.JK,1,0.5,1,2026-03-25,3.42,2026-03-26,2026-03-27,3240.0,3230.0,1000000,308.64,NEXT_DAY,-0.31,-3086.0,996914.0
GOLD,MDKA.JK,1,0.5,1,2026-04-17,1.51,2026-04-20,2026-04-21,3350.0,3370.0,1000000,298.51,NEXT_DAY,0.6,5970.0,1005970.0
GOLD,MDKA.JK,1,0.5,1,2026-05-20,0.55,2026-05-21,2026-05-22,2180.0,2720.0,1000000,458.72,NEXT_DAY,24.77,247706.0,1247706.0
GOLD,MDKA.JK,1,0.5,1,2026-06-12,3.05,2026-06-15,2026-06-17,2740.0,2730.0,1000000,364.96,NEXT_DAY,-0.36,-3650.0,996350.0
GOLD,ANTM.JK,1,0.5,1,2026-01-05,2.84,2026-01-06,2026-01-07,3450.0,3850.0,1000000,289.86,NEXT_DAY,11.59,115942.0,1115942.0
GOLD,ANTM.JK,1,0.5,1,2026-01-26,2.08,2026-01-27,2026-01-28,4610.0,4420.0,1000000,216.92,NEXT_DAY,-4.12,-41215.0,958785.0
GOLD,ANTM.JK,1,0.5,1,2026-02-18,2.12,2026-02-19,2026-02-20,4230.0,4220.0,1000000,236.41,NEXT_DAY,-0.24,-2364.0,997636.0
GOLD,ANTM.JK,1,0.5,1,2026-03-25,3.42,2026-03-26,2026-03-27,3430.0,3500.0,1000000,291.55,NEXT_DAY,2.04,20408.0,1020408.0
GOLD,ANTM.JK,1,0.5,1,2026-04-17,1.51,2026-04-20,2026-04-21,4010.0,4030.0,1000000,249.38,NEXT_DAY,0.5,4988.0,1004988.0
GOLD,ANTM.JK,1,0.5,1,2026-05-20,0.55,2026-05-21,2026-05-22,2970.0,3090.0,1000000,336.7,NEXT_DAY,4.04,40404.0,1040404.0
GOLD,ANTM.JK,1,0.5,1,2026-06-12,3.05,2026-06-15,2026-06-17,3130.0,3160.0,1000000,319.49,NEXT_DAY,0.96,9585.0,1009585.0
GOLD,BRMS.JK,1,0.5,1,2026-01-05,2.84,2026-01-06,2026-01-07,1285.0,1230.0,1000000,778.21,NEXT_DAY,-4.28,-42802.0,957198.0
GOLD,BRMS.JK,1,0.5,1,2026-01-26,2.08,2026-01-27,2026-01-28,1295.0,1105.0,1000000,772.2,NEXT_DAY,-14.67,-146718.0,853282.0
GOLD,BRMS.JK,1,0.5,1,2026-02-18,2.12,2026-02-19,2026-02-20,1055.0,1060.0,1000000,947.87,NEXT_DAY,0.47,4739.0,1004739.0
GOLD,BRMS.JK,1,0.5,1,2026-03-25,3.42,2026-03-26,2026-03-27,710.0,710.0,1000000,1408.45,NEXT_DAY,0.0,0.0,1000000.0
GOLD,BRMS.JK,1,0.5,1,2026-04-17,1.51,2026-04-20,2026-04-21,905.0,900.0,1000000,1104.97,NEXT_DAY,-0.55,-5525.0,994475.0
GOLD,BRMS.JK,1,0.5,1,2026-05-20,0.55,2026-05-21,2026-05-22,565.0,630.0,1000000,1769.91,NEXT_DAY,11.5,115044.0,1115044.0
GOLD,BRMS.JK,1,0.5,1,2026-06-12,3.05,2026-06-15,2026-06-17,660.0,665.0,1000000,1515.15,NEXT_DAY,0.76,7576.0,1007576.0
GOLD,PSAB.JK,1,0.5,1,2026-01-05,2.84,2026-01-06,2026-01-07,600.0,610.0,1000000,1666.67,NEXT_DAY,1.67,16667.0,1016667.0
GOLD,PSAB.JK,1,0.5,1,2026-01-26,2.08,2026-01-27,2026-01-28,625.0,600.0,1000000,1600.0,NEXT_DAY,-4.0,-40000.0,960000.0
GOLD,PSAB.JK,1,0.5,1,2026-02-18,2.12,2026-02-19,2026-02-20,560.0,565.0,1000000,1785.71,NEXT_DAY,0.89,8929.0,1008929.0
GOLD,PSAB.JK,1,0.5,1,2026-03-25,3.42,2026-03-26,2026-03-27,480.0,476.0,1000000,2083.33,NEXT_DAY,-0.83,-8333.0,991667.0
GOLD,PSAB.JK,1,0.5,1,2026-04-17,1.51,2026-04-20,2026-04-21,555.0,575.0,1000000,1801.8,NEXT_DAY,3.6,36036.0,1036036.0
GOLD,PSAB.JK,1,0.5,1,2026-05-20,0.55,2026-05-21,2026-05-22,372.0,426.0,1000000,2688.17,NEXT_DAY,14.52,145161.0,1145161.0
GOLD,PSAB.JK,1,0.5,1,2026-06-12,3.05,2026-06-15,2026-06-17,468.0,448.0,1000000,2136.75,NEXT_DAY,-4.27,-42735.0,957265.0
GOLD,HRTA.JK,1,0.5,2,2026-01-05,2.84,2026-01-06,2026-01-08,2250.0,2220.0,1000000,444.44,NEXT_DAY,-1.33,-13333.0,986667.0
GOLD,HRTA.JK,1,0.5,2,2026-01-26,2.08,2026-01-27,2026-01-29,2410.0,2330.0,1000000,414.94,NEXT_DAY,-3.32,-33195.0,966805.0
GOLD,HRTA.JK,1,0.5,2,2026-02-18,2.12,2026-02-19,2026-02-23,2700.0,2850.0,1000000,370.37,NEXT_DAY,5.56,55556.0,1055556.0
GOLD,HRTA.JK,1,0.5,2,2026-03-25,3.42,2026-03-26,2026-03-30,2350.0,2200.0,1000000,425.53,NEXT_DAY,-6.38,-63830.0,936170.0
GOLD,HRTA.JK,1,0.5,2,2026-04-17,1.51,2026-04-20,2026-04-22,2880.0,3040.0,1000000,347.22,NEXT_DAY,5.56,55556.0,1055556.0
GOLD,HRTA.JK,1,0.5,2,2026-05-20,0.55,2026-05-21,2026-05-25,2130.0,2410.0,1000000,469.48,NEXT_DAY,13.15,131455.0,1131455.0
GOLD,HRTA.JK,1,0.5,2,2026-06-12,3.05,2026-06-15,2026-06-18,2170.0,2170.0,1000000,460.83,NEXT_DAY,0.0,0.0,1000000.0
GOLD,MDKA.JK,1,0.5,2,2026-01-05,2.84,2026-01-06,2026-01-08,2700.0,2560.0,1000000,370.37,NEXT_DAY,-5.19,-51852.0,948148.0
GOLD,MDKA.JK,1,0.5,2,2026-01-26,2.08,2026-01-27,2026-01-29,3210.0,3170.0,1000000,311.53,NEXT_DAY,-1.25,-12461.0,987539.0
GOLD,MDKA.JK,1,0.5,2,2026-02-18,2.12,2026-02-19,2026-02-23,3530.0,3740.0,1000000,283.29,NEXT_DAY,5.95,59490.0,1059490.0
GOLD,MDKA.JK,1,0.5,2,2026-03-25,3.42,2026-03-26,2026-03-30,3240.0,3100.0,1000000,308.64,NEXT_DAY,-4.32,-43210.0,956790.0
GOLD,MDKA.JK,1,0.5,2,2026-04-17,1.51,2026-04-20,2026-04-22,3350.0,3400.0,1000000,298.51,NEXT_DAY,1.49,14925.0,1014925.0
GOLD,MDKA.JK,1,0.5,2,2026-05-20,0.55,2026-05-21,2026-05-25,2180.0,2850.0,1000000,458.72,NEXT_DAY,30.73,307339.0,1307339.0
GOLD,MDKA.JK,1,0.5,2,2026-06-12,3.05,2026-06-15,2026-06-18,2740.0,2860.0,1000000,364.96,NEXT_DAY,4.38,43796.0,1043796.0
GOLD,ANTM.JK,1,0.5,2,2026-01-05,2.84,2026-01-06,2026-01-08,3450.0,3490.0,1000000,289.86,NEXT_DAY,1.16,11594.0,1011594.0
GOLD,ANTM.JK,1,0.5,2,2026-01-26,2.08,2026-01-27,2026-01-29,4610.0,4320.0,1000000,216.92,NEXT_DAY,-6.29,-62907.0,937093.0
GOLD,ANTM.JK,1,0.5,2,2026-02-18,2.12,2026-02-19,2026-02-23,4230.0,4390.0,1000000,236.41,NEXT_DAY,3.78,37825.0,1037825.0
GOLD,ANTM.JK,1,0.5,2,2026-03-25,3.42,2026-03-26,2026-03-30,3430.0,3500.0,1000000,291.55,NEXT_DAY,2.04,20408.0,1020408.0
GOLD,ANTM.JK,1,0.5,2,2026-04-17,1.51,2026-04-20,2026-04-22,4010.0,4100.0,1000000,249.38,NEXT_DAY,2.24,22444.0,1022444.0
GOLD,ANTM.JK,1,0.5,2,2026-05-20,0.55,2026-05-21,2026-05-25,2970.0,3070.0,1000000,336.7,NEXT_DAY,3.37,33670.0,1033670.0
GOLD,ANTM.JK,1,0.5,2,2026-06-12,3.05,2026-06-15,2026-06-18,3130.0,3170.0,1000000,319.49,NEXT_DAY,1.28,12780.0,1012780.0
GOLD,BRMS.JK,1,0.5,2,2026-01-05,2.84,2026-01-06,2026-01-08,1285.0,1205.0,1000000,778.21,NEXT_DAY,-6.23,-62257.0,937743.0
GOLD,BRMS.JK,1,0.5,2,2026-01-26,2.08,2026-01-27,2026-01-29,1295.0,1070.0,1000000,772.2,NEXT_DAY,-17.37,-173745.0,826255.0
GOLD,BRMS.JK,1,0.5,2,2026-02-18,2.12,2026-02-19,2026-02-23,1055.0,1060.0,1000000,947.87,NEXT_DAY,0.47,4739.0,1004739.0
GOLD,BRMS.JK,1,0.5,2,2026-03-25,3.42,2026-03-26,2026-03-30,710.0,765.0,1000000,1408.45,NEXT_DAY,7.75,77465.0,1077465.0
GOLD,BRMS.JK,1,0.5,2,2026-04-17,1.51,2026-04-20,2026-04-22,905.0,905.0,1000000,1104.97,NEXT_DAY,0.0,0.0,1000000.0
GOLD,BRMS.JK,1,0.5,2,2026-05-20,0.55,2026-05-21,2026-05-25,565.0,605.0,1000000,1769.91,NEXT_DAY,7.08,70796.0,1070796.0
GOLD,BRMS.JK,1,0.5,2,2026-06-12,3.05,2026-06-15,2026-06-18,660.0,670.0,1000000,1515.15,NEXT_DAY,1.52,15152.0,1015152.0
GOLD,PSAB.JK,1,0.5,2,2026-01-05,2.84,2026-01-06,2026-01-08,600.0,580.0,1000000,1666.67,NEXT_DAY,-3.33,-33333.0,966667.0
GOLD,PSAB.JK,1,0.5,2,2026-01-26,2.08,2026-01-27,2026-01-29,625.0,595.0,1000000,1600.0,NEXT_DAY,-4.8,-48000.0,952000.0
GOLD,PSAB.JK,1,0.5,2,2026-02-18,2.12,2026-02-19,2026-02-23,560.0,570.0,1000000,1785.71,NEXT_DAY,1.79,17857.0,1017857.0
GOLD,PSAB.JK,1,0.5,2,2026-03-25,3.42,2026-03-26,2026-03-30,480.0,466.0,1000000,2083.33,NEXT_DAY,-2.92,-29167.0,970833.0
GOLD,PSAB.JK,1,0.5,2,2026-04-17,1.51,2026-04-20,2026-04-22,555.0,575.0,1000000,1801.8,NEXT_DAY,3.6,36036.0,1036036.0
GOLD,PSAB.JK,1,0.5,2,2026-05-20,0.55,2026-05-21,2026-05-25,372.0,446.0,1000000,2688.17,NEXT_DAY,19.89,198925.0,1198925.0
GOLD,PSAB.JK,1,0.5,2,2026-06-12,3.05,2026-06-15,2026-06-18,468.0,448.0,1000000,2136.75,NEXT_DAY,-4.27,-42735.0,957265.0
GOLD,HRTA.JK,1,0.5,3,2026-01-05,2.84,2026-01-06,2026-01-09,2250.0,2380.0,1000000,444.44,NEXT_DAY,5.78,57778.0,1057778.0
GOLD,HRTA.JK,1,0.5,3,2026-01-26,2.08,2026-01-27,2026-01-30,2410.0,2230.0,1000000,414.94,NEXT_DAY,-7.47,-74689.0,925311.0
GOLD,HRTA.JK,1,0.5,3,2026-02-18,2.12,2026-02-19,2026-02-24,2700.0,2830.0,1000000,370.37,NEXT_DAY,4.81,48148.0,1048148.0
GOLD,HRTA.JK,1,0.5,3,2026-03-25,3.42,2026-03-26,2026-03-31,2350.0,2180.0,1000000,425.53,NEXT_DAY,-7.23,-72340.0,927660.0
GOLD,HRTA.JK,1,0.5,3,2026-04-17,1.51,2026-04-20,2026-04-23,2880.0,3010.0,1000000,347.22,NEXT_DAY,4.51,45139.0,1045139.0
GOLD,HRTA.JK,1,0.5,3,2026-05-20,0.55,2026-05-21,2026-05-26,2130.0,2370.0,1000000,469.48,NEXT_DAY,11.27,112676.0,1112676.0
GOLD,HRTA.JK,1,0.5,3,2026-06-12,3.05,2026-06-15,2026-06-19,2170.0,2120.0,1000000,460.83,NEXT_DAY,-2.3,-23041.0,976959.0
GOLD,MDKA.JK,1,0.5,3,2026-01-05,2.84,2026-01-06,2026-01-09,2700.0,2700.0,1000000,370.37,NEXT_DAY,0.0,0.0,1000000.0
GOLD,MDKA.JK,1,0.5,3,2026-01-26,2.08,2026-01-27,2026-01-30,3210.0,3210.0,1000000,311.53,NEXT_DAY,0.0,0.0,1000000.0
GOLD,MDKA.JK,1,0.5,3,2026-02-18,2.12,2026-02-19,2026-02-24,3530.0,3790.0,1000000,283.29,NEXT_DAY,7.37,73654.0,1073654.0
GOLD,MDKA.JK,1,0.5,3,2026-03-25,3.42,2026-03-26,2026-03-31,3240.0,3140.0,1000000,308.64,NEXT_DAY,-3.09,-30864.0,969136.0
GOLD,MDKA.JK,1,0.5,3,2026-04-17,1.51,2026-04-20,2026-04-23,3350.0,3380.0,1000000,298.51,NEXT_DAY,0.9,8955.0,1008955.0
GOLD,MDKA.JK,1,0.5,3,2026-05-20,0.55,2026-05-21,2026-05-26,2180.0,2720.0,1000000,458.72,NEXT_DAY,24.77,247706.0,1247706.0
GOLD,MDKA.JK,1,0.5,3,2026-06-12,3.05,2026-06-15,2026-06-19,2740.0,2930.0,1000000,364.96,NEXT_DAY,6.93,69343.0,1069343.0
GOLD,ANTM.JK,1,0.5,3,2026-01-05,2.84,2026-01-06,2026-01-09,3450.0,3630.0,1000000,289.86,NEXT_DAY,5.22,52174.0,1052174.0
GOLD,ANTM.JK,1,0.5,3,2026-01-26,2.08,2026-01-27,2026-01-30,4610.0,4210.0,1000000,216.92,NEXT_DAY,-8.68,-86768.0,913232.0
GOLD,ANTM.JK,1,0.5,3,2026-02-18,2.12,2026-02-19,2026-02-24,4230.0,4380.0,1000000,236.41,NEXT_DAY,3.55,35461.0,1035461.0
GOLD,ANTM.JK,1,0.5,3,2026-03-25,3.42,2026-03-26,2026-03-31,3430.0,3500.0,1000000,291.55,NEXT_DAY,2.04,20408.0,1020408.0
GOLD,ANTM.JK,1,0.5,3,2026-04-17,1.51,2026-04-20,2026-04-23,4010.0,4020.0,1000000,249.38,NEXT_DAY,0.25,2494.0,1002494.0
GOLD,ANTM.JK,1,0.5,3,2026-05-20,0.55,2026-05-21,2026-05-26,2970.0,2960.0,1000000,336.7,NEXT_DAY,-0.34,-3367.0,996633.0
GOLD,ANTM.JK,1,0.5,3,2026-06-12,3.05,2026-06-15,2026-06-19,3130.0,3080.0,1000000,319.49,NEXT_DAY,-1.6,-15974.0,984026.0
GOLD,BRMS.JK,1,0.5,3,2026-01-05,2.84,2026-01-06,2026-01-09,1285.0,1230.0,1000000,778.21,NEXT_DAY,-4.28,-42802.0,957198.0
GOLD,BRMS.JK,1,0.5,3,2026-01-26,2.08,2026-01-27,2026-01-30,1295.0,1080.0,1000000,772.2,NEXT_DAY,-16.6,-166023.0,833977.0
GOLD,BRMS.JK,1,0.5,3,2026-02-18,2.12,2026-02-19,2026-02-24,1055.0,1010.0,1000000,947.87,NEXT_DAY,-4.27,-42654.0,957346.0
GOLD,BRMS.JK,1,0.5,3,2026-03-25,3.42,2026-03-26,2026-03-31,710.0,730.0,1000000,1408.45,NEXT_DAY,2.82,28169.0,1028169.0
GOLD,BRMS.JK,1,0.5,3,2026-04-17,1.51,2026-04-20,2026-04-23,905.0,865.0,1000000,1104.97,NEXT_DAY,-4.42,-44199.0,955801.0
GOLD,BRMS.JK,1,0.5,3,2026-05-20,0.55,2026-05-21,2026-05-26,565.0,605.0,1000000,1769.91,NEXT_DAY,7.08,70796.0,1070796.0
GOLD,BRMS.JK,1,0.5,3,2026-06-12,3.05,2026-06-15,2026-06-19,660.0,660.0,1000000,1515.15,NEXT_DAY,0.0,0.0,1000000.0
GOLD,PSAB.JK,1,0.5,3,2026-01-05,2.84,2026-01-06,2026-01-09,600.0,600.0,1000000,1666.67,NEXT_DAY,0.0,0.0,1000000.0
GOLD,PSAB.JK,1,0.5,3,2026-01-26,2.08,2026-01-27,2026-01-30,625.0,550.0,1000000,1600.0,NEXT_DAY,-12.0,-120000.0,880000.0
GOLD,PSAB.JK,1,0.5,3,2026-02-18,2.12,2026-02-19,2026-02-24,560.0,555.0,1000000,1785.71,NEXT_DAY,-0.89,-8929.0,991071.0
GOLD,PSAB.JK,1,0.5,3,2026-03-25,3.42,2026-03-26,2026-03-31,480.0,460.0,1000000,2083.33,NEXT_DAY,-4.17,-41667.0,958333.0
GOLD,PSAB.JK,1,0.5,3,2026-04-17,1.51,2026-04-20,2026-04-23,555.0,550.0,1000000,1801.8,NEXT_DAY,-0.9,-9009.0,990991.0
GOLD,PSAB.JK,1,0.5,3,2026-05-20,0.55,2026-05-21,2026-05-26,372.0,468.0,1000000,2688.17,NEXT_DAY,25.81,258065.0,1258065.0
GOLD,PSAB.JK,1,0.5,3,2026-06-12,3.05,2026-06-15,2026-06-19,468.0,440.0,1000000,2136.75,NEXT_DAY,-5.98,-59829.0,940171.0
GOLD,HRTA.JK,1,0.5,5,2026-01-05,2.84,2026-01-06,2026-01-13,2250.0,2580.0,1000000,444.44,NEXT_DAY,14.67,146667.0,1146667.0
GOLD,HRTA.JK,1,0.5,5,2026-01-26,2.08,2026-01-27,2026-02-03,2410.0,2160.0,1000000,414.94,NEXT_DAY,-10.37,-103734.0,896266.0
GOLD,HRTA.JK,1,0.5,5,2026-02-18,2.12,2026-02-19,2026-02-26,2700.0,3200.0,1000000,370.37,NEXT_DAY,18.52,185185.0,1185185.0
GOLD,HRTA.JK,1,0.5,5,2026-03-25,3.42,2026-03-26,2026-04-02,2350.0,2340.0,1000000,425.53,NEXT_DAY,-0.43,-4255.0,995745.0
GOLD,HRTA.JK,1,0.5,5,2026-04-17,1.51,2026-04-20,2026-04-27,2880.0,2900.0,1000000,347.22,NEXT_DAY,0.69,6944.0,1006944.0
GOLD,HRTA.JK,1,0.5,5,2026-05-20,0.55,2026-05-21,2026-05-28,2130.0,2370.0,1000000,469.48,NEXT_DAY,11.27,112676.0,1112676.0
GOLD,HRTA.JK,1,0.5,5,2026-06-12,3.05,2026-06-15,2026-06-23,2170.0,2050.0,1000000,460.83,NEXT_DAY,-5.53,-55300.0,944700.0
GOLD,MDKA.JK,1,0.5,5,2026-01-05,2.84,2026-01-06,2026-01-13,2700.0,3120.0,1000000,370.37,NEXT_DAY,15.56,155556.0,1155556.0
GOLD,MDKA.JK,1,0.5,5,2026-01-26,2.08,2026-01-27,2026-02-03,3210.0,2950.0,1000000,311.53,NEXT_DAY,-8.1,-80997.0,919003.0
GOLD,MDKA.JK,1,0.5,5,2026-02-18,2.12,2026-02-19,2026-02-26,3530.0,3640.0,1000000,283.29,NEXT_DAY,3.12,31161.0,1031161.0
GOLD,MDKA.JK,1,0.5,5,2026-03-25,3.42,2026-03-26,2026-04-02,3240.0,3260.0,1000000,308.64,NEXT_DAY,0.62,6173.0,1006173.0
GOLD,MDKA.JK,1,0.5,5,2026-04-17,1.51,2026-04-20,2026-04-27,3350.0,3470.0,1000000,298.51,NEXT_DAY,3.58,35821.0,1035821.0
GOLD,MDKA.JK,1,0.5,5,2026-05-20,0.55,2026-05-21,2026-05-28,2180.0,2720.0,1000000,458.72,NEXT_DAY,24.77,247706.0,1247706.0
GOLD,MDKA.JK,1,0.5,5,2026-06-12,3.05,2026-06-15,2026-06-23,2740.0,2840.0,1000000,364.96,NEXT_DAY,3.65,36496.0,1036496.0
GOLD,ANTM.JK,1,0.5,5,2026-01-05,2.84,2026-01-06,2026-01-13,3450.0,3880.0,1000000,289.86,NEXT_DAY,12.46,124638.0,1124638.0
GOLD,ANTM.JK,1,0.5,5,2026-01-26,2.08,2026-01-27,2026-02-03,4610.0,3930.0,1000000,216.92,NEXT_DAY,-14.75,-147505.0,852495.0
GOLD,ANTM.JK,1,0.5,5,2026-02-18,2.12,2026-02-19,2026-02-26,4230.0,4330.0,1000000,236.41,NEXT_DAY,2.36,23641.0,1023641.0
GOLD,ANTM.JK,1,0.5,5,2026-03-25,3.42,2026-03-26,2026-04-02,3430.0,3640.0,1000000,291.55,NEXT_DAY,6.12,61224.0,1061224.0
GOLD,ANTM.JK,1,0.5,5,2026-04-17,1.51,2026-04-20,2026-04-27,4010.0,4120.0,1000000,249.38,NEXT_DAY,2.74,27431.0,1027431.0
GOLD,ANTM.JK,1,0.5,5,2026-05-20,0.55,2026-05-21,2026-05-28,2970.0,2960.0,1000000,336.7,NEXT_DAY,-0.34,-3367.0,996633.0
GOLD,ANTM.JK,1,0.5,5,2026-06-12,3.05,2026-06-15,2026-06-23,3130.0,2870.0,1000000,319.49,NEXT_DAY,-8.31,-83067.0,916933.0
GOLD,BRMS.JK,1,0.5,5,2026-01-05,2.84,2026-01-06,2026-01-13,1285.0,1195.0,1000000,778.21,NEXT_DAY,-7.0,-70039.0,929961.0
GOLD,BRMS.JK,1,0.5,5,2026-01-26,2.08,2026-01-27,2026-02-03,1295.0,955.0,1000000,772.2,NEXT_DAY,-26.25,-262548.0,737452.0
GOLD,BRMS.JK,1,0.5,5,2026-02-18,2.12,2026-02-19,2026-02-26,1055.0,960.0,1000000,947.87,NEXT_DAY,-9.0,-90047.0,909953.0
GOLD,BRMS.JK,1,0.5,5,2026-03-25,3.42,2026-03-26,2026-04-02,710.0,735.0,1000000,1408.45,NEXT_DAY,3.52,35211.0,1035211.0
GOLD,BRMS.JK,1,0.5,5,2026-04-17,1.51,2026-04-20,2026-04-27,905.0,820.0,1000000,1104.97,NEXT_DAY,-9.39,-93923.0,906077.0
GOLD,BRMS.JK,1,0.5,5,2026-05-20,0.55,2026-05-21,2026-05-28,565.0,605.0,1000000,1769.91,NEXT_DAY,7.08,70796.0,1070796.0
GOLD,BRMS.JK,1,0.5,5,2026-06-12,3.05,2026-06-15,2026-06-23,660.0,640.0,1000000,1515.15,NEXT_DAY,-3.03,-30303.0,969697.0
GOLD,PSAB.JK,1,0.5,5,2026-01-05,2.84,2026-01-06,2026-01-13,600.0,590.0,1000000,1666.67,NEXT_DAY,-1.67,-16667.0,983333.0
GOLD,PSAB.JK,1,0.5,5,2026-01-26,2.08,2026-01-27,2026-02-03,625.0,510.0,1000000,1600.0,NEXT_DAY,-18.4,-184000.0,816000.0
GOLD,PSAB.JK,1,0.5,5,2026-02-18,2.12,2026-02-19,2026-02-26,560.0,540.0,1000000,1785.71,NEXT_DAY,-3.57,-35714.0,964286.0
GOLD,PSAB.JK,1,0.5,5,2026-03-25,3.42,2026-03-26,2026-04-02,480.0,510.0,1000000,2083.33,NEXT_DAY,6.25,62500.0,1062500.0
GOLD,PSAB.JK,1,0.5,5,2026-04-17,1.51,2026-04-20,2026-04-27,555.0,550.0,1000000,1801.8,NEXT_DAY,-0.9,-9009.0,990991.0
GOLD,PSAB.JK,1,0.5,5,2026-05-20,0.55,2026-05-21,2026-05-28,372.0,468.0,1000000,2688.17,NEXT_DAY,25.81,258065.0,1258065.0
GOLD,PSAB.JK,1,0.5,5,2026-06-12,3.05,2026-06-15,2026-06-23,468.0,422.0,1000000,2136.75,NEXT_DAY,-9.83,-98291.0,901709.0
GOLD,HRTA.JK,1,0.5,10,2026-01-05,2.84,2026-01-06,2026-01-21,2250.0,2550.0,1000000,444.44,NEXT_DAY,13.33,133333.0,1133333.0
GOLD,HRTA.JK,1,0.5,10,2026-01-26,2.08,2026-01-27,2026-02-10,2410.0,2500.0,1000000,414.94,NEXT_DAY,3.73,37344.0,1037344.0
GOLD,HRTA.JK,1,0.5,10,2026-02-18,2.12,2026-02-19,2026-03-05,2700.0,2950.0,1000000,370.37,NEXT_DAY,9.26,92593.0,1092593.0
GOLD,HRTA.JK,1,0.5,10,2026-03-25,3.42,2026-03-26,2026-04-10,2350.0,2530.0,1000000,425.53,NEXT_DAY,7.66,76596.0,1076596.0
GOLD,HRTA.JK,1,0.5,10,2026-04-17,1.51,2026-04-20,2026-05-05,2880.0,2640.0,1000000,347.22,NEXT_DAY,-8.33,-83333.0,916667.0
GOLD,HRTA.JK,1,0.5,10,2026-05-20,0.55,2026-05-21,2026-06-05,2130.0,2240.0,1000000,469.48,NEXT_DAY,5.16,51643.0,1051643.0
GOLD,HRTA.JK,1,0.5,10,2026-06-12,3.05,2026-06-15,2026-06-30,2170.0,1685.0,1000000,460.83,NEXT_DAY,-22.35,-223502.0,776498.0
GOLD,MDKA.JK,1,0.5,10,2026-01-05,2.84,2026-01-06,2026-01-21,2700.0,3310.0,1000000,370.37,NEXT_DAY,22.59,225926.0,1225926.0
GOLD,MDKA.JK,1,0.5,10,2026-01-26,2.08,2026-01-27,2026-02-10,3210.0,3090.0,1000000,311.53,NEXT_DAY,-3.74,-37383.0,962617.0
GOLD,MDKA.JK,1,0.5,10,2026-02-18,2.12,2026-02-19,2026-03-05,3530.0,3620.0,1000000,283.29,NEXT_DAY,2.55,25496.0,1025496.0
GOLD,MDKA.JK,1,0.5,10,2026-03-25,3.42,2026-03-26,2026-04-10,3240.0,3220.0,1000000,308.64,NEXT_DAY,-0.62,-6173.0,993827.0
GOLD,MDKA.JK,1,0.5,10,2026-04-17,1.51,2026-04-20,2026-05-05,3350.0,3100.0,1000000,298.51,NEXT_DAY,-7.46,-74627.0,925373.0
GOLD,MDKA.JK,1,0.5,10,2026-05-20,0.55,2026-05-21,2026-06-05,2180.0,2570.0,1000000,458.72,NEXT_DAY,17.89,178899.0,1178899.0
GOLD,MDKA.JK,1,0.5,10,2026-06-12,3.05,2026-06-15,2026-06-30,2740.0,2420.0,1000000,364.96,NEXT_DAY,-11.68,-116788.0,883212.0
GOLD,ANTM.JK,1,0.5,10,2026-01-05,2.84,2026-01-06,2026-01-21,3450.0,4270.0,1000000,289.86,NEXT_DAY,23.77,237681.0,1237681.0
GOLD,ANTM.JK,1,0.5,10,2026-01-26,2.08,2026-01-27,2026-02-10,4610.0,3890.0,1000000,216.92,NEXT_DAY,-15.62,-156182.0,843818.0
GOLD,ANTM.JK,1,0.5,10,2026-02-18,2.12,2026-02-19,2026-03-05,4230.0,4130.0,1000000,236.41,NEXT_DAY,-2.36,-23641.0,976359.0
GOLD,ANTM.JK,1,0.5,10,2026-03-25,3.42,2026-03-26,2026-04-10,3430.0,3710.0,1000000,291.55,NEXT_DAY,8.16,81633.0,1081633.0
GOLD,ANTM.JK,1,0.5,10,2026-04-17,1.51,2026-04-20,2026-05-05,4010.0,3690.0,1000000,249.38,NEXT_DAY,-7.98,-79800.0,920200.0
GOLD,ANTM.JK,1,0.5,10,2026-05-20,0.55,2026-05-21,2026-06-05,2970.0,2750.0,1000000,336.7,NEXT_DAY,-7.41,-74074.0,925926.0
GOLD,ANTM.JK,1,0.5,10,2026-06-12,3.05,2026-06-15,2026-06-30,3130.0,2590.0,1000000,319.49,NEXT_DAY,-17.25,-172524.0,827476.0
GOLD,BRMS.JK,1,0.5,10,2026-01-05,2.84,2026-01-06,2026-01-21,1285.0,1265.0,1000000,778.21,NEXT_DAY,-1.56,-15564.0,984436.0
GOLD,BRMS.JK,1,0.5,10,2026-01-26,2.08,2026-01-27,2026-02-10,1295.0,1045.0,1000000,772.2,NEXT_DAY,-19.31,-193050.0,806950.0
GOLD,BRMS.JK,1,0.5,10,2026-02-18,2.12,2026-02-19,2026-03-05,1055.0,855.0,1000000,947.87,NEXT_DAY,-18.96,-189573.0,810427.0
GOLD,BRMS.JK,1,0.5,10,2026-03-25,3.42,2026-03-26,2026-04-10,710.0,845.0,1000000,1408.45,NEXT_DAY,19.01,190141.0,1190141.0
GOLD,BRMS.JK,1,0.5,10,2026-04-17,1.51,2026-04-20,2026-05-05,905.0,785.0,1000000,1104.97,NEXT_DAY,-13.26,-132597.0,867403.0
GOLD,BRMS.JK,1,0.5,10,2026-05-20,0.55,2026-05-21,2026-06-05,565.0,510.0,1000000,1769.91,NEXT_DAY,-9.73,-97345.0,902655.0
GOLD,BRMS.JK,1,0.5,10,2026-06-12,3.05,2026-06-15,2026-06-30,660.0,474.0,1000000,1515.15,NEXT_DAY,-28.18,-281818.0,718182.0
GOLD,PSAB.JK,1,0.5,10,2026-01-05,2.84,2026-01-06,2026-01-21,600.0,650.0,1000000,1666.67,NEXT_DAY,8.33,83333.0,1083333.0
GOLD,PSAB.JK,1,0.5,10,2026-01-26,2.08,2026-01-27,2026-02-10,625.0,515.0,1000000,1600.0,NEXT_DAY,-17.6,-176000.0,824000.0
GOLD,PSAB.JK,1,0.5,10,2026-02-18,2.12,2026-02-19,2026-03-05,560.0,525.0,1000000,1785.71,NEXT_DAY,-6.25,-62500.0,937500.0
GOLD,PSAB.JK,1,0.5,10,2026-03-25,3.42,2026-03-26,2026-04-10,480.0,510.0,1000000,2083.33,NEXT_DAY,6.25,62500.0,1062500.0
GOLD,PSAB.JK,1,0.5,10,2026-04-17,1.51,2026-04-20,2026-05-05,555.0,510.0,1000000,1801.8,NEXT_DAY,-8.11,-81081.0,918919.0
GOLD,PSAB.JK,1,0.5,10,2026-05-20,0.55,2026-05-21,2026-06-05,372.0,500.0,1000000,2688.17,NEXT_DAY,34.41,344086.0,1344086.0
GOLD,PSAB.JK,1,0.5,10,2026-06-12,3.05,2026-06-15,2026-06-30,468.0,386.0,1000000,2136.75,NEXT_DAY,-17.52,-175214.0,824786.0
GOLD,HRTA.JK,1,1.0,1,2026-01-05,2.84,2026-01-06,2026-01-07,2250.0,2220.0,1000000,444.44,NEXT_DAY,-1.33,-13333.0,986667.0
GOLD,HRTA.JK,1,1.0,1,2026-01-26,2.08,2026-01-27,2026-01-28,2410.0,2400.0,1000000,414.94,NEXT_DAY,-0.41,-4149.0,995851.0
GOLD,HRTA.JK,1,1.0,1,2026-02-18,2.12,2026-02-19,2026-02-20,2700.0,2750.0,1000000,370.37,NEXT_DAY,1.85,18519.0,1018519.0
GOLD,HRTA.JK,1,1.0,1,2026-03-25,3.42,2026-03-26,2026-03-27,2350.0,2390.0,1000000,425.53,NEXT_DAY,1.7,17021.0,1017021.0
GOLD,HRTA.JK,1,1.0,1,2026-04-17,1.51,2026-04-20,2026-04-21,2880.0,2970.0,1000000,347.22,NEXT_DAY,3.12,31250.0,1031250.0
GOLD,HRTA.JK,1,1.0,1,2026-05-28,1.16,2026-05-29,2026-06-02,2490.0,2460.0,1000000,401.61,NEXT_DAY,-1.2,-12048.0,987952.0
GOLD,HRTA.JK,1,1.0,1,2026-06-25,1.01,2026-06-26,2026-06-29,1785.0,1760.0,1000000,560.22,NEXT_DAY,-1.4,-14006.0,985994.0
GOLD,MDKA.JK,1,1.0,1,2026-01-05,2.84,2026-01-06,2026-01-07,2700.0,2720.0,1000000,370.37,NEXT_DAY,0.74,7407.0,1007407.0
GOLD,MDKA.JK,1,1.0,1,2026-01-26,2.08,2026-01-27,2026-01-28,3210.0,3240.0,1000000,311.53,NEXT_DAY,0.93,9346.0,1009346.0
GOLD,MDKA.JK,1,1.0,1,2026-02-18,2.12,2026-02-19,2026-02-20,3530.0,3590.0,1000000,283.29,NEXT_DAY,1.7,16997.0,1016997.0
GOLD,MDKA.JK,1,1.0,1,2026-03-25,3.42,2026-03-26,2026-03-27,3240.0,3230.0,1000000,308.64,NEXT_DAY,-0.31,-3086.0,996914.0
GOLD,MDKA.JK,1,1.0,1,2026-04-17,1.51,2026-04-20,2026-04-21,3350.0,3370.0,1000000,298.51,NEXT_DAY,0.6,5970.0,1005970.0
GOLD,MDKA.JK,1,1.0,1,2026-05-28,1.16,2026-05-29,2026-06-02,2590.0,2640.0,1000000,386.1,NEXT_DAY,1.93,19305.0,1019305.0
GOLD,MDKA.JK,1,1.0,1,2026-06-25,1.01,2026-06-26,2026-06-29,2690.0,2630.0,1000000,371.75,NEXT_DAY,-2.23,-22305.0,977695.0
GOLD,ANTM.JK,1,1.0,1,2026-01-05,2.84,2026-01-06,2026-01-07,3450.0,3850.0,1000000,289.86,NEXT_DAY,11.59,115942.0,1115942.0
GOLD,ANTM.JK,1,1.0,1,2026-01-26,2.08,2026-01-27,2026-01-28,4610.0,4420.0,1000000,216.92,NEXT_DAY,-4.12,-41215.0,958785.0
GOLD,ANTM.JK,1,1.0,1,2026-02-18,2.12,2026-02-19,2026-02-20,4230.0,4220.0,1000000,236.41,NEXT_DAY,-0.24,-2364.0,997636.0
GOLD,ANTM.JK,1,1.0,1,2026-03-25,3.42,2026-03-26,2026-03-27,3430.0,3500.0,1000000,291.55,NEXT_DAY,2.04,20408.0,1020408.0
GOLD,ANTM.JK,1,1.0,1,2026-04-17,1.51,2026-04-20,2026-04-21,4010.0,4030.0,1000000,249.38,NEXT_DAY,0.5,4988.0,1004988.0
GOLD,ANTM.JK,1,1.0,1,2026-05-28,1.16,2026-05-29,2026-06-02,2900.0,2960.0,1000000,344.83,NEXT_DAY,2.07,20690.0,1020690.0
GOLD,ANTM.JK,1,1.0,1,2026-06-25,1.01,2026-06-26,2026-06-29,2710.0,2720.0,1000000,369.0,NEXT_DAY,0.37,3690.0,1003690.0
GOLD,BRMS.JK,1,1.0,1,2026-01-05,2.84,2026-01-06,2026-01-07,1285.0,1230.0,1000000,778.21,NEXT_DAY,-4.28,-42802.0,957198.0
GOLD,BRMS.JK,1,1.0,1,2026-01-26,2.08,2026-01-27,2026-01-28,1295.0,1105.0,1000000,772.2,NEXT_DAY,-14.67,-146718.0,853282.0
GOLD,BRMS.JK,1,1.0,1,2026-02-18,2.12,2026-02-19,2026-02-20,1055.0,1060.0,1000000,947.87,NEXT_DAY,0.47,4739.0,1004739.0
GOLD,BRMS.JK,1,1.0,1,2026-03-25,3.42,2026-03-26,2026-03-27,710.0,710.0,1000000,1408.45,NEXT_DAY,0.0,0.0,1000000.0
GOLD,BRMS.JK,1,1.0,1,2026-04-17,1.51,2026-04-20,2026-04-21,905.0,900.0,1000000,1104.97,NEXT_DAY,-0.55,-5525.0,994475.0
GOLD,BRMS.JK,1,1.0,1,2026-05-28,1.16,2026-05-29,2026-06-02,595.0,580.0,1000000,1680.67,NEXT_DAY,-2.52,-25210.0,974790.0
GOLD,BRMS.JK,1,1.0,1,2026-06-25,1.01,2026-06-26,2026-06-29,498.0,500.0,1000000,2008.03,NEXT_DAY,0.4,4016.0,1004016.0
GOLD,PSAB.JK,1,1.0,1,2026-01-05,2.84,2026-01-06,2026-01-07,600.0,610.0,1000000,1666.67,NEXT_DAY,1.67,16667.0,1016667.0
GOLD,PSAB.JK,1,1.0,1,2026-01-26,2.08,2026-01-27,2026-01-28,625.0,600.0,1000000,1600.0,NEXT_DAY,-4.0,-40000.0,960000.0
GOLD,PSAB.JK,1,1.0,1,2026-02-18,2.12,2026-02-19,2026-02-20,560.0,565.0,1000000,1785.71,NEXT_DAY,0.89,8929.0,1008929.0
GOLD,PSAB.JK,1,1.0,1,2026-03-25,3.42,2026-03-26,2026-03-27,480.0,476.0,1000000,2083.33,NEXT_DAY,-0.83,-8333.0,991667.0
GOLD,PSAB.JK,1,1.0,1,2026-04-17,1.51,2026-04-20,2026-04-21,555.0,575.0,1000000,1801.8,NEXT_DAY,3.6,36036.0,1036036.0
GOLD,PSAB.JK,1,1.0,1,2026-05-28,1.16,2026-05-29,2026-06-02,476.0,545.0,1000000,2100.84,NEXT_DAY,14.5,144958.0,1144958.0
GOLD,PSAB.JK,1,1.0,1,2026-06-25,1.01,2026-06-26,2026-06-29,408.0,410.0,1000000,2450.98,NEXT_DAY,0.49,4902.0,1004902.0
GOLD,HRTA.JK,1,1.0,2,2026-01-05,2.84,2026-01-06,2026-01-08,2250.0,2220.0,1000000,444.44,NEXT_DAY,-1.33,-13333.0,986667.0
GOLD,HRTA.JK,1,1.0,2,2026-01-26,2.08,2026-01-27,2026-01-29,2410.0,2330.0,1000000,414.94,NEXT_DAY,-3.32,-33195.0,966805.0
GOLD,HRTA.JK,1,1.0,2,2026-02-18,2.12,2026-02-19,2026-02-23,2700.0,2850.0,1000000,370.37,NEXT_DAY,5.56,55556.0,1055556.0
GOLD,HRTA.JK,1,1.0,2,2026-03-25,3.42,2026-03-26,2026-03-30,2350.0,2200.0,1000000,425.53,NEXT_DAY,-6.38,-63830.0,936170.0
GOLD,HRTA.JK,1,1.0,2,2026-04-17,1.51,2026-04-20,2026-04-22,2880.0,3040.0,1000000,347.22,NEXT_DAY,5.56,55556.0,1055556.0
GOLD,HRTA.JK,1,1.0,2,2026-05-28,1.16,2026-05-29,2026-06-03,2490.0,2300.0,1000000,401.61,NEXT_DAY,-7.63,-76305.0,923695.0
GOLD,HRTA.JK,1,1.0,2,2026-06-25,1.01,2026-06-26,2026-06-30,1785.0,1685.0,1000000,560.22,NEXT_DAY,-5.6,-56022.0,943978.0
GOLD,MDKA.JK,1,1.0,2,2026-01-05,2.84,2026-01-06,2026-01-08,2700.0,2560.0,1000000,370.37,NEXT_DAY,-5.19,-51852.0,948148.0
GOLD,MDKA.JK,1,1.0,2,2026-01-26,2.08,2026-01-27,2026-01-29,3210.0,3170.0,1000000,311.53,NEXT_DAY,-1.25,-12461.0,987539.0
GOLD,MDKA.JK,1,1.0,2,2026-02-18,2.12,2026-02-19,2026-02-23,3530.0,3740.0,1000000,283.29,NEXT_DAY,5.95,59490.0,1059490.0
GOLD,MDKA.JK,1,1.0,2,2026-03-25,3.42,2026-03-26,2026-03-30,3240.0,3100.0,1000000,308.64,NEXT_DAY,-4.32,-43210.0,956790.0
GOLD,MDKA.JK,1,1.0,2,2026-04-17,1.51,2026-04-20,2026-04-22,3350.0,3400.0,1000000,298.51,NEXT_DAY,1.49,14925.0,1014925.0
GOLD,MDKA.JK,1,1.0,2,2026-05-28,1.16,2026-05-29,2026-06-03,2590.0,2320.0,1000000,386.1,NEXT_DAY,-10.42,-104247.0,895753.0
GOLD,MDKA.JK,1,1.0,2,2026-06-25,1.01,2026-06-26,2026-06-30,2690.0,2420.0,1000000,371.75,NEXT_DAY,-10.04,-100372.0,899628.0
GOLD,ANTM.JK,1,1.0,2,2026-01-05,2.84,2026-01-06,2026-01-08,3450.0,3490.0,1000000,289.86,NEXT_DAY,1.16,11594.0,1011594.0
GOLD,ANTM.JK,1,1.0,2,2026-01-26,2.08,2026-01-27,2026-01-29,4610.0,4320.0,1000000,216.92,NEXT_DAY,-6.29,-62907.0,937093.0
GOLD,ANTM.JK,1,1.0,2,2026-02-18,2.12,2026-02-19,2026-02-23,4230.0,4390.0,1000000,236.41,NEXT_DAY,3.78,37825.0,1037825.0
GOLD,ANTM.JK,1,1.0,2,2026-03-25,3.42,2026-03-26,2026-03-30,3430.0,3500.0,1000000,291.55,NEXT_DAY,2.04,20408.0,1020408.0
GOLD,ANTM.JK,1,1.0,2,2026-04-17,1.51,2026-04-20,2026-04-22,4010.0,4100.0,1000000,249.38,NEXT_DAY,2.24,22444.0,1022444.0
GOLD,ANTM.JK,1,1.0,2,2026-05-28,1.16,2026-05-29,2026-06-03,2900.0,2610.0,1000000,344.83,NEXT_DAY,-10.0,-100000.0,900000.0
GOLD,ANTM.JK,1,1.0,2,2026-06-25,1.01,2026-06-26,2026-06-30,2710.0,2590.0,1000000,369.0,NEXT_DAY,-4.43,-44280.0,955720.0
GOLD,BRMS.JK,1,1.0,2,2026-01-05,2.84,2026-01-06,2026-01-08,1285.0,1205.0,1000000,778.21,NEXT_DAY,-6.23,-62257.0,937743.0
GOLD,BRMS.JK,1,1.0,2,2026-01-26,2.08,2026-01-27,2026-01-29,1295.0,1070.0,1000000,772.2,NEXT_DAY,-17.37,-173745.0,826255.0
GOLD,BRMS.JK,1,1.0,2,2026-02-18,2.12,2026-02-19,2026-02-23,1055.0,1060.0,1000000,947.87,NEXT_DAY,0.47,4739.0,1004739.0
GOLD,BRMS.JK,1,1.0,2,2026-03-25,3.42,2026-03-26,2026-03-30,710.0,765.0,1000000,1408.45,NEXT_DAY,7.75,77465.0,1077465.0
GOLD,BRMS.JK,1,1.0,2,2026-04-17,1.51,2026-04-20,2026-04-22,905.0,905.0,1000000,1104.97,NEXT_DAY,0.0,0.0,1000000.0
GOLD,BRMS.JK,1,1.0,2,2026-05-28,1.16,2026-05-29,2026-06-03,595.0,535.0,1000000,1680.67,NEXT_DAY,-10.08,-100840.0,899160.0
GOLD,BRMS.JK,1,1.0,2,2026-06-25,1.01,2026-06-26,2026-06-30,498.0,474.0,1000000,2008.03,NEXT_DAY,-4.82,-48193.0,951807.0
GOLD,PSAB.JK,1,1.0,2,2026-01-05,2.84,2026-01-06,2026-01-08,600.0,580.0,1000000,1666.67,NEXT_DAY,-3.33,-33333.0,966667.0
GOLD,PSAB.JK,1,1.0,2,2026-01-26,2.08,2026-01-27,2026-01-29,625.0,595.0,1000000,1600.0,NEXT_DAY,-4.8,-48000.0,952000.0
GOLD,PSAB.JK,1,1.0,2,2026-02-18,2.12,2026-02-19,2026-02-23,560.0,570.0,1000000,1785.71,NEXT_DAY,1.79,17857.0,1017857.0
GOLD,PSAB.JK,1,1.0,2,2026-03-25,3.42,2026-03-26,2026-03-30,480.0,466.0,1000000,2083.33,NEXT_DAY,-2.92,-29167.0,970833.0
GOLD,PSAB.JK,1,1.0,2,2026-04-17,1.51,2026-04-20,2026-04-22,555.0,575.0,1000000,1801.8,NEXT_DAY,3.6,36036.0,1036036.0
GOLD,PSAB.JK,1,1.0,2,2026-05-28,1.16,2026-05-29,2026-06-03,476.0,505.0,1000000,2100.84,NEXT_DAY,6.09,60924.0,1060924.0
GOLD,PSAB.JK,1,1.0,2,2026-06-25,1.01,2026-06-26,2026-06-30,408.0,386.0,1000000,2450.98,NEXT_DAY,-5.39,-53922.0,946078.0
GOLD,HRTA.JK,1,1.0,3,2026-01-05,2.84,2026-01-06,2026-01-09,2250.0,2380.0,1000000,444.44,NEXT_DAY,5.78,57778.0,1057778.0
GOLD,HRTA.JK,1,1.0,3,2026-01-26,2.08,2026-01-27,2026-01-30,2410.0,2230.0,1000000,414.94,NEXT_DAY,-7.47,-74689.0,925311.0
GOLD,HRTA.JK,1,1.0,3,2026-02-18,2.12,2026-02-19,2026-02-24,2700.0,2830.0,1000000,370.37,NEXT_DAY,4.81,48148.0,1048148.0
GOLD,HRTA.JK,1,1.0,3,2026-03-25,3.42,2026-03-26,2026-03-31,2350.0,2180.0,1000000,425.53,NEXT_DAY,-7.23,-72340.0,927660.0
GOLD,HRTA.JK,1,1.0,3,2026-04-17,1.51,2026-04-20,2026-04-23,2880.0,3010.0,1000000,347.22,NEXT_DAY,4.51,45139.0,1045139.0
GOLD,HRTA.JK,1,1.0,3,2026-05-28,1.16,2026-05-29,2026-06-04,2490.0,2300.0,1000000,401.61,NEXT_DAY,-7.63,-76305.0,923695.0
GOLD,HRTA.JK,1,1.0,3,2026-06-25,1.01,2026-06-26,2026-07-01,1785.0,1665.0,1000000,560.22,NEXT_DAY,-6.72,-67227.0,932773.0
GOLD,MDKA.JK,1,1.0,3,2026-01-05,2.84,2026-01-06,2026-01-09,2700.0,2700.0,1000000,370.37,NEXT_DAY,0.0,0.0,1000000.0
GOLD,MDKA.JK,1,1.0,3,2026-01-26,2.08,2026-01-27,2026-01-30,3210.0,3210.0,1000000,311.53,NEXT_DAY,0.0,0.0,1000000.0
GOLD,MDKA.JK,1,1.0,3,2026-02-18,2.12,2026-02-19,2026-02-24,3530.0,3790.0,1000000,283.29,NEXT_DAY,7.37,73654.0,1073654.0
GOLD,MDKA.JK,1,1.0,3,2026-03-25,3.42,2026-03-26,2026-03-31,3240.0,3140.0,1000000,308.64,NEXT_DAY,-3.09,-30864.0,969136.0
GOLD,MDKA.JK,1,1.0,3,2026-04-17,1.51,2026-04-20,2026-04-23,3350.0,3380.0,1000000,298.51,NEXT_DAY,0.9,8955.0,1008955.0
GOLD,MDKA.JK,1,1.0,3,2026-05-28,1.16,2026-05-29,2026-06-04,2590.0,2490.0,1000000,386.1,NEXT_DAY,-3.86,-38610.0,961390.0
GOLD,MDKA.JK,1,1.0,3,2026-06-25,1.01,2026-06-26,2026-07-01,2690.0,2540.0,1000000,371.75,NEXT_DAY,-5.58,-55762.0,944238.0
GOLD,ANTM.JK,1,1.0,3,2026-01-05,2.84,2026-01-06,2026-01-09,3450.0,3630.0,1000000,289.86,NEXT_DAY,5.22,52174.0,1052174.0
GOLD,ANTM.JK,1,1.0,3,2026-01-26,2.08,2026-01-27,2026-01-30,4610.0,4210.0,1000000,216.92,NEXT_DAY,-8.68,-86768.0,913232.0
GOLD,ANTM.JK,1,1.0,3,2026-02-18,2.12,2026-02-19,2026-02-24,4230.0,4380.0,1000000,236.41,NEXT_DAY,3.55,35461.0,1035461.0
GOLD,ANTM.JK,1,1.0,3,2026-03-25,3.42,2026-03-26,2026-03-31,3430.0,3500.0,1000000,291.55,NEXT_DAY,2.04,20408.0,1020408.0
GOLD,ANTM.JK,1,1.0,3,2026-04-17,1.51,2026-04-20,2026-04-23,4010.0,4020.0,1000000,249.38,NEXT_DAY,0.25,2494.0,1002494.0
GOLD,ANTM.JK,1,1.0,3,2026-05-28,1.16,2026-05-29,2026-06-04,2900.0,2760.0,1000000,344.83,NEXT_DAY,-4.83,-48276.0,951724.0
GOLD,ANTM.JK,1,1.0,3,2026-06-25,1.01,2026-06-26,2026-07-01,2710.0,2610.0,1000000,369.0,NEXT_DAY,-3.69,-36900.0,963100.0
GOLD,BRMS.JK,1,1.0,3,2026-01-05,2.84,2026-01-06,2026-01-09,1285.0,1230.0,1000000,778.21,NEXT_DAY,-4.28,-42802.0,957198.0
GOLD,BRMS.JK,1,1.0,3,2026-01-26,2.08,2026-01-27,2026-01-30,1295.0,1080.0,1000000,772.2,NEXT_DAY,-16.6,-166023.0,833977.0
GOLD,BRMS.JK,1,1.0,3,2026-02-18,2.12,2026-02-19,2026-02-24,1055.0,1010.0,1000000,947.87,NEXT_DAY,-4.27,-42654.0,957346.0
GOLD,BRMS.JK,1,1.0,3,2026-03-25,3.42,2026-03-26,2026-03-31,710.0,730.0,1000000,1408.45,NEXT_DAY,2.82,28169.0,1028169.0
GOLD,BRMS.JK,1,1.0,3,2026-04-17,1.51,2026-04-20,2026-04-23,905.0,865.0,1000000,1104.97,NEXT_DAY,-4.42,-44199.0,955801.0
GOLD,BRMS.JK,1,1.0,3,2026-05-28,1.16,2026-05-29,2026-06-04,595.0,520.0,1000000,1680.67,NEXT_DAY,-12.61,-126050.0,873950.0
GOLD,BRMS.JK,1,1.0,3,2026-06-25,1.01,2026-06-26,2026-07-01,498.0,476.0,1000000,2008.03,NEXT_DAY,-4.42,-44177.0,955823.0
GOLD,PSAB.JK,1,1.0,3,2026-01-05,2.84,2026-01-06,2026-01-09,600.0,600.0,1000000,1666.67,NEXT_DAY,0.0,0.0,1000000.0
GOLD,PSAB.JK,1,1.0,3,2026-01-26,2.08,2026-01-27,2026-01-30,625.0,550.0,1000000,1600.0,NEXT_DAY,-12.0,-120000.0,880000.0
GOLD,PSAB.JK,1,1.0,3,2026-02-18,2.12,2026-02-19,2026-02-24,560.0,555.0,1000000,1785.71,NEXT_DAY,-0.89,-8929.0,991071.0
GOLD,PSAB.JK,1,1.0,3,2026-03-25,3.42,2026-03-26,2026-03-31,480.0,460.0,1000000,2083.33,NEXT_DAY,-4.17,-41667.0,958333.0
GOLD,PSAB.JK,1,1.0,3,2026-04-17,1.51,2026-04-20,2026-04-23,555.0,550.0,1000000,1801.8,NEXT_DAY,-0.9,-9009.0,990991.0
GOLD,PSAB.JK,1,1.0,3,2026-05-28,1.16,2026-05-29,2026-06-04,476.0,470.0,1000000,2100.84,NEXT_DAY,-1.26,-12605.0,987395.0
GOLD,PSAB.JK,1,1.0,3,2026-06-25,1.01,2026-06-26,2026-07-01,408.0,386.0,1000000,2450.98,NEXT_DAY,-5.39,-53922.0,946078.0
GOLD,HRTA.JK,1,1.0,5,2026-01-05,2.84,2026-01-06,2026-01-13,2250.0,2580.0,1000000,444.44,NEXT_DAY,14.67,146667.0,1146667.0
GOLD,HRTA.JK,1,1.0,5,2026-01-26,2.08,2026-01-27,2026-02-03,2410.0,2160.0,1000000,414.94,NEXT_DAY,-10.37,-103734.0,896266.0
GOLD,HRTA.JK,1,1.0,5,2026-02-18,2.12,2026-02-19,2026-02-26,2700.0,3200.0,1000000,370.37,NEXT_DAY,18.52,185185.0,1185185.0
GOLD,HRTA.JK,1,1.0,5,2026-03-25,3.42,2026-03-26,2026-04-02,2350.0,2340.0,1000000,425.53,NEXT_DAY,-0.43,-4255.0,995745.0
GOLD,HRTA.JK,1,1.0,5,2026-04-17,1.51,2026-04-20,2026-04-27,2880.0,2900.0,1000000,347.22,NEXT_DAY,0.69,6944.0,1006944.0
GOLD,HRTA.JK,1,1.0,5,2026-05-28,1.16,2026-05-29,2026-06-08,2490.0,1935.0,1000000,401.61,NEXT_DAY,-22.29,-222892.0,777108.0
GOLD,HRTA.JK,1,1.0,5,2026-06-25,1.01,2026-06-26,2026-07-03,1785.0,1815.0,1000000,560.22,NEXT_DAY,1.68,16807.0,1016807.0
GOLD,MDKA.JK,1,1.0,5,2026-01-05,2.84,2026-01-06,2026-01-13,2700.0,3120.0,1000000,370.37,NEXT_DAY,15.56,155556.0,1155556.0
GOLD,MDKA.JK,1,1.0,5,2026-01-26,2.08,2026-01-27,2026-02-03,3210.0,2950.0,1000000,311.53,NEXT_DAY,-8.1,-80997.0,919003.0
GOLD,MDKA.JK,1,1.0,5,2026-02-18,2.12,2026-02-19,2026-02-26,3530.0,3640.0,1000000,283.29,NEXT_DAY,3.12,31161.0,1031161.0
GOLD,MDKA.JK,1,1.0,5,2026-03-25,3.42,2026-03-26,2026-04-02,3240.0,3260.0,1000000,308.64,NEXT_DAY,0.62,6173.0,1006173.0
GOLD,MDKA.JK,1,1.0,5,2026-04-17,1.51,2026-04-20,2026-04-27,3350.0,3470.0,1000000,298.51,NEXT_DAY,3.58,35821.0,1035821.0
GOLD,MDKA.JK,1,1.0,5,2026-05-28,1.16,2026-05-29,2026-06-08,2590.0,2420.0,1000000,386.1,NEXT_DAY,-6.56,-65637.0,934363.0
GOLD,MDKA.JK,1,1.0,5,2026-06-25,1.01,2026-06-26,2026-07-03,2690.0,2700.0,1000000,371.75,NEXT_DAY,0.37,3717.0,1003717.0
GOLD,ANTM.JK,1,1.0,5,2026-01-05,2.84,2026-01-06,2026-01-13,3450.0,3880.0,1000000,289.86,NEXT_DAY,12.46,124638.0,1124638.0
GOLD,ANTM.JK,1,1.0,5,2026-01-26,2.08,2026-01-27,2026-02-03,4610.0,3930.0,1000000,216.92,NEXT_DAY,-14.75,-147505.0,852495.0
GOLD,ANTM.JK,1,1.0,5,2026-02-18,2.12,2026-02-19,2026-02-26,4230.0,4330.0,1000000,236.41,NEXT_DAY,2.36,23641.0,1023641.0
GOLD,ANTM.JK,1,1.0,5,2026-03-25,3.42,2026-03-26,2026-04-02,3430.0,3640.0,1000000,291.55,NEXT_DAY,6.12,61224.0,1061224.0
GOLD,ANTM.JK,1,1.0,5,2026-04-17,1.51,2026-04-20,2026-04-27,4010.0,4120.0,1000000,249.38,NEXT_DAY,2.74,27431.0,1027431.0
GOLD,ANTM.JK,1,1.0,5,2026-05-28,1.16,2026-05-29,2026-06-08,2900.0,2530.0,1000000,344.83,NEXT_DAY,-12.76,-127586.0,872414.0
GOLD,ANTM.JK,1,1.0,5,2026-06-25,1.01,2026-06-26,2026-07-03,2710.0,2930.0,1000000,369.0,NEXT_DAY,8.12,81181.0,1081181.0
GOLD,BRMS.JK,1,1.0,5,2026-01-05,2.84,2026-01-06,2026-01-13,1285.0,1195.0,1000000,778.21,NEXT_DAY,-7.0,-70039.0,929961.0
GOLD,BRMS.JK,1,1.0,5,2026-01-26,2.08,2026-01-27,2026-02-03,1295.0,955.0,1000000,772.2,NEXT_DAY,-26.25,-262548.0,737452.0
GOLD,BRMS.JK,1,1.0,5,2026-02-18,2.12,2026-02-19,2026-02-26,1055.0,960.0,1000000,947.87,NEXT_DAY,-9.0,-90047.0,909953.0
GOLD,BRMS.JK,1,1.0,5,2026-03-25,3.42,2026-03-26,2026-04-02,710.0,735.0,1000000,1408.45,NEXT_DAY,3.52,35211.0,1035211.0
GOLD,BRMS.JK,1,1.0,5,2026-04-17,1.51,2026-04-20,2026-04-27,905.0,820.0,1000000,1104.97,NEXT_DAY,-9.39,-93923.0,906077.0
GOLD,BRMS.JK,1,1.0,5,2026-05-28,1.16,2026-05-29,2026-06-08,595.0,482.0,1000000,1680.67,NEXT_DAY,-18.99,-189916.0,810084.0
GOLD,BRMS.JK,1,1.0,5,2026-06-25,1.01,2026-06-26,2026-07-03,498.0,498.0,1000000,2008.03,NEXT_DAY,0.0,0.0,1000000.0
GOLD,PSAB.JK,1,1.0,5,2026-01-05,2.84,2026-01-06,2026-01-13,600.0,590.0,1000000,1666.67,NEXT_DAY,-1.67,-16667.0,983333.0
GOLD,PSAB.JK,1,1.0,5,2026-01-26,2.08,2026-01-27,2026-02-03,625.0,510.0,1000000,1600.0,NEXT_DAY,-18.4,-184000.0,816000.0
GOLD,PSAB.JK,1,1.0,5,2026-02-18,2.12,2026-02-19,2026-02-26,560.0,540.0,1000000,1785.71,NEXT_DAY,-3.57,-35714.0,964286.0
GOLD,PSAB.JK,1,1.0,5,2026-03-25,3.42,2026-03-26,2026-04-02,480.0,510.0,1000000,2083.33,NEXT_DAY,6.25,62500.0,1062500.0
GOLD,PSAB.JK,1,1.0,5,2026-04-17,1.51,2026-04-20,2026-04-27,555.0,550.0,1000000,1801.8,NEXT_DAY,-0.9,-9009.0,990991.0
GOLD,PSAB.JK,1,1.0,5,2026-05-28,1.16,2026-05-29,2026-06-08,476.0,540.0,1000000,2100.84,NEXT_DAY,13.45,134454.0,1134454.0
GOLD,PSAB.JK,1,1.0,5,2026-06-25,1.01,2026-06-26,2026-07-03,408.0,408.0,1000000,2450.98,NEXT_DAY,0.0,0.0,1000000.0
GOLD,HRTA.JK,1,1.0,10,2026-01-05,2.84,2026-01-06,2026-01-21,2250.0,2550.0,1000000,444.44,NEXT_DAY,13.33,133333.0,1133333.0
GOLD,HRTA.JK,1,1.0,10,2026-01-26,2.08,2026-01-27,2026-02-10,2410.0,2500.0,1000000,414.94,NEXT_DAY,3.73,37344.0,1037344.0
GOLD,HRTA.JK,1,1.0,10,2026-02-18,2.12,2026-02-19,2026-03-05,2700.0,2950.0,1000000,370.37,NEXT_DAY,9.26,92593.0,1092593.0
GOLD,HRTA.JK,1,1.0,10,2026-03-25,3.42,2026-03-26,2026-04-10,2350.0,2530.0,1000000,425.53,NEXT_DAY,7.66,76596.0,1076596.0
GOLD,HRTA.JK,1,1.0,10,2026-04-17,1.51,2026-04-20,2026-05-05,2880.0,2640.0,1000000,347.22,NEXT_DAY,-8.33,-83333.0,916667.0
GOLD,HRTA.JK,1,1.0,10,2026-05-28,1.16,2026-05-29,2026-06-15,2490.0,2170.0,1000000,401.61,NEXT_DAY,-12.85,-128514.0,871486.0
GOLD,MDKA.JK,1,1.0,10,2026-01-05,2.84,2026-01-06,2026-01-21,2700.0,3310.0,1000000,370.37,NEXT_DAY,22.59,225926.0,1225926.0
GOLD,MDKA.JK,1,1.0,10,2026-01-26,2.08,2026-01-27,2026-02-10,3210.0,3090.0,1000000,311.53,NEXT_DAY,-3.74,-37383.0,962617.0
GOLD,MDKA.JK,1,1.0,10,2026-02-18,2.12,2026-02-19,2026-03-05,3530.0,3620.0,1000000,283.29,NEXT_DAY,2.55,25496.0,1025496.0
GOLD,MDKA.JK,1,1.0,10,2026-03-25,3.42,2026-03-26,2026-04-10,3240.0,3220.0,1000000,308.64,NEXT_DAY,-0.62,-6173.0,993827.0
GOLD,MDKA.JK,1,1.0,10,2026-04-17,1.51,2026-04-20,2026-05-05,3350.0,3100.0,1000000,298.51,NEXT_DAY,-7.46,-74627.0,925373.0
GOLD,MDKA.JK,1,1.0,10,2026-05-28,1.16,2026-05-29,2026-06-15,2590.0,2740.0,1000000,386.1,NEXT_DAY,5.79,57915.0,1057915.0
GOLD,ANTM.JK,1,1.0,10,2026-01-05,2.84,2026-01-06,2026-01-21,3450.0,4270.0,1000000,289.86,NEXT_DAY,23.77,237681.0,1237681.0
GOLD,ANTM.JK,1,1.0,10,2026-01-26,2.08,2026-01-27,2026-02-10,4610.0,3890.0,1000000,216.92,NEXT_DAY,-15.62,-156182.0,843818.0
GOLD,ANTM.JK,1,1.0,10,2026-02-18,2.12,2026-02-19,2026-03-05,4230.0,4130.0,1000000,236.41,NEXT_DAY,-2.36,-23641.0,976359.0
GOLD,ANTM.JK,1,1.0,10,2026-03-25,3.42,2026-03-26,2026-04-10,3430.0,3710.0,1000000,291.55,NEXT_DAY,8.16,81633.0,1081633.0
GOLD,ANTM.JK,1,1.0,10,2026-04-17,1.51,2026-04-20,2026-05-05,4010.0,3690.0,1000000,249.38,NEXT_DAY,-7.98,-79800.0,920200.0
GOLD,ANTM.JK,1,1.0,10,2026-05-28,1.16,2026-05-29,2026-06-15,2900.0,3130.0,1000000,344.83,NEXT_DAY,7.93,79310.0,1079310.0
GOLD,BRMS.JK,1,1.0,10,2026-01-05,2.84,2026-01-06,2026-01-21,1285.0,1265.0,1000000,778.21,NEXT_DAY,-1.56,-15564.0,984436.0
GOLD,BRMS.JK,1,1.0,10,2026-01-26,2.08,2026-01-27,2026-02-10,1295.0,1045.0,1000000,772.2,NEXT_DAY,-19.31,-193050.0,806950.0
GOLD,BRMS.JK,1,1.0,10,2026-02-18,2.12,2026-02-19,2026-03-05,1055.0,855.0,1000000,947.87,NEXT_DAY,-18.96,-189573.0,810427.0
GOLD,BRMS.JK,1,1.0,10,2026-03-25,3.42,2026-03-26,2026-04-10,710.0,845.0,1000000,1408.45,NEXT_DAY,19.01,190141.0,1190141.0
GOLD,BRMS.JK,1,1.0,10,2026-04-17,1.51,2026-04-20,2026-05-05,905.0,785.0,1000000,1104.97,NEXT_DAY,-13.26,-132597.0,867403.0
GOLD,BRMS.JK,1,1.0,10,2026-05-28,1.16,2026-05-29,2026-06-15,595.0,660.0,1000000,1680.67,NEXT_DAY,10.92,109244.0,1109244.0
GOLD,PSAB.JK,1,1.0,10,2026-01-05,2.84,2026-01-06,2026-01-21,600.0,650.0,1000000,1666.67,NEXT_DAY,8.33,83333.0,1083333.0
GOLD,PSAB.JK,1,1.0,10,2026-01-26,2.08,2026-01-27,2026-02-10,625.0,515.0,1000000,1600.0,NEXT_DAY,-17.6,-176000.0,824000.0
GOLD,PSAB.JK,1,1.0,10,2026-02-18,2.12,2026-02-19,2026-03-05,560.0,525.0,1000000,1785.71,NEXT_DAY,-6.25,-62500.0,937500.0
GOLD,PSAB.JK,1,1.0,10,2026-03-25,3.42,2026-03-26,2026-04-10,480.0,510.0,1000000,2083.33,NEXT_DAY,6.25,62500.0,1062500.0
GOLD,PSAB.JK,1,1.0,10,2026-04-17,1.51,2026-04-20,2026-05-05,555.0,510.0,1000000,1801.8,NEXT_DAY,-8.11,-81081.0,918919.0
GOLD,PSAB.JK,1,1.0,10,2026-05-28,1.16,2026-05-29,2026-06-15,476.0,468.0,1000000,2100.84,NEXT_DAY,-1.68,-16807.0,983193.0
GOLD,HRTA.JK,1,1.5,1,2026-01-05,2.84,2026-01-06,2026-01-07,2250.0,2220.0,1000000,444.44,NEXT_DAY,-1.33,-13333.0,986667.0
GOLD,HRTA.JK,1,1.5,1,2026-01-26,2.08,2026-01-27,2026-01-28,2410.0,2400.0,1000000,414.94,NEXT_DAY,-0.41,-4149.0,995851.0
GOLD,HRTA.JK,1,1.5,1,2026-02-18,2.12,2026-02-19,2026-02-20,2700.0,2750.0,1000000,370.37,NEXT_DAY,1.85,18519.0,1018519.0
GOLD,HRTA.JK,1,1.5,1,2026-03-25,3.42,2026-03-26,2026-03-27,2350.0,2390.0,1000000,425.53,NEXT_DAY,1.7,17021.0,1017021.0
GOLD,HRTA.JK,1,1.5,1,2026-04-17,1.51,2026-04-20,2026-04-21,2880.0,2970.0,1000000,347.22,NEXT_DAY,3.12,31250.0,1031250.0
GOLD,HRTA.JK,1,1.5,1,2026-06-12,3.05,2026-06-15,2026-06-17,2170.0,2250.0,1000000,460.83,NEXT_DAY,3.69,36866.0,1036866.0
GOLD,MDKA.JK,1,1.5,1,2026-01-05,2.84,2026-01-06,2026-01-07,2700.0,2720.0,1000000,370.37,NEXT_DAY,0.74,7407.0,1007407.0
GOLD,MDKA.JK,1,1.5,1,2026-01-26,2.08,2026-01-27,2026-01-28,3210.0,3240.0,1000000,311.53,NEXT_DAY,0.93,9346.0,1009346.0
GOLD,MDKA.JK,1,1.5,1,2026-02-18,2.12,2026-02-19,2026-02-20,3530.0,3590.0,1000000,283.29,NEXT_DAY,1.7,16997.0,1016997.0
GOLD,MDKA.JK,1,1.5,1,2026-03-25,3.42,2026-03-26,2026-03-27,3240.0,3230.0,1000000,308.64,NEXT_DAY,-0.31,-3086.0,996914.0
GOLD,MDKA.JK,1,1.5,1,2026-04-17,1.51,2026-04-20,2026-04-21,3350.0,3370.0,1000000,298.51,NEXT_DAY,0.6,5970.0,1005970.0
GOLD,MDKA.JK,1,1.5,1,2026-06-12,3.05,2026-06-15,2026-06-17,2740.0,2730.0,1000000,364.96,NEXT_DAY,-0.36,-3650.0,996350.0
GOLD,ANTM.JK,1,1.5,1,2026-01-05,2.84,2026-01-06,2026-01-07,3450.0,3850.0,1000000,289.86,NEXT_DAY,11.59,115942.0,1115942.0
GOLD,ANTM.JK,1,1.5,1,2026-01-26,2.08,2026-01-27,2026-01-28,4610.0,4420.0,1000000,216.92,NEXT_DAY,-4.12,-41215.0,958785.0
GOLD,ANTM.JK,1,1.5,1,2026-02-18,2.12,2026-02-19,2026-02-20,4230.0,4220.0,1000000,236.41,NEXT_DAY,-0.24,-2364.0,997636.0
GOLD,ANTM.JK,1,1.5,1,2026-03-25,3.42,2026-03-26,2026-03-27,3430.0,3500.0,1000000,291.55,NEXT_DAY,2.04,20408.0,1020408.0
GOLD,ANTM.JK,1,1.5,1,2026-04-17,1.51,2026-04-20,2026-04-21,4010.0,4030.0,1000000,249.38,NEXT_DAY,0.5,4988.0,1004988.0
GOLD,ANTM.JK,1,1.5,1,2026-06-12,3.05,2026-06-15,2026-06-17,3130.0,3160.0,1000000,319.49,NEXT_DAY,0.96,9585.0,1009585.0
GOLD,BRMS.JK,1,1.5,1,2026-01-05,2.84,2026-01-06,2026-01-07,1285.0,1230.0,1000000,778.21,NEXT_DAY,-4.28,-42802.0,957198.0
GOLD,BRMS.JK,1,1.5,1,2026-01-26,2.08,2026-01-27,2026-01-28,1295.0,1105.0,1000000,772.2,NEXT_DAY,-14.67,-146718.0,853282.0
GOLD,BRMS.JK,1,1.5,1,2026-02-18,2.12,2026-02-19,2026-02-20,1055.0,1060.0,1000000,947.87,NEXT_DAY,0.47,4739.0,1004739.0
GOLD,BRMS.JK,1,1.5,1,2026-03-25,3.42,2026-03-26,2026-03-27,710.0,710.0,1000000,1408.45,NEXT_DAY,0.0,0.0,1000000.0
GOLD,BRMS.JK,1,1.5,1,2026-04-17,1.51,2026-04-20,2026-04-21,905.0,900.0,1000000,1104.97,NEXT_DAY,-0.55,-5525.0,994475.0
GOLD,BRMS.JK,1,1.5,1,2026-06-12,3.05,2026-06-15,2026-06-17,660.0,665.0,1000000,1515.15,NEXT_DAY,0.76,7576.0,1007576.0
GOLD,PSAB.JK,1,1.5,1,2026-01-05,2.84,2026-01-06,2026-01-07,600.0,610.0,1000000,1666.67,NEXT_DAY,1.67,16667.0,1016667.0
GOLD,PSAB.JK,1,1.5,1,2026-01-26,2.08,2026-01-27,2026-01-28,625.0,600.0,1000000,1600.0,NEXT_DAY,-4.0,-40000.0,960000.0
GOLD,PSAB.JK,1,1.5,1,2026-02-18,2.12,2026-02-19,2026-02-20,560.0,565.0,1000000,1785.71,NEXT_DAY,0.89,8929.0,1008929.0
GOLD,PSAB.JK,1,1.5,1,2026-03-25,3.42,2026-03-26,2026-03-27,480.0,476.0,1000000,2083.33,NEXT_DAY,-0.83,-8333.0,991667.0
GOLD,PSAB.JK,1,1.5,1,2026-04-17,1.51,2026-04-20,2026-04-21,555.0,575.0,1000000,1801.8,NEXT_DAY,3.6,36036.0,1036036.0
GOLD,PSAB.JK,1,1.5,1,2026-06-12,3.05,2026-06-15,2026-06-17,468.0,448.0,1000000,2136.75,NEXT_DAY,-4.27,-42735.0,957265.0
GOLD,HRTA.JK,1,1.5,2,2026-01-05,2.84,2026-01-06,2026-01-08,2250.0,2220.0,1000000,444.44,NEXT_DAY,-1.33,-13333.0,986667.0
GOLD,HRTA.JK,1,1.5,2,2026-01-26,2.08,2026-01-27,2026-01-29,2410.0,2330.0,1000000,414.94,NEXT_DAY,-3.32,-33195.0,966805.0
GOLD,HRTA.JK,1,1.5,2,2026-02-18,2.12,2026-02-19,2026-02-23,2700.0,2850.0,1000000,370.37,NEXT_DAY,5.56,55556.0,1055556.0
GOLD,HRTA.JK,1,1.5,2,2026-03-25,3.42,2026-03-26,2026-03-30,2350.0,2200.0,1000000,425.53,NEXT_DAY,-6.38,-63830.0,936170.0
GOLD,HRTA.JK,1,1.5,2,2026-04-17,1.51,2026-04-20,2026-04-22,2880.0,3040.0,1000000,347.22,NEXT_DAY,5.56,55556.0,1055556.0
GOLD,HRTA.JK,1,1.5,2,2026-06-12,3.05,2026-06-15,2026-06-18,2170.0,2170.0,1000000,460.83,NEXT_DAY,0.0,0.0,1000000.0
GOLD,MDKA.JK,1,1.5,2,2026-01-05,2.84,2026-01-06,2026-01-08,2700.0,2560.0,1000000,370.37,NEXT_DAY,-5.19,-51852.0,948148.0
GOLD,MDKA.JK,1,1.5,2,2026-01-26,2.08,2026-01-27,2026-01-29,3210.0,3170.0,1000000,311.53,NEXT_DAY,-1.25,-12461.0,987539.0
GOLD,MDKA.JK,1,1.5,2,2026-02-18,2.12,2026-02-19,2026-02-23,3530.0,3740.0,1000000,283.29,NEXT_DAY,5.95,59490.0,1059490.0
GOLD,MDKA.JK,1,1.5,2,2026-03-25,3.42,2026-03-26,2026-03-30,3240.0,3100.0,1000000,308.64,NEXT_DAY,-4.32,-43210.0,956790.0
GOLD,MDKA.JK,1,1.5,2,2026-04-17,1.51,2026-04-20,2026-04-22,3350.0,3400.0,1000000,298.51,NEXT_DAY,1.49,14925.0,1014925.0
GOLD,MDKA.JK,1,1.5,2,2026-06-12,3.05,2026-06-15,2026-06-18,2740.0,2860.0,1000000,364.96,NEXT_DAY,4.38,43796.0,1043796.0
GOLD,ANTM.JK,1,1.5,2,2026-01-05,2.84,2026-01-06,2026-01-08,3450.0,3490.0,1000000,289.86,NEXT_DAY,1.16,11594.0,1011594.0
GOLD,ANTM.JK,1,1.5,2,2026-01-26,2.08,2026-01-27,2026-01-29,4610.0,4320.0,1000000,216.92,NEXT_DAY,-6.29,-62907.0,937093.0
GOLD,ANTM.JK,1,1.5,2,2026-02-18,2.12,2026-02-19,2026-02-23,4230.0,4390.0,1000000,236.41,NEXT_DAY,3.78,37825.0,1037825.0
GOLD,ANTM.JK,1,1.5,2,2026-03-25,3.42,2026-03-26,2026-03-30,3430.0,3500.0,1000000,291.55,NEXT_DAY,2.04,20408.0,1020408.0
GOLD,ANTM.JK,1,1.5,2,2026-04-17,1.51,2026-04-20,2026-04-22,4010.0,4100.0,1000000,249.38,NEXT_DAY,2.24,22444.0,1022444.0
GOLD,ANTM.JK,1,1.5,2,2026-06-12,3.05,2026-06-15,2026-06-18,3130.0,3170.0,1000000,319.49,NEXT_DAY,1.28,12780.0,1012780.0
GOLD,BRMS.JK,1,1.5,2,2026-01-05,2.84,2026-01-06,2026-01-08,1285.0,1205.0,1000000,778.21,NEXT_DAY,-6.23,-62257.0,937743.0
GOLD,BRMS.JK,1,1.5,2,2026-01-26,2.08,2026-01-27,2026-01-29,1295.0,1070.0,1000000,772.2,NEXT_DAY,-17.37,-173745.0,826255.0
GOLD,BRMS.JK,1,1.5,2,2026-02-18,2.12,2026-02-19,2026-02-23,1055.0,1060.0,1000000,947.87,NEXT_DAY,0.47,4739.0,1004739.0
GOLD,BRMS.JK,1,1.5,2,2026-03-25,3.42,2026-03-26,2026-03-30,710.0,765.0,1000000,1408.45,NEXT_DAY,7.75,77465.0,1077465.0
GOLD,BRMS.JK,1,1.5,2,2026-04-17,1.51,2026-04-20,2026-04-22,905.0,905.0,1000000,1104.97,NEXT_DAY,0.0,0.0,1000000.0
GOLD,BRMS.JK,1,1.5,2,2026-06-12,3.05,2026-06-15,2026-06-18,660.0,670.0,1000000,1515.15,NEXT_DAY,1.52,15152.0,1015152.0
GOLD,PSAB.JK,1,1.5,2,2026-01-05,2.84,2026-01-06,2026-01-08,600.0,580.0,1000000,1666.67,NEXT_DAY,-3.33,-33333.0,966667.0
GOLD,PSAB.JK,1,1.5,2,2026-01-26,2.08,2026-01-27,2026-01-29,625.0,595.0,1000000,1600.0,NEXT_DAY,-4.8,-48000.0,952000.0
GOLD,PSAB.JK,1,1.5,2,2026-02-18,2.12,2026-02-19,2026-02-23,560.0,570.0,1000000,1785.71,NEXT_DAY,1.79,17857.0,1017857.0
GOLD,PSAB.JK,1,1.5,2,2026-03-25,3.42,2026-03-26,2026-03-30,480.0,466.0,1000000,2083.33,NEXT_DAY,-2.92,-29167.0,970833.0
GOLD,PSAB.JK,1,1.5,2,2026-04-17,1.51,2026-04-20,2026-04-22,555.0,575.0,1000000,1801.8,NEXT_DAY,3.6,36036.0,1036036.0
GOLD,PSAB.JK,1,1.5,2,2026-06-12,3.05,2026-06-15,2026-06-18,468.0,448.0,1000000,2136.75,NEXT_DAY,-4.27,-42735.0,957265.0
GOLD,HRTA.JK,1,1.5,3,2026-01-05,2.84,2026-01-06,2026-01-09,2250.0,2380.0,1000000,444.44,NEXT_DAY,5.78,57778.0,1057778.0
GOLD,HRTA.JK,1,1.5,3,2026-01-26,2.08,2026-01-27,2026-01-30,2410.0,2230.0,1000000,414.94,NEXT_DAY,-7.47,-74689.0,925311.0
GOLD,HRTA.JK,1,1.5,3,2026-02-18,2.12,2026-02-19,2026-02-24,2700.0,2830.0,1000000,370.37,NEXT_DAY,4.81,48148.0,1048148.0
GOLD,HRTA.JK,1,1.5,3,2026-03-25,3.42,2026-03-26,2026-03-31,2350.0,2180.0,1000000,425.53,NEXT_DAY,-7.23,-72340.0,927660.0
GOLD,HRTA.JK,1,1.5,3,2026-04-17,1.51,2026-04-20,2026-04-23,2880.0,3010.0,1000000,347.22,NEXT_DAY,4.51,45139.0,1045139.0
GOLD,HRTA.JK,1,1.5,3,2026-06-12,3.05,2026-06-15,2026-06-19,2170.0,2120.0,1000000,460.83,NEXT_DAY,-2.3,-23041.0,976959.0
GOLD,MDKA.JK,1,1.5,3,2026-01-05,2.84,2026-01-06,2026-01-09,2700.0,2700.0,1000000,370.37,NEXT_DAY,0.0,0.0,1000000.0
GOLD,MDKA.JK,1,1.5,3,2026-01-26,2.08,2026-01-27,2026-01-30,3210.0,3210.0,1000000,311.53,NEXT_DAY,0.0,0.0,1000000.0
GOLD,MDKA.JK,1,1.5,3,2026-02-18,2.12,2026-02-19,2026-02-24,3530.0,3790.0,1000000,283.29,NEXT_DAY,7.37,73654.0,1073654.0
GOLD,MDKA.JK,1,1.5,3,2026-03-25,3.42,2026-03-26,2026-03-31,3240.0,3140.0,1000000,308.64,NEXT_DAY,-3.09,-30864.0,969136.0
GOLD,MDKA.JK,1,1.5,3,2026-04-17,1.51,2026-04-20,2026-04-23,3350.0,3380.0,1000000,298.51,NEXT_DAY,0.9,8955.0,1008955.0
GOLD,MDKA.JK,1,1.5,3,2026-06-12,3.05,2026-06-15,2026-06-19,2740.0,2930.0,1000000,364.96,NEXT_DAY,6.93,69343.0,1069343.0
GOLD,ANTM.JK,1,1.5,3,2026-01-05,2.84,2026-01-06,2026-01-09,3450.0,3630.0,1000000,289.86,NEXT_DAY,5.22,52174.0,1052174.0
GOLD,ANTM.JK,1,1.5,3,2026-01-26,2.08,2026-01-27,2026-01-30,4610.0,4210.0,1000000,216.92,NEXT_DAY,-8.68,-86768.0,913232.0
GOLD,ANTM.JK,1,1.5,3,2026-02-18,2.12,2026-02-19,2026-02-24,4230.0,4380.0,1000000,236.41,NEXT_DAY,3.55,35461.0,1035461.0
GOLD,ANTM.JK,1,1.5,3,2026-03-25,3.42,2026-03-26,2026-03-31,3430.0,3500.0,1000000,291.55,NEXT_DAY,2.04,20408.0,1020408.0
GOLD,ANTM.JK,1,1.5,3,2026-04-17,1.51,2026-04-20,2026-04-23,4010.0,4020.0,1000000,249.38,NEXT_DAY,0.25,2494.0,1002494.0
GOLD,ANTM.JK,1,1.5,3,2026-06-12,3.05,2026-06-15,2026-06-19,3130.0,3080.0,1000000,319.49,NEXT_DAY,-1.6,-15974.0,984026.0
GOLD,BRMS.JK,1,1.5,3,2026-01-05,2.84,2026-01-06,2026-01-09,1285.0,1230.0,1000000,778.21,NEXT_DAY,-4.28,-42802.0,957198.0
GOLD,BRMS.JK,1,1.5,3,2026-01-26,2.08,2026-01-27,2026-01-30,1295.0,1080.0,1000000,772.2,NEXT_DAY,-16.6,-166023.0,833977.0
GOLD,BRMS.JK,1,1.5,3,2026-02-18,2.12,2026-02-19,2026-02-24,1055.0,1010.0,1000000,947.87,NEXT_DAY,-4.27,-42654.0,957346.0
GOLD,BRMS.JK,1,1.5,3,2026-03-25,3.42,2026-03-26,2026-03-31,710.0,730.0,1000000,1408.45,NEXT_DAY,2.82,28169.0,1028169.0
GOLD,BRMS.JK,1,1.5,3,2026-04-17,1.51,2026-04-20,2026-04-23,905.0,865.0,1000000,1104.97,NEXT_DAY,-4.42,-44199.0,955801.0
GOLD,BRMS.JK,1,1.5,3,2026-06-12,3.05,2026-06-15,2026-06-19,660.0,660.0,1000000,1515.15,NEXT_DAY,0.0,0.0,1000000.0
GOLD,PSAB.JK,1,1.5,3,2026-01-05,2.84,2026-01-06,2026-01-09,600.0,600.0,1000000,1666.67,NEXT_DAY,0.0,0.0,1000000.0
GOLD,PSAB.JK,1,1.5,3,2026-01-26,2.08,2026-01-27,2026-01-30,625.0,550.0,1000000,1600.0,NEXT_DAY,-12.0,-120000.0,880000.0
GOLD,PSAB.JK,1,1.5,3,2026-02-18,2.12,2026-02-19,2026-02-24,560.0,555.0,1000000,1785.71,NEXT_DAY,-0.89,-8929.0,991071.0
GOLD,PSAB.JK,1,1.5,3,2026-03-25,3.42,2026-03-26,2026-03-31,480.0,460.0,1000000,2083.33,NEXT_DAY,-4.17,-41667.0,958333.0
GOLD,PSAB.JK,1,1.5,3,2026-04-17,1.51,2026-04-20,2026-04-23,555.0,550.0,1000000,1801.8,NEXT_DAY,-0.9,-9009.0,990991.0
GOLD,PSAB.JK,1,1.5,3,2026-06-12,3.05,2026-06-15,2026-06-19,468.0,440.0,1000000,2136.75,NEXT_DAY,-5.98,-59829.0,940171.0
GOLD,HRTA.JK,1,1.5,5,2026-01-05,2.84,2026-01-06,2026-01-13,2250.0,2580.0,1000000,444.44,NEXT_DAY,14.67,146667.0,1146667.0
GOLD,HRTA.JK,1,1.5,5,2026-01-26,2.08,2026-01-27,2026-02-03,2410.0,2160.0,1000000,414.94,NEXT_DAY,-10.37,-103734.0,896266.0
GOLD,HRTA.JK,1,1.5,5,2026-02-18,2.12,2026-02-19,2026-02-26,2700.0,3200.0,1000000,370.37,NEXT_DAY,18.52,185185.0,1185185.0
GOLD,HRTA.JK,1,1.5,5,2026-03-25,3.42,2026-03-26,2026-04-02,2350.0,2340.0,1000000,425.53,NEXT_DAY,-0.43,-4255.0,995745.0
GOLD,HRTA.JK,1,1.5,5,2026-04-17,1.51,2026-04-20,2026-04-27,2880.0,2900.0,1000000,347.22,NEXT_DAY,0.69,6944.0,1006944.0
GOLD,HRTA.JK,1,1.5,5,2026-06-12,3.05,2026-06-15,2026-06-23,2170.0,2050.0,1000000,460.83,NEXT_DAY,-5.53,-55300.0,944700.0
GOLD,MDKA.JK,1,1.5,5,2026-01-05,2.84,2026-01-06,2026-01-13,2700.0,3120.0,1000000,370.37,NEXT_DAY,15.56,155556.0,1155556.0
GOLD,MDKA.JK,1,1.5,5,2026-01-26,2.08,2026-01-27,2026-02-03,3210.0,2950.0,1000000,311.53,NEXT_DAY,-8.1,-80997.0,919003.0
GOLD,MDKA.JK,1,1.5,5,2026-02-18,2.12,2026-02-19,2026-02-26,3530.0,3640.0,1000000,283.29,NEXT_DAY,3.12,31161.0,1031161.0
GOLD,MDKA.JK,1,1.5,5,2026-03-25,3.42,2026-03-26,2026-04-02,3240.0,3260.0,1000000,308.64,NEXT_DAY,0.62,6173.0,1006173.0
GOLD,MDKA.JK,1,1.5,5,2026-04-17,1.51,2026-04-20,2026-04-27,3350.0,3470.0,1000000,298.51,NEXT_DAY,3.58,35821.0,1035821.0
GOLD,MDKA.JK,1,1.5,5,2026-06-12,3.05,2026-06-15,2026-06-23,2740.0,2840.0,1000000,364.96,NEXT_DAY,3.65,36496.0,1036496.0
GOLD,ANTM.JK,1,1.5,5,2026-01-05,2.84,2026-01-06,2026-01-13,3450.0,3880.0,1000000,289.86,NEXT_DAY,12.46,124638.0,1124638.0
GOLD,ANTM.JK,1,1.5,5,2026-01-26,2.08,2026-01-27,2026-02-03,4610.0,3930.0,1000000,216.92,NEXT_DAY,-14.75,-147505.0,852495.0
GOLD,ANTM.JK,1,1.5,5,2026-02-18,2.12,2026-02-19,2026-02-26,4230.0,4330.0,1000000,236.41,NEXT_DAY,2.36,23641.0,1023641.0
GOLD,ANTM.JK,1,1.5,5,2026-03-25,3.42,2026-03-26,2026-04-02,3430.0,3640.0,1000000,291.55,NEXT_DAY,6.12,61224.0,1061224.0
GOLD,ANTM.JK,1,1.5,5,2026-04-17,1.51,2026-04-20,2026-04-27,4010.0,4120.0,1000000,249.38,NEXT_DAY,2.74,27431.0,1027431.0
GOLD,ANTM.JK,1,1.5,5,2026-06-12,3.05,2026-06-15,2026-06-23,3130.0,2870.0,1000000,319.49,NEXT_DAY,-8.31,-83067.0,916933.0
GOLD,BRMS.JK,1,1.5,5,2026-01-05,2.84,2026-01-06,2026-01-13,1285.0,1195.0,1000000,778.21,NEXT_DAY,-7.0,-70039.0,929961.0
GOLD,BRMS.JK,1,1.5,5,2026-01-26,2.08,2026-01-27,2026-02-03,1295.0,955.0,1000000,772.2,NEXT_DAY,-26.25,-262548.0,737452.0
GOLD,BRMS.JK,1,1.5,5,2026-02-18,2.12,2026-02-19,2026-02-26,1055.0,960.0,1000000,947.87,NEXT_DAY,-9.0,-90047.0,909953.0
GOLD,BRMS.JK,1,1.5,5,2026-03-25,3.42,2026-03-26,2026-04-02,710.0,735.0,1000000,1408.45,NEXT_DAY,3.52,35211.0,1035211.0
GOLD,BRMS.JK,1,1.5,5,2026-04-17,1.51,2026-04-20,2026-04-27,905.0,820.0,1000000,1104.97,NEXT_DAY,-9.39,-93923.0,906077.0
GOLD,BRMS.JK,1,1.5,5,2026-06-12,3.05,2026-06-15,2026-06-23,660.0,640.0,1000000,1515.15,NEXT_DAY,-3.03,-30303.0,969697.0
GOLD,PSAB.JK,1,1.5,5,2026-01-05,2.84,2026-01-06,2026-01-13,600.0,590.0,1000000,1666.67,NEXT_DAY,-1.67,-16667.0,983333.0
GOLD,PSAB.JK,1,1.5,5,2026-01-26,2.08,2026-01-27,2026-02-03,625.0,510.0,1000000,1600.0,NEXT_DAY,-18.4,-184000.0,816000.0
GOLD,PSAB.JK,1,1.5,5,2026-02-18,2.12,2026-02-19,2026-02-26,560.0,540.0,1000000,1785.71,NEXT_DAY,-3.57,-35714.0,964286.0
GOLD,PSAB.JK,1,1.5,5,2026-03-25,3.42,2026-03-26,2026-04-02,480.0,510.0,1000000,2083.33,NEXT_DAY,6.25,62500.0,1062500.0
GOLD,PSAB.JK,1,1.5,5,2026-04-17,1.51,2026-04-20,2026-04-27,555.0,550.0,1000000,1801.8,NEXT_DAY,-0.9,-9009.0,990991.0
GOLD,PSAB.JK,1,1.5,5,2026-06-12,3.05,2026-06-15,2026-06-23,468.0,422.0,1000000,2136.75,NEXT_DAY,-9.83,-98291.0,901709.0
GOLD,HRTA.JK,1,1.5,10,2026-01-05,2.84,2026-01-06,2026-01-21,2250.0,2550.0,1000000,444.44,NEXT_DAY,13.33,133333.0,1133333.0
GOLD,HRTA.JK,1,1.5,10,2026-01-26,2.08,2026-01-27,2026-02-10,2410.0,2500.0,1000000,414.94,NEXT_DAY,3.73,37344.0,1037344.0
GOLD,HRTA.JK,1,1.5,10,2026-02-18,2.12,2026-02-19,2026-03-05,2700.0,2950.0,1000000,370.37,NEXT_DAY,9.26,92593.0,1092593.0
GOLD,HRTA.JK,1,1.5,10,2026-03-25,3.42,2026-03-26,2026-04-10,2350.0,2530.0,1000000,425.53,NEXT_DAY,7.66,76596.0,1076596.0
GOLD,HRTA.JK,1,1.5,10,2026-04-17,1.51,2026-04-20,2026-05-05,2880.0,2640.0,1000000,347.22,NEXT_DAY,-8.33,-83333.0,916667.0
GOLD,HRTA.JK,1,1.5,10,2026-06-12,3.05,2026-06-15,2026-06-30,2170.0,1685.0,1000000,460.83,NEXT_DAY,-22.35,-223502.0,776498.0
GOLD,MDKA.JK,1,1.5,10,2026-01-05,2.84,2026-01-06,2026-01-21,2700.0,3310.0,1000000,370.37,NEXT_DAY,22.59,225926.0,1225926.0
GOLD,MDKA.JK,1,1.5,10,2026-01-26,2.08,2026-01-27,2026-02-10,3210.0,3090.0,1000000,311.53,NEXT_DAY,-3.74,-37383.0,962617.0
GOLD,MDKA.JK,1,1.5,10,2026-02-18,2.12,2026-02-19,2026-03-05,3530.0,3620.0,1000000,283.29,NEXT_DAY,2.55,25496.0,1025496.0
GOLD,MDKA.JK,1,1.5,10,2026-03-25,3.42,2026-03-26,2026-04-10,3240.0,3220.0,1000000,308.64,NEXT_DAY,-0.62,-6173.0,993827.0
GOLD,MDKA.JK,1,1.5,10,2026-04-17,1.51,2026-04-20,2026-05-05,3350.0,3100.0,1000000,298.51,NEXT_DAY,-7.46,-74627.0,925373.0
GOLD,MDKA.JK,1,1.5,10,2026-06-12,3.05,2026-06-15,2026-06-30,2740.0,2420.0,1000000,364.96,NEXT_DAY,-11.68,-116788.0,883212.0
GOLD,ANTM.JK,1,1.5,10,2026-01-05,2.84,2026-01-06,2026-01-21,3450.0,4270.0,1000000,289.86,NEXT_DAY,23.77,237681.0,1237681.0
GOLD,ANTM.JK,1,1.5,10,2026-01-26,2.08,2026-01-27,2026-02-10,4610.0,3890.0,1000000,216.92,NEXT_DAY,-15.62,-156182.0,843818.0
GOLD,ANTM.JK,1,1.5,10,2026-02-18,2.12,2026-02-19,2026-03-05,4230.0,4130.0,1000000,236.41,NEXT_DAY,-2.36,-23641.0,976359.0
GOLD,ANTM.JK,1,1.5,10,2026-03-25,3.42,2026-03-26,2026-04-10,3430.0,3710.0,1000000,291.55,NEXT_DAY,8.16,81633.0,1081633.0
GOLD,ANTM.JK,1,1.5,10,2026-04-17,1.51,2026-04-20,2026-05-05,4010.0,3690.0,1000000,249.38,NEXT_DAY,-7.98,-79800.0,920200.0
GOLD,ANTM.JK,1,1.5,10,2026-06-12,3.05,2026-06-15,2026-06-30,3130.0,2590.0,1000000,319.49,NEXT_DAY,-17.25,-172524.0,827476.0
GOLD,BRMS.JK,1,1.5,10,2026-01-05,2.84,2026-01-06,2026-01-21,1285.0,1265.0,1000000,778.21,NEXT_DAY,-1.56,-15564.0,984436.0
GOLD,BRMS.JK,1,1.5,10,2026-01-26,2.08,2026-01-27,2026-02-10,1295.0,1045.0,1000000,772.2,NEXT_DAY,-19.31,-193050.0,806950.0
GOLD,BRMS.JK,1,1.5,10,2026-02-18,2.12,2026-02-19,2026-03-05,1055.0,855.0,1000000,947.87,NEXT_DAY,-18.96,-189573.0,810427.0
GOLD,BRMS.JK,1,1.5,10,2026-03-25,3.42,2026-03-26,2026-04-10,710.0,845.0,1000000,1408.45,NEXT_DAY,19.01,190141.0,1190141.0
GOLD,BRMS.JK,1,1.5,10,2026-04-17,1.51,2026-04-20,2026-05-05,905.0,785.0,1000000,1104.97,NEXT_DAY,-13.26,-132597.0,867403.0
GOLD,BRMS.JK,1,1.5,10,2026-06-12,3.05,2026-06-15,2026-06-30,660.0,474.0,1000000,1515.15,NEXT_DAY,-28.18,-281818.0,718182.0
GOLD,PSAB.JK,1,1.5,10,2026-01-05,2.84,2026-01-06,2026-01-21,600.0,650.0,1000000,1666.67,NEXT_DAY,8.33,83333.0,1083333.0
GOLD,PSAB.JK,1,1.5,10,2026-01-26,2.08,2026-01-27,2026-02-10,625.0,515.0,1000000,1600.0,NEXT_DAY,-17.6,-176000.0,824000.0
GOLD,PSAB.JK,1,1.5,10,2026-02-18,2.12,2026-02-19,2026-03-05,560.0,525.0,1000000,1785.71,NEXT_DAY,-6.25,-62500.0,937500.0
GOLD,PSAB.JK,1,1.5,10,2026-03-25,3.42,2026-03-26,2026-04-10,480.0,510.0,1000000,2083.33,NEXT_DAY,6.25,62500.0,1062500.0
GOLD,PSAB.JK,1,1.5,10,2026-04-17,1.51,2026-04-20,2026-05-05,555.0,510.0,1000000,1801.8,NEXT_DAY,-8.11,-81081.0,918919.0
GOLD,PSAB.JK,1,1.5,10,2026-06-12,3.05,2026-06-15,2026-06-30,468.0,386.0,1000000,2136.75,NEXT_DAY,-17.52,-175214.0,824786.0
GOLD,HRTA.JK,1,2.0,1,2026-01-05,2.84,2026-01-06,2026-01-07,2250.0,2220.0,1000000,444.44,NEXT_DAY,-1.33,-13333.0,986667.0
GOLD,HRTA.JK,1,2.0,1,2026-01-26,2.08,2026-01-27,2026-01-28,2410.0,2400.0,1000000,414.94,NEXT_DAY,-0.41,-4149.0,995851.0
GOLD,HRTA.JK,1,2.0,1,2026-02-18,2.12,2026-02-19,2026-02-20,2700.0,2750.0,1000000,370.37,NEXT_DAY,1.85,18519.0,1018519.0
GOLD,HRTA.JK,1,2.0,1,2026-03-25,3.42,2026-03-26,2026-03-27,2350.0,2390.0,1000000,425.53,NEXT_DAY,1.7,17021.0,1017021.0
GOLD,HRTA.JK,1,2.0,1,2026-05-06,2.77,2026-05-07,2026-05-08,2870.0,2700.0,1000000,348.43,NEXT_DAY,-5.92,-59233.0,940767.0
GOLD,HRTA.JK,1,2.0,1,2026-06-12,3.05,2026-06-15,2026-06-17,2170.0,2250.0,1000000,460.83,NEXT_DAY,3.69,36866.0,1036866.0
GOLD,MDKA.JK,1,2.0,1,2026-01-05,2.84,2026-01-06,2026-01-07,2700.0,2720.0,1000000,370.37,NEXT_DAY,0.74,7407.0,1007407.0
GOLD,MDKA.JK,1,2.0,1,2026-01-26,2.08,2026-01-27,2026-01-28,3210.0,3240.0,1000000,311.53,NEXT_DAY,0.93,9346.0,1009346.0
GOLD,MDKA.JK,1,2.0,1,2026-02-18,2.12,2026-02-19,2026-02-20,3530.0,3590.0,1000000,283.29,NEXT_DAY,1.7,16997.0,1016997.0
GOLD,MDKA.JK,1,2.0,1,2026-03-25,3.42,2026-03-26,2026-03-27,3240.0,3230.0,1000000,308.64,NEXT_DAY,-0.31,-3086.0,996914.0
GOLD,MDKA.JK,1,2.0,1,2026-05-06,2.77,2026-05-07,2026-05-08,3200.0,2780.0,1000000,312.5,NEXT_DAY,-13.12,-131250.0,868750.0
GOLD,MDKA.JK,1,2.0,1,2026-06-12,3.05,2026-06-15,2026-06-17,2740.0,2730.0,1000000,364.96,NEXT_DAY,-0.36,-3650.0,996350.0
GOLD,ANTM.JK,1,2.0,1,2026-01-05,2.84,2026-01-06,2026-01-07,3450.0,3850.0,1000000,289.86,NEXT_DAY,11.59,115942.0,1115942.0
GOLD,ANTM.JK,1,2.0,1,2026-01-26,2.08,2026-01-27,2026-01-28,4610.0,4420.0,1000000,216.92,NEXT_DAY,-4.12,-41215.0,958785.0
GOLD,ANTM.JK,1,2.0,1,2026-02-18,2.12,2026-02-19,2026-02-20,4230.0,4220.0,1000000,236.41,NEXT_DAY,-0.24,-2364.0,997636.0
GOLD,ANTM.JK,1,2.0,1,2026-03-25,3.42,2026-03-26,2026-03-27,3430.0,3500.0,1000000,291.55,NEXT_DAY,2.04,20408.0,1020408.0
GOLD,ANTM.JK,1,2.0,1,2026-05-06,2.77,2026-05-07,2026-05-08,3880.0,3630.0,1000000,257.73,NEXT_DAY,-6.44,-64433.0,935567.0
GOLD,ANTM.JK,1,2.0,1,2026-06-12,3.05,2026-06-15,2026-06-17,3130.0,3160.0,1000000,319.49,NEXT_DAY,0.96,9585.0,1009585.0
GOLD,BRMS.JK,1,2.0,1,2026-01-05,2.84,2026-01-06,2026-01-07,1285.0,1230.0,1000000,778.21,NEXT_DAY,-4.28,-42802.0,957198.0
GOLD,BRMS.JK,1,2.0,1,2026-01-26,2.08,2026-01-27,2026-01-28,1295.0,1105.0,1000000,772.2,NEXT_DAY,-14.67,-146718.0,853282.0
GOLD,BRMS.JK,1,2.0,1,2026-02-18,2.12,2026-02-19,2026-02-20,1055.0,1060.0,1000000,947.87,NEXT_DAY,0.47,4739.0,1004739.0
GOLD,BRMS.JK,1,2.0,1,2026-03-25,3.42,2026-03-26,2026-03-27,710.0,710.0,1000000,1408.45,NEXT_DAY,0.0,0.0,1000000.0
GOLD,BRMS.JK,1,2.0,1,2026-05-06,2.77,2026-05-07,2026-05-08,835.0,750.0,1000000,1197.6,NEXT_DAY,-10.18,-101796.0,898204.0
GOLD,BRMS.JK,1,2.0,1,2026-06-12,3.05,2026-06-15,2026-06-17,660.0,665.0,1000000,1515.15,NEXT_DAY,0.76,7576.0,1007576.0
GOLD,PSAB.JK,1,2.0,1,2026-01-05,2.84,2026-01-06,2026-01-07,600.0,610.0,1000000,1666.67,NEXT_DAY,1.67,16667.0,1016667.0
GOLD,PSAB.JK,1,2.0,1,2026-01-26,2.08,2026-01-27,2026-01-28,625.0,600.0,1000000,1600.0,NEXT_DAY,-4.0,-40000.0,960000.0
GOLD,PSAB.JK,1,2.0,1,2026-02-18,2.12,2026-02-19,2026-02-20,560.0,565.0,1000000,1785.71,NEXT_DAY,0.89,8929.0,1008929.0
GOLD,PSAB.JK,1,2.0,1,2026-03-25,3.42,2026-03-26,2026-03-27,480.0,476.0,1000000,2083.33,NEXT_DAY,-0.83,-8333.0,991667.0
GOLD,PSAB.JK,1,2.0,1,2026-05-06,2.77,2026-05-07,2026-05-08,560.0,510.0,1000000,1785.71,NEXT_DAY,-8.93,-89286.0,910714.0
GOLD,PSAB.JK,1,2.0,1,2026-06-12,3.05,2026-06-15,2026-06-17,468.0,448.0,1000000,2136.75,NEXT_DAY,-4.27,-42735.0,957265.0
GOLD,HRTA.JK,1,2.0,2,2026-01-05,2.84,2026-01-06,2026-01-08,2250.0,2220.0,1000000,444.44,NEXT_DAY,-1.33,-13333.0,986667.0
GOLD,HRTA.JK,1,2.0,2,2026-01-26,2.08,2026-01-27,2026-01-29,2410.0,2330.0,1000000,414.94,NEXT_DAY,-3.32,-33195.0,966805.0
GOLD,HRTA.JK,1,2.0,2,2026-02-18,2.12,2026-02-19,2026-02-23,2700.0,2850.0,1000000,370.37,NEXT_DAY,5.56,55556.0,1055556.0
GOLD,HRTA.JK,1,2.0,2,2026-03-25,3.42,2026-03-26,2026-03-30,2350.0,2200.0,1000000,425.53,NEXT_DAY,-6.38,-63830.0,936170.0
GOLD,HRTA.JK,1,2.0,2,2026-05-06,2.77,2026-05-07,2026-05-11,2870.0,2670.0,1000000,348.43,NEXT_DAY,-6.97,-69686.0,930314.0
GOLD,HRTA.JK,1,2.0,2,2026-06-12,3.05,2026-06-15,2026-06-18,2170.0,2170.0,1000000,460.83,NEXT_DAY,0.0,0.0,1000000.0
GOLD,MDKA.JK,1,2.0,2,2026-01-05,2.84,2026-01-06,2026-01-08,2700.0,2560.0,1000000,370.37,NEXT_DAY,-5.19,-51852.0,948148.0
GOLD,MDKA.JK,1,2.0,2,2026-01-26,2.08,2026-01-27,2026-01-29,3210.0,3170.0,1000000,311.53,NEXT_DAY,-1.25,-12461.0,987539.0
GOLD,MDKA.JK,1,2.0,2,2026-02-18,2.12,2026-02-19,2026-02-23,3530.0,3740.0,1000000,283.29,NEXT_DAY,5.95,59490.0,1059490.0
GOLD,MDKA.JK,1,2.0,2,2026-03-25,3.42,2026-03-26,2026-03-30,3240.0,3100.0,1000000,308.64,NEXT_DAY,-4.32,-43210.0,956790.0
GOLD,MDKA.JK,1,2.0,2,2026-05-06,2.77,2026-05-07,2026-05-11,3200.0,2870.0,1000000,312.5,NEXT_DAY,-10.31,-103125.0,896875.0
GOLD,MDKA.JK,1,2.0,2,2026-06-12,3.05,2026-06-15,2026-06-18,2740.0,2860.0,1000000,364.96,NEXT_DAY,4.38,43796.0,1043796.0
GOLD,ANTM.JK,1,2.0,2,2026-01-05,2.84,2026-01-06,2026-01-08,3450.0,3490.0,1000000,289.86,NEXT_DAY,1.16,11594.0,1011594.0
GOLD,ANTM.JK,1,2.0,2,2026-01-26,2.08,2026-01-27,2026-01-29,4610.0,4320.0,1000000,216.92,NEXT_DAY,-6.29,-62907.0,937093.0
GOLD,ANTM.JK,1,2.0,2,2026-02-18,2.12,2026-02-19,2026-02-23,4230.0,4390.0,1000000,236.41,NEXT_DAY,3.78,37825.0,1037825.0
GOLD,ANTM.JK,1,2.0,2,2026-03-25,3.42,2026-03-26,2026-03-30,3430.0,3500.0,1000000,291.55,NEXT_DAY,2.04,20408.0,1020408.0
GOLD,ANTM.JK,1,2.0,2,2026-05-06,2.77,2026-05-07,2026-05-11,3880.0,3700.0,1000000,257.73,NEXT_DAY,-4.64,-46392.0,953608.0
GOLD,ANTM.JK,1,2.0,2,2026-06-12,3.05,2026-06-15,2026-06-18,3130.0,3170.0,1000000,319.49,NEXT_DAY,1.28,12780.0,1012780.0
GOLD,BRMS.JK,1,2.0,2,2026-01-05,2.84,2026-01-06,2026-01-08,1285.0,1205.0,1000000,778.21,NEXT_DAY,-6.23,-62257.0,937743.0
GOLD,BRMS.JK,1,2.0,2,2026-01-26,2.08,2026-01-27,2026-01-29,1295.0,1070.0,1000000,772.2,NEXT_DAY,-17.37,-173745.0,826255.0
GOLD,BRMS.JK,1,2.0,2,2026-02-18,2.12,2026-02-19,2026-02-23,1055.0,1060.0,1000000,947.87,NEXT_DAY,0.47,4739.0,1004739.0
GOLD,BRMS.JK,1,2.0,2,2026-03-25,3.42,2026-03-26,2026-03-30,710.0,765.0,1000000,1408.45,NEXT_DAY,7.75,77465.0,1077465.0
GOLD,BRMS.JK,1,2.0,2,2026-05-06,2.77,2026-05-07,2026-05-11,835.0,750.0,1000000,1197.6,NEXT_DAY,-10.18,-101796.0,898204.0
GOLD,BRMS.JK,1,2.0,2,2026-06-12,3.05,2026-06-15,2026-06-18,660.0,670.0,1000000,1515.15,NEXT_DAY,1.52,15152.0,1015152.0
GOLD,PSAB.JK,1,2.0,2,2026-01-05,2.84,2026-01-06,2026-01-08,600.0,580.0,1000000,1666.67,NEXT_DAY,-3.33,-33333.0,966667.0
GOLD,PSAB.JK,1,2.0,2,2026-01-26,2.08,2026-01-27,2026-01-29,625.0,595.0,1000000,1600.0,NEXT_DAY,-4.8,-48000.0,952000.0
GOLD,PSAB.JK,1,2.0,2,2026-02-18,2.12,2026-02-19,2026-02-23,560.0,570.0,1000000,1785.71,NEXT_DAY,1.79,17857.0,1017857.0
GOLD,PSAB.JK,1,2.0,2,2026-03-25,3.42,2026-03-26,2026-03-30,480.0,466.0,1000000,2083.33,NEXT_DAY,-2.92,-29167.0,970833.0
GOLD,PSAB.JK,1,2.0,2,2026-05-06,2.77,2026-05-07,2026-05-11,560.0,510.0,1000000,1785.71,NEXT_DAY,-8.93,-89286.0,910714.0
GOLD,PSAB.JK,1,2.0,2,2026-06-12,3.05,2026-06-15,2026-06-18,468.0,448.0,1000000,2136.75,NEXT_DAY,-4.27,-42735.0,957265.0
GOLD,HRTA.JK,1,2.0,3,2026-01-05,2.84,2026-01-06,2026-01-09,2250.0,2380.0,1000000,444.44,NEXT_DAY,5.78,57778.0,1057778.0
GOLD,HRTA.JK,1,2.0,3,2026-01-26,2.08,2026-01-27,2026-01-30,2410.0,2230.0,1000000,414.94,NEXT_DAY,-7.47,-74689.0,925311.0
GOLD,HRTA.JK,1,2.0,3,2026-02-18,2.12,2026-02-19,2026-02-24,2700.0,2830.0,1000000,370.37,NEXT_DAY,4.81,48148.0,1048148.0
GOLD,HRTA.JK,1,2.0,3,2026-03-25,3.42,2026-03-26,2026-03-31,2350.0,2180.0,1000000,425.53,NEXT_DAY,-7.23,-72340.0,927660.0
GOLD,HRTA.JK,1,2.0,3,2026-05-06,2.77,2026-05-07,2026-05-12,2870.0,2670.0,1000000,348.43,NEXT_DAY,-6.97,-69686.0,930314.0
GOLD,HRTA.JK,1,2.0,3,2026-06-12,3.05,2026-06-15,2026-06-19,2170.0,2120.0,1000000,460.83,NEXT_DAY,-2.3,-23041.0,976959.0
GOLD,MDKA.JK,1,2.0,3,2026-01-05,2.84,2026-01-06,2026-01-09,2700.0,2700.0,1000000,370.37,NEXT_DAY,0.0,0.0,1000000.0
GOLD,MDKA.JK,1,2.0,3,2026-01-26,2.08,2026-01-27,2026-01-30,3210.0,3210.0,1000000,311.53,NEXT_DAY,0.0,0.0,1000000.0
GOLD,MDKA.JK,1,2.0,3,2026-02-18,2.12,2026-02-19,2026-02-24,3530.0,3790.0,1000000,283.29,NEXT_DAY,7.37,73654.0,1073654.0
GOLD,MDKA.JK,1,2.0,3,2026-03-25,3.42,2026-03-26,2026-03-31,3240.0,3140.0,1000000,308.64,NEXT_DAY,-3.09,-30864.0,969136.0
GOLD,MDKA.JK,1,2.0,3,2026-05-06,2.77,2026-05-07,2026-05-12,3200.0,2870.0,1000000,312.5,NEXT_DAY,-10.31,-103125.0,896875.0
GOLD,MDKA.JK,1,2.0,3,2026-06-12,3.05,2026-06-15,2026-06-19,2740.0,2930.0,1000000,364.96,NEXT_DAY,6.93,69343.0,1069343.0
GOLD,ANTM.JK,1,2.0,3,2026-01-05,2.84,2026-01-06,2026-01-09,3450.0,3630.0,1000000,289.86,NEXT_DAY,5.22,52174.0,1052174.0
GOLD,ANTM.JK,1,2.0,3,2026-01-26,2.08,2026-01-27,2026-01-30,4610.0,4210.0,1000000,216.92,NEXT_DAY,-8.68,-86768.0,913232.0
GOLD,ANTM.JK,1,2.0,3,2026-02-18,2.12,2026-02-19,2026-02-24,4230.0,4380.0,1000000,236.41,NEXT_DAY,3.55,35461.0,1035461.0
GOLD,ANTM.JK,1,2.0,3,2026-03-25,3.42,2026-03-26,2026-03-31,3430.0,3500.0,1000000,291.55,NEXT_DAY,2.04,20408.0,1020408.0
GOLD,ANTM.JK,1,2.0,3,2026-05-06,2.77,2026-05-07,2026-05-12,3880.0,3570.0,1000000,257.73,NEXT_DAY,-7.99,-79897.0,920103.0
GOLD,ANTM.JK,1,2.0,3,2026-06-12,3.05,2026-06-15,2026-06-19,3130.0,3080.0,1000000,319.49,NEXT_DAY,-1.6,-15974.0,984026.0
GOLD,BRMS.JK,1,2.0,3,2026-01-05,2.84,2026-01-06,2026-01-09,1285.0,1230.0,1000000,778.21,NEXT_DAY,-4.28,-42802.0,957198.0
GOLD,BRMS.JK,1,2.0,3,2026-01-26,2.08,2026-01-27,2026-01-30,1295.0,1080.0,1000000,772.2,NEXT_DAY,-16.6,-166023.0,833977.0
GOLD,BRMS.JK,1,2.0,3,2026-02-18,2.12,2026-02-19,2026-02-24,1055.0,1010.0,1000000,947.87,NEXT_DAY,-4.27,-42654.0,957346.0
GOLD,BRMS.JK,1,2.0,3,2026-03-25,3.42,2026-03-26,2026-03-31,710.0,730.0,1000000,1408.45,NEXT_DAY,2.82,28169.0,1028169.0
GOLD,BRMS.JK,1,2.0,3,2026-05-06,2.77,2026-05-07,2026-05-12,835.0,760.0,1000000,1197.6,NEXT_DAY,-8.98,-89820.0,910180.0
GOLD,BRMS.JK,1,2.0,3,2026-06-12,3.05,2026-06-15,2026-06-19,660.0,660.0,1000000,1515.15,NEXT_DAY,0.0,0.0,1000000.0
GOLD,PSAB.JK,1,2.0,3,2026-01-05,2.84,2026-01-06,2026-01-09,600.0,600.0,1000000,1666.67,NEXT_DAY,0.0,0.0,1000000.0
GOLD,PSAB.JK,1,2.0,3,2026-01-26,2.08,2026-01-27,2026-01-30,625.0,550.0,1000000,1600.0,NEXT_DAY,-12.0,-120000.0,880000.0
GOLD,PSAB.JK,1,2.0,3,2026-02-18,2.12,2026-02-19,2026-02-24,560.0,555.0,1000000,1785.71,NEXT_DAY,-0.89,-8929.0,991071.0
GOLD,PSAB.JK,1,2.0,3,2026-03-25,3.42,2026-03-26,2026-03-31,480.0,460.0,1000000,2083.33,NEXT_DAY,-4.17,-41667.0,958333.0
GOLD,PSAB.JK,1,2.0,3,2026-05-06,2.77,2026-05-07,2026-05-12,560.0,520.0,1000000,1785.71,NEXT_DAY,-7.14,-71429.0,928571.0
GOLD,PSAB.JK,1,2.0,3,2026-06-12,3.05,2026-06-15,2026-06-19,468.0,440.0,1000000,2136.75,NEXT_DAY,-5.98,-59829.0,940171.0
GOLD,HRTA.JK,1,2.0,5,2026-01-05,2.84,2026-01-06,2026-01-13,2250.0,2580.0,1000000,444.44,NEXT_DAY,14.67,146667.0,1146667.0
GOLD,HRTA.JK,1,2.0,5,2026-01-26,2.08,2026-01-27,2026-02-03,2410.0,2160.0,1000000,414.94,NEXT_DAY,-10.37,-103734.0,896266.0
GOLD,HRTA.JK,1,2.0,5,2026-02-18,2.12,2026-02-19,2026-02-26,2700.0,3200.0,1000000,370.37,NEXT_DAY,18.52,185185.0,1185185.0
GOLD,HRTA.JK,1,2.0,5,2026-03-25,3.42,2026-03-26,2026-04-02,2350.0,2340.0,1000000,425.53,NEXT_DAY,-0.43,-4255.0,995745.0
GOLD,HRTA.JK,1,2.0,5,2026-05-06,2.77,2026-05-07,2026-05-14,2870.0,2660.0,1000000,348.43,NEXT_DAY,-7.32,-73171.0,926829.0
GOLD,HRTA.JK,1,2.0,5,2026-06-12,3.05,2026-06-15,2026-06-23,2170.0,2050.0,1000000,460.83,NEXT_DAY,-5.53,-55300.0,944700.0
GOLD,MDKA.JK,1,2.0,5,2026-01-05,2.84,2026-01-06,2026-01-13,2700.0,3120.0,1000000,370.37,NEXT_DAY,15.56,155556.0,1155556.0
GOLD,MDKA.JK,1,2.0,5,2026-01-26,2.08,2026-01-27,2026-02-03,3210.0,2950.0,1000000,311.53,NEXT_DAY,-8.1,-80997.0,919003.0
GOLD,MDKA.JK,1,2.0,5,2026-02-18,2.12,2026-02-19,2026-02-26,3530.0,3640.0,1000000,283.29,NEXT_DAY,3.12,31161.0,1031161.0
GOLD,MDKA.JK,1,2.0,5,2026-03-25,3.42,2026-03-26,2026-04-02,3240.0,3260.0,1000000,308.64,NEXT_DAY,0.62,6173.0,1006173.0
GOLD,MDKA.JK,1,2.0,5,2026-05-06,2.77,2026-05-07,2026-05-14,3200.0,2730.0,1000000,312.5,NEXT_DAY,-14.69,-146875.0,853125.0
GOLD,MDKA.JK,1,2.0,5,2026-06-12,3.05,2026-06-15,2026-06-23,2740.0,2840.0,1000000,364.96,NEXT_DAY,3.65,36496.0,1036496.0
GOLD,ANTM.JK,1,2.0,5,2026-01-05,2.84,2026-01-06,2026-01-13,3450.0,3880.0,1000000,289.86,NEXT_DAY,12.46,124638.0,1124638.0
GOLD,ANTM.JK,1,2.0,5,2026-01-26,2.08,2026-01-27,2026-02-03,4610.0,3930.0,1000000,216.92,NEXT_DAY,-14.75,-147505.0,852495.0
GOLD,ANTM.JK,1,2.0,5,2026-02-18,2.12,2026-02-19,2026-02-26,4230.0,4330.0,1000000,236.41,NEXT_DAY,2.36,23641.0,1023641.0
GOLD,ANTM.JK,1,2.0,5,2026-03-25,3.42,2026-03-26,2026-04-02,3430.0,3640.0,1000000,291.55,NEXT_DAY,6.12,61224.0,1061224.0
GOLD,ANTM.JK,1,2.0,5,2026-05-06,2.77,2026-05-07,2026-05-14,3880.0,3500.0,1000000,257.73,NEXT_DAY,-9.79,-97938.0,902062.0
GOLD,ANTM.JK,1,2.0,5,2026-06-12,3.05,2026-06-15,2026-06-23,3130.0,2870.0,1000000,319.49,NEXT_DAY,-8.31,-83067.0,916933.0
GOLD,BRMS.JK,1,2.0,5,2026-01-05,2.84,2026-01-06,2026-01-13,1285.0,1195.0,1000000,778.21,NEXT_DAY,-7.0,-70039.0,929961.0
GOLD,BRMS.JK,1,2.0,5,2026-01-26,2.08,2026-01-27,2026-02-03,1295.0,955.0,1000000,772.2,NEXT_DAY,-26.25,-262548.0,737452.0
GOLD,BRMS.JK,1,2.0,5,2026-02-18,2.12,2026-02-19,2026-02-26,1055.0,960.0,1000000,947.87,NEXT_DAY,-9.0,-90047.0,909953.0
GOLD,BRMS.JK,1,2.0,5,2026-03-25,3.42,2026-03-26,2026-04-02,710.0,735.0,1000000,1408.45,NEXT_DAY,3.52,35211.0,1035211.0
GOLD,BRMS.JK,1,2.0,5,2026-05-06,2.77,2026-05-07,2026-05-14,835.0,770.0,1000000,1197.6,NEXT_DAY,-7.78,-77844.0,922156.0
GOLD,BRMS.JK,1,2.0,5,2026-06-12,3.05,2026-06-15,2026-06-23,660.0,640.0,1000000,1515.15,NEXT_DAY,-3.03,-30303.0,969697.0
GOLD,PSAB.JK,1,2.0,5,2026-01-05,2.84,2026-01-06,2026-01-13,600.0,590.0,1000000,1666.67,NEXT_DAY,-1.67,-16667.0,983333.0
GOLD,PSAB.JK,1,2.0,5,2026-01-26,2.08,2026-01-27,2026-02-03,625.0,510.0,1000000,1600.0,NEXT_DAY,-18.4,-184000.0,816000.0
GOLD,PSAB.JK,1,2.0,5,2026-02-18,2.12,2026-02-19,2026-02-26,560.0,540.0,1000000,1785.71,NEXT_DAY,-3.57,-35714.0,964286.0
GOLD,PSAB.JK,1,2.0,5,2026-03-25,3.42,2026-03-26,2026-04-02,480.0,510.0,1000000,2083.33,NEXT_DAY,6.25,62500.0,1062500.0
GOLD,PSAB.JK,1,2.0,5,2026-05-06,2.77,2026-05-07,2026-05-14,560.0,500.0,1000000,1785.71,NEXT_DAY,-10.71,-107143.0,892857.0
GOLD,PSAB.JK,1,2.0,5,2026-06-12,3.05,2026-06-15,2026-06-23,468.0,422.0,1000000,2136.75,NEXT_DAY,-9.83,-98291.0,901709.0
GOLD,HRTA.JK,1,2.0,10,2026-01-05,2.84,2026-01-06,2026-01-21,2250.0,2550.0,1000000,444.44,NEXT_DAY,13.33,133333.0,1133333.0
GOLD,HRTA.JK,1,2.0,10,2026-01-26,2.08,2026-01-27,2026-02-10,2410.0,2500.0,1000000,414.94,NEXT_DAY,3.73,37344.0,1037344.0
GOLD,HRTA.JK,1,2.0,10,2026-02-18,2.12,2026-02-19,2026-03-05,2700.0,2950.0,1000000,370.37,NEXT_DAY,9.26,92593.0,1092593.0
GOLD,HRTA.JK,1,2.0,10,2026-03-25,3.42,2026-03-26,2026-04-10,2350.0,2530.0,1000000,425.53,NEXT_DAY,7.66,76596.0,1076596.0
GOLD,HRTA.JK,1,2.0,10,2026-05-06,2.77,2026-05-07,2026-05-21,2870.0,2130.0,1000000,348.43,NEXT_DAY,-25.78,-257840.0,742160.0
GOLD,HRTA.JK,1,2.0,10,2026-06-12,3.05,2026-06-15,2026-06-30,2170.0,1685.0,1000000,460.83,NEXT_DAY,-22.35,-223502.0,776498.0
GOLD,MDKA.JK,1,2.0,10,2026-01-05,2.84,2026-01-06,2026-01-21,2700.0,3310.0,1000000,370.37,NEXT_DAY,22.59,225926.0,1225926.0
GOLD,MDKA.JK,1,2.0,10,2026-01-26,2.08,2026-01-27,2026-02-10,3210.0,3090.0,1000000,311.53,NEXT_DAY,-3.74,-37383.0,962617.0
GOLD,MDKA.JK,1,2.0,10,2026-02-18,2.12,2026-02-19,2026-03-05,3530.0,3620.0,1000000,283.29,NEXT_DAY,2.55,25496.0,1025496.0
GOLD,MDKA.JK,1,2.0,10,2026-03-25,3.42,2026-03-26,2026-04-10,3240.0,3220.0,1000000,308.64,NEXT_DAY,-0.62,-6173.0,993827.0
GOLD,MDKA.JK,1,2.0,10,2026-05-06,2.77,2026-05-07,2026-05-21,3200.0,2180.0,1000000,312.5,NEXT_DAY,-31.87,-318750.0,681250.0
GOLD,MDKA.JK,1,2.0,10,2026-06-12,3.05,2026-06-15,2026-06-30,2740.0,2420.0,1000000,364.96,NEXT_DAY,-11.68,-116788.0,883212.0
GOLD,ANTM.JK,1,2.0,10,2026-01-05,2.84,2026-01-06,2026-01-21,3450.0,4270.0,1000000,289.86,NEXT_DAY,23.77,237681.0,1237681.0
GOLD,ANTM.JK,1,2.0,10,2026-01-26,2.08,2026-01-27,2026-02-10,4610.0,3890.0,1000000,216.92,NEXT_DAY,-15.62,-156182.0,843818.0
GOLD,ANTM.JK,1,2.0,10,2026-02-18,2.12,2026-02-19,2026-03-05,4230.0,4130.0,1000000,236.41,NEXT_DAY,-2.36,-23641.0,976359.0
GOLD,ANTM.JK,1,2.0,10,2026-03-25,3.42,2026-03-26,2026-04-10,3430.0,3710.0,1000000,291.55,NEXT_DAY,8.16,81633.0,1081633.0
GOLD,ANTM.JK,1,2.0,10,2026-05-06,2.77,2026-05-07,2026-05-21,3880.0,2970.0,1000000,257.73,NEXT_DAY,-23.45,-234536.0,765464.0
GOLD,ANTM.JK,1,2.0,10,2026-06-12,3.05,2026-06-15,2026-06-30,3130.0,2590.0,1000000,319.49,NEXT_DAY,-17.25,-172524.0,827476.0
GOLD,BRMS.JK,1,2.0,10,2026-01-05,2.84,2026-01-06,2026-01-21,1285.0,1265.0,1000000,778.21,NEXT_DAY,-1.56,-15564.0,984436.0
GOLD,BRMS.JK,1,2.0,10,2026-01-26,2.08,2026-01-27,2026-02-10,1295.0,1045.0,1000000,772.2,NEXT_DAY,-19.31,-193050.0,806950.0
GOLD,BRMS.JK,1,2.0,10,2026-02-18,2.12,2026-02-19,2026-03-05,1055.0,855.0,1000000,947.87,NEXT_DAY,-18.96,-189573.0,810427.0
GOLD,BRMS.JK,1,2.0,10,2026-03-25,3.42,2026-03-26,2026-04-10,710.0,845.0,1000000,1408.45,NEXT_DAY,19.01,190141.0,1190141.0
GOLD,BRMS.JK,1,2.0,10,2026-05-06,2.77,2026-05-07,2026-05-21,835.0,565.0,1000000,1197.6,NEXT_DAY,-32.34,-323353.0,676647.0
GOLD,BRMS.JK,1,2.0,10,2026-06-12,3.05,2026-06-15,2026-06-30,660.0,474.0,1000000,1515.15,NEXT_DAY,-28.18,-281818.0,718182.0
GOLD,PSAB.JK,1,2.0,10,2026-01-05,2.84,2026-01-06,2026-01-21,600.0,650.0,1000000,1666.67,NEXT_DAY,8.33,83333.0,1083333.0
GOLD,PSAB.JK,1,2.0,10,2026-01-26,2.08,2026-01-27,2026-02-10,625.0,515.0,1000000,1600.0,NEXT_DAY,-17.6,-176000.0,824000.0
GOLD,PSAB.JK,1,2.0,10,2026-02-18,2.12,2026-02-19,2026-03-05,560.0,525.0,1000000,1785.71,NEXT_DAY,-6.25,-62500.0,937500.0
GOLD,PSAB.JK,1,2.0,10,2026-03-25,3.42,2026-03-26,2026-04-10,480.0,510.0,1000000,2083.33,NEXT_DAY,6.25,62500.0,1062500.0
GOLD,PSAB.JK,1,2.0,10,2026-05-06,2.77,2026-05-07,2026-05-21,560.0,372.0,1000000,1785.71,NEXT_DAY,-33.57,-335714.0,664286.0
GOLD,PSAB.JK,1,2.0,10,2026-06-12,3.05,2026-06-15,2026-06-30,468.0,386.0,1000000,2136.75,NEXT_DAY,-17.52,-175214.0,824786.0
GOLD,HRTA.JK,1,2.5,1,2026-01-05,2.84,2026-01-06,2026-01-07,2250.0,2220.0,1000000,444.44,NEXT_DAY,-1.33,-13333.0,986667.0
GOLD,HRTA.JK,1,2.5,1,2026-01-28,4.36,2026-01-29,2026-01-30,2330.0,2230.0,1000000,429.18,NEXT_DAY,-4.29,-42918.0,957082.0
GOLD,HRTA.JK,1,2.5,1,2026-02-23,2.87,2026-02-24,2026-02-25,2830.0,2980.0,1000000,353.36,NEXT_DAY,5.3,53004.0,1053004.0
GOLD,HRTA.JK,1,2.5,1,2026-03-25,3.42,2026-03-26,2026-03-27,2350.0,2390.0,1000000,425.53,NEXT_DAY,1.7,17021.0,1017021.0
GOLD,HRTA.JK,1,2.5,1,2026-05-06,2.77,2026-05-07,2026-05-08,2870.0,2700.0,1000000,348.43,NEXT_DAY,-5.92,-59233.0,940767.0
GOLD,HRTA.JK,1,2.5,1,2026-06-12,3.05,2026-06-15,2026-06-17,2170.0,2250.0,1000000,460.83,NEXT_DAY,3.69,36866.0,1036866.0
GOLD,MDKA.JK,1,2.5,1,2026-01-05,2.84,2026-01-06,2026-01-07,2700.0,2720.0,1000000,370.37,NEXT_DAY,0.74,7407.0,1007407.0
GOLD,MDKA.JK,1,2.5,1,2026-01-28,4.36,2026-01-29,2026-01-30,3170.0,3210.0,1000000,315.46,NEXT_DAY,1.26,12618.0,1012618.0
GOLD,MDKA.JK,1,2.5,1,2026-02-23,2.87,2026-02-24,2026-02-25,3790.0,3820.0,1000000,263.85,NEXT_DAY,0.79,7916.0,1007916.0
GOLD,MDKA.JK,1,2.5,1,2026-03-25,3.42,2026-03-26,2026-03-27,3240.0,3230.0,1000000,308.64,NEXT_DAY,-0.31,-3086.0,996914.0
GOLD,MDKA.JK,1,2.5,1,2026-05-06,2.77,2026-05-07,2026-05-08,3200.0,2780.0,1000000,312.5,NEXT_DAY,-13.12,-131250.0,868750.0
GOLD,MDKA.JK,1,2.5,1,2026-06-12,3.05,2026-06-15,2026-06-17,2740.0,2730.0,1000000,364.96,NEXT_DAY,-0.36,-3650.0,996350.0
GOLD,ANTM.JK,1,2.5,1,2026-01-05,2.84,2026-01-06,2026-01-07,3450.0,3850.0,1000000,289.86,NEXT_DAY,11.59,115942.0,1115942.0
GOLD,ANTM.JK,1,2.5,1,2026-01-28,4.36,2026-01-29,2026-01-30,4320.0,4210.0,1000000,231.48,NEXT_DAY,-2.55,-25463.0,974537.0
GOLD,ANTM.JK,1,2.5,1,2026-02-23,2.87,2026-02-24,2026-02-25,4380.0,4460.0,1000000,228.31,NEXT_DAY,1.83,18265.0,1018265.0
GOLD,ANTM.JK,1,2.5,1,2026-03-25,3.42,2026-03-26,2026-03-27,3430.0,3500.0,1000000,291.55,NEXT_DAY,2.04,20408.0,1020408.0
GOLD,ANTM.JK,1,2.5,1,2026-05-06,2.77,2026-05-07,2026-05-08,3880.0,3630.0,1000000,257.73,NEXT_DAY,-6.44,-64433.0,935567.0
GOLD,ANTM.JK,1,2.5,1,2026-06-12,3.05,2026-06-15,2026-06-17,3130.0,3160.0,1000000,319.49,NEXT_DAY,0.96,9585.0,1009585.0
GOLD,BRMS.JK,1,2.5,1,2026-01-05,2.84,2026-01-06,2026-01-07,1285.0,1230.0,1000000,778.21,NEXT_DAY,-4.28,-42802.0,957198.0
GOLD,BRMS.JK,1,2.5,1,2026-01-28,4.36,2026-01-29,2026-01-30,1070.0,1080.0,1000000,934.58,NEXT_DAY,0.93,9346.0,1009346.0
GOLD,BRMS.JK,1,2.5,1,2026-02-23,2.87,2026-02-24,2026-02-25,1010.0,980.0,1000000,990.1,NEXT_DAY,-2.97,-29703.0,970297.0
GOLD,BRMS.JK,1,2.5,1,2026-03-25,3.42,2026-03-26,2026-03-27,710.0,710.0,1000000,1408.45,NEXT_DAY,0.0,0.0,1000000.0
GOLD,BRMS.JK,1,2.5,1,2026-05-06,2.77,2026-05-07,2026-05-08,835.0,750.0,1000000,1197.6,NEXT_DAY,-10.18,-101796.0,898204.0
GOLD,BRMS.JK,1,2.5,1,2026-06-12,3.05,2026-06-15,2026-06-17,660.0,665.0,1000000,1515.15,NEXT_DAY,0.76,7576.0,1007576.0
GOLD,PSAB.JK,1,2.5,1,2026-01-05,2.84,2026-01-06,2026-01-07,600.0,610.0,1000000,1666.67,NEXT_DAY,1.67,16667.0,1016667.0
GOLD,PSAB.JK,1,2.5,1,2026-01-28,4.36,2026-01-29,2026-01-30,595.0,550.0,1000000,1680.67,NEXT_DAY,-7.56,-75630.0,924370.0
GOLD,PSAB.JK,1,2.5,1,2026-02-23,2.87,2026-02-24,2026-02-25,555.0,570.0,1000000,1801.8,NEXT_DAY,2.7,27027.0,1027027.0
GOLD,PSAB.JK,1,2.5,1,2026-03-25,3.42,2026-03-26,2026-03-27,480.0,476.0,1000000,2083.33,NEXT_DAY,-0.83,-8333.0,991667.0
GOLD,PSAB.JK,1,2.5,1,2026-05-06,2.77,2026-05-07,2026-05-08,560.0,510.0,1000000,1785.71,NEXT_DAY,-8.93,-89286.0,910714.0
GOLD,PSAB.JK,1,2.5,1,2026-06-12,3.05,2026-06-15,2026-06-17,468.0,448.0,1000000,2136.75,NEXT_DAY,-4.27,-42735.0,957265.0
GOLD,HRTA.JK,1,2.5,2,2026-01-05,2.84,2026-01-06,2026-01-08,2250.0,2220.0,1000000,444.44,NEXT_DAY,-1.33,-13333.0,986667.0
GOLD,HRTA.JK,1,2.5,2,2026-01-28,4.36,2026-01-29,2026-02-02,2330.0,1900.0,1000000,429.18,NEXT_DAY,-18.45,-184549.0,815451.0
GOLD,HRTA.JK,1,2.5,2,2026-02-23,2.87,2026-02-24,2026-02-26,2830.0,3200.0,1000000,353.36,NEXT_DAY,13.07,130742.0,1130742.0
GOLD,HRTA.JK,1,2.5,2,2026-03-25,3.42,2026-03-26,2026-03-30,2350.0,2200.0,1000000,425.53,NEXT_DAY,-6.38,-63830.0,936170.0
GOLD,HRTA.JK,1,2.5,2,2026-05-06,2.77,2026-05-07,2026-05-11,2870.0,2670.0,1000000,348.43,NEXT_DAY,-6.97,-69686.0,930314.0
GOLD,HRTA.JK,1,2.5,2,2026-06-12,3.05,2026-06-15,2026-06-18,2170.0,2170.0,1000000,460.83,NEXT_DAY,0.0,0.0,1000000.0
GOLD,MDKA.JK,1,2.5,2,2026-01-05,2.84,2026-01-06,2026-01-08,2700.0,2560.0,1000000,370.37,NEXT_DAY,-5.19,-51852.0,948148.0
GOLD,MDKA.JK,1,2.5,2,2026-01-28,4.36,2026-01-29,2026-02-02,3170.0,2730.0,1000000,315.46,NEXT_DAY,-13.88,-138801.0,861199.0
GOLD,MDKA.JK,1,2.5,2,2026-02-23,2.87,2026-02-24,2026-02-26,3790.0,3640.0,1000000,263.85,NEXT_DAY,-3.96,-39578.0,960422.0
GOLD,MDKA.JK,1,2.5,2,2026-03-25,3.42,2026-03-26,2026-03-30,3240.0,3100.0,1000000,308.64,NEXT_DAY,-4.32,-43210.0,956790.0
GOLD,MDKA.JK,1,2.5,2,2026-05-06,2.77,2026-05-07,2026-05-11,3200.0,2870.0,1000000,312.5,NEXT_DAY,-10.31,-103125.0,896875.0
GOLD,MDKA.JK,1,2.5,2,2026-06-12,3.05,2026-06-15,2026-06-18,2740.0,2860.0,1000000,364.96,NEXT_DAY,4.38,43796.0,1043796.0
GOLD,ANTM.JK,1,2.5,2,2026-01-05,2.84,2026-01-06,2026-01-08,3450.0,3490.0,1000000,289.86,NEXT_DAY,1.16,11594.0,1011594.0
GOLD,ANTM.JK,1,2.5,2,2026-01-28,4.36,2026-01-29,2026-02-02,4320.0,3810.0,1000000,231.48,NEXT_DAY,-11.81,-118056.0,881944.0
GOLD,ANTM.JK,1,2.5,2,2026-02-23,2.87,2026-02-24,2026-02-26,4380.0,4330.0,1000000,228.31,NEXT_DAY,-1.14,-11416.0,988584.0
GOLD,ANTM.JK,1,2.5,2,2026-03-25,3.42,2026-03-26,2026-03-30,3430.0,3500.0,1000000,291.55,NEXT_DAY,2.04,20408.0,1020408.0
GOLD,ANTM.JK,1,2.5,2,2026-05-06,2.77,2026-05-07,2026-05-11,3880.0,3700.0,1000000,257.73,NEXT_DAY,-4.64,-46392.0,953608.0
GOLD,ANTM.JK,1,2.5,2,2026-06-12,3.05,2026-06-15,2026-06-18,3130.0,3170.0,1000000,319.49,NEXT_DAY,1.28,12780.0,1012780.0
GOLD,BRMS.JK,1,2.5,2,2026-01-05,2.84,2026-01-06,2026-01-08,1285.0,1205.0,1000000,778.21,NEXT_DAY,-6.23,-62257.0,937743.0
GOLD,BRMS.JK,1,2.5,2,2026-01-28,4.36,2026-01-29,2026-02-02,1070.0,920.0,1000000,934.58,NEXT_DAY,-14.02,-140187.0,859813.0
GOLD,BRMS.JK,1,2.5,2,2026-02-23,2.87,2026-02-24,2026-02-26,1010.0,960.0,1000000,990.1,NEXT_DAY,-4.95,-49505.0,950495.0
GOLD,BRMS.JK,1,2.5,2,2026-03-25,3.42,2026-03-26,2026-03-30,710.0,765.0,1000000,1408.45,NEXT_DAY,7.75,77465.0,1077465.0
GOLD,BRMS.JK,1,2.5,2,2026-05-06,2.77,2026-05-07,2026-05-11,835.0,750.0,1000000,1197.6,NEXT_DAY,-10.18,-101796.0,898204.0
GOLD,BRMS.JK,1,2.5,2,2026-06-12,3.05,2026-06-15,2026-06-18,660.0,670.0,1000000,1515.15,NEXT_DAY,1.52,15152.0,1015152.0
GOLD,PSAB.JK,1,2.5,2,2026-01-05,2.84,2026-01-06,2026-01-08,600.0,580.0,1000000,1666.67,NEXT_DAY,-3.33,-33333.0,966667.0
GOLD,PSAB.JK,1,2.5,2,2026-01-28,4.36,2026-01-29,2026-02-02,595.0,468.0,1000000,1680.67,NEXT_DAY,-21.34,-213445.0,786555.0
GOLD,PSAB.JK,1,2.5,2,2026-02-23,2.87,2026-02-24,2026-02-26,555.0,540.0,1000000,1801.8,NEXT_DAY,-2.7,-27027.0,972973.0
GOLD,PSAB.JK,1,2.5,2,2026-03-25,3.42,2026-03-26,2026-03-30,480.0,466.0,1000000,2083.33,NEXT_DAY,-2.92,-29167.0,970833.0
GOLD,PSAB.JK,1,2.5,2,2026-05-06,2.77,2026-05-07,2026-05-11,560.0,510.0,1000000,1785.71,NEXT_DAY,-8.93,-89286.0,910714.0
GOLD,PSAB.JK,1,2.5,2,2026-06-12,3.05,2026-06-15,2026-06-18,468.0,448.0,1000000,2136.75,NEXT_DAY,-4.27,-42735.0,957265.0
GOLD,HRTA.JK,1,2.5,3,2026-01-05,2.84,2026-01-06,2026-01-09,2250.0,2380.0,1000000,444.44,NEXT_DAY,5.78,57778.0,1057778.0
GOLD,HRTA.JK,1,2.5,3,2026-01-28,4.36,2026-01-29,2026-02-03,2330.0,2160.0,1000000,429.18,NEXT_DAY,-7.3,-72961.0,927039.0
GOLD,HRTA.JK,1,2.5,3,2026-02-23,2.87,2026-02-24,2026-02-27,2830.0,3240.0,1000000,353.36,NEXT_DAY,14.49,144876.0,1144876.0
GOLD,HRTA.JK,1,2.5,3,2026-03-25,3.42,2026-03-26,2026-03-31,2350.0,2180.0,1000000,425.53,NEXT_DAY,-7.23,-72340.0,927660.0
GOLD,HRTA.JK,1,2.5,3,2026-05-06,2.77,2026-05-07,2026-05-12,2870.0,2670.0,1000000,348.43,NEXT_DAY,-6.97,-69686.0,930314.0
GOLD,HRTA.JK,1,2.5,3,2026-06-12,3.05,2026-06-15,2026-06-19,2170.0,2120.0,1000000,460.83,NEXT_DAY,-2.3,-23041.0,976959.0
GOLD,MDKA.JK,1,2.5,3,2026-01-05,2.84,2026-01-06,2026-01-09,2700.0,2700.0,1000000,370.37,NEXT_DAY,0.0,0.0,1000000.0
GOLD,MDKA.JK,1,2.5,3,2026-01-28,4.36,2026-01-29,2026-02-03,3170.0,2950.0,1000000,315.46,NEXT_DAY,-6.94,-69401.0,930599.0
GOLD,MDKA.JK,1,2.5,3,2026-02-23,2.87,2026-02-24,2026-02-27,3790.0,3750.0,1000000,263.85,NEXT_DAY,-1.06,-10554.0,989446.0
GOLD,MDKA.JK,1,2.5,3,2026-03-25,3.42,2026-03-26,2026-03-31,3240.0,3140.0,1000000,308.64,NEXT_DAY,-3.09,-30864.0,969136.0
GOLD,MDKA.JK,1,2.5,3,2026-05-06,2.77,2026-05-07,2026-05-12,3200.0,2870.0,1000000,312.5,NEXT_DAY,-10.31,-103125.0,896875.0
GOLD,MDKA.JK,1,2.5,3,2026-06-12,3.05,2026-06-15,2026-06-19,2740.0,2930.0,1000000,364.96,NEXT_DAY,6.93,69343.0,1069343.0
GOLD,ANTM.JK,1,2.5,3,2026-01-05,2.84,2026-01-06,2026-01-09,3450.0,3630.0,1000000,289.86,NEXT_DAY,5.22,52174.0,1052174.0
GOLD,ANTM.JK,1,2.5,3,2026-01-28,4.36,2026-01-29,2026-02-03,4320.0,3930.0,1000000,231.48,NEXT_DAY,-9.03,-90278.0,909722.0
GOLD,ANTM.JK,1,2.5,3,2026-02-23,2.87,2026-02-24,2026-02-27,4380.0,4350.0,1000000,228.31,NEXT_DAY,-0.68,-6849.0,993151.0
GOLD,ANTM.JK,1,2.5,3,2026-03-25,3.42,2026-03-26,2026-03-31,3430.0,3500.0,1000000,291.55,NEXT_DAY,2.04,20408.0,1020408.0
GOLD,ANTM.JK,1,2.5,3,2026-05-06,2.77,2026-05-07,2026-05-12,3880.0,3570.0,1000000,257.73,NEXT_DAY,-7.99,-79897.0,920103.0
GOLD,ANTM.JK,1,2.5,3,2026-06-12,3.05,2026-06-15,2026-06-19,3130.0,3080.0,1000000,319.49,NEXT_DAY,-1.6,-15974.0,984026.0
GOLD,BRMS.JK,1,2.5,3,2026-01-05,2.84,2026-01-06,2026-01-09,1285.0,1230.0,1000000,778.21,NEXT_DAY,-4.28,-42802.0,957198.0
GOLD,BRMS.JK,1,2.5,3,2026-01-28,4.36,2026-01-29,2026-02-03,1070.0,955.0,1000000,934.58,NEXT_DAY,-10.75,-107477.0,892523.0
GOLD,BRMS.JK,1,2.5,3,2026-02-23,2.87,2026-02-24,2026-02-27,1010.0,970.0,1000000,990.1,NEXT_DAY,-3.96,-39604.0,960396.0
GOLD,BRMS.JK,1,2.5,3,2026-03-25,3.42,2026-03-26,2026-03-31,710.0,730.0,1000000,1408.45,NEXT_DAY,2.82,28169.0,1028169.0
GOLD,BRMS.JK,1,2.5,3,2026-05-06,2.77,2026-05-07,2026-05-12,835.0,760.0,1000000,1197.6,NEXT_DAY,-8.98,-89820.0,910180.0
GOLD,BRMS.JK,1,2.5,3,2026-06-12,3.05,2026-06-15,2026-06-19,660.0,660.0,1000000,1515.15,NEXT_DAY,0.0,0.0,1000000.0
GOLD,PSAB.JK,1,2.5,3,2026-01-05,2.84,2026-01-06,2026-01-09,600.0,600.0,1000000,1666.67,NEXT_DAY,0.0,0.0,1000000.0
GOLD,PSAB.JK,1,2.5,3,2026-01-28,4.36,2026-01-29,2026-02-03,595.0,510.0,1000000,1680.67,NEXT_DAY,-14.29,-142857.0,857143.0
GOLD,PSAB.JK,1,2.5,3,2026-02-23,2.87,2026-02-24,2026-02-27,555.0,550.0,1000000,1801.8,NEXT_DAY,-0.9,-9009.0,990991.0
GOLD,PSAB.JK,1,2.5,3,2026-03-25,3.42,2026-03-26,2026-03-31,480.0,460.0,1000000,2083.33,NEXT_DAY,-4.17,-41667.0,958333.0
GOLD,PSAB.JK,1,2.5,3,2026-05-06,2.77,2026-05-07,2026-05-12,560.0,520.0,1000000,1785.71,NEXT_DAY,-7.14,-71429.0,928571.0
GOLD,PSAB.JK,1,2.5,3,2026-06-12,3.05,2026-06-15,2026-06-19,468.0,440.0,1000000,2136.75,NEXT_DAY,-5.98,-59829.0,940171.0
GOLD,HRTA.JK,1,2.5,5,2026-01-05,2.84,2026-01-06,2026-01-13,2250.0,2580.0,1000000,444.44,NEXT_DAY,14.67,146667.0,1146667.0
GOLD,HRTA.JK,1,2.5,5,2026-01-28,4.36,2026-01-29,2026-02-05,2330.0,2120.0,1000000,429.18,NEXT_DAY,-9.01,-90129.0,909871.0
GOLD,HRTA.JK,1,2.5,5,2026-02-23,2.87,2026-02-24,2026-03-03,2830.0,3090.0,1000000,353.36,NEXT_DAY,9.19,91873.0,1091873.0
GOLD,HRTA.JK,1,2.5,5,2026-03-25,3.42,2026-03-26,2026-04-02,2350.0,2340.0,1000000,425.53,NEXT_DAY,-0.43,-4255.0,995745.0
GOLD,HRTA.JK,1,2.5,5,2026-05-06,2.77,2026-05-07,2026-05-14,2870.0,2660.0,1000000,348.43,NEXT_DAY,-7.32,-73171.0,926829.0
GOLD,HRTA.JK,1,2.5,5,2026-06-12,3.05,2026-06-15,2026-06-23,2170.0,2050.0,1000000,460.83,NEXT_DAY,-5.53,-55300.0,944700.0
GOLD,MDKA.JK,1,2.5,5,2026-01-05,2.84,2026-01-06,2026-01-13,2700.0,3120.0,1000000,370.37,NEXT_DAY,15.56,155556.0,1155556.0
GOLD,MDKA.JK,1,2.5,5,2026-01-28,4.36,2026-01-29,2026-02-05,3170.0,3060.0,1000000,315.46,NEXT_DAY,-3.47,-34700.0,965300.0
GOLD,MDKA.JK,1,2.5,5,2026-02-23,2.87,2026-02-24,2026-03-03,3790.0,3660.0,1000000,263.85,NEXT_DAY,-3.43,-34301.0,965699.0
GOLD,MDKA.JK,1,2.5,5,2026-03-25,3.42,2026-03-26,2026-04-02,3240.0,3260.0,1000000,308.64,NEXT_DAY,0.62,6173.0,1006173.0
GOLD,MDKA.JK,1,2.5,5,2026-05-06,2.77,2026-05-07,2026-05-14,3200.0,2730.0,1000000,312.5,NEXT_DAY,-14.69,-146875.0,853125.0
GOLD,MDKA.JK,1,2.5,5,2026-06-12,3.05,2026-06-15,2026-06-23,2740.0,2840.0,1000000,364.96,NEXT_DAY,3.65,36496.0,1036496.0
GOLD,ANTM.JK,1,2.5,5,2026-01-05,2.84,2026-01-06,2026-01-13,3450.0,3880.0,1000000,289.86,NEXT_DAY,12.46,124638.0,1124638.0
GOLD,ANTM.JK,1,2.5,5,2026-01-28,4.36,2026-01-29,2026-02-05,4320.0,3810.0,1000000,231.48,NEXT_DAY,-11.81,-118056.0,881944.0
GOLD,ANTM.JK,1,2.5,5,2026-02-23,2.87,2026-02-24,2026-03-03,4380.0,4410.0,1000000,228.31,NEXT_DAY,0.68,6849.0,1006849.0
GOLD,ANTM.JK,1,2.5,5,2026-03-25,3.42,2026-03-26,2026-04-02,3430.0,3640.0,1000000,291.55,NEXT_DAY,6.12,61224.0,1061224.0
GOLD,ANTM.JK,1,2.5,5,2026-05-06,2.77,2026-05-07,2026-05-14,3880.0,3500.0,1000000,257.73,NEXT_DAY,-9.79,-97938.0,902062.0
GOLD,ANTM.JK,1,2.5,5,2026-06-12,3.05,2026-06-15,2026-06-23,3130.0,2870.0,1000000,319.49,NEXT_DAY,-8.31,-83067.0,916933.0
GOLD,BRMS.JK,1,2.5,5,2026-01-05,2.84,2026-01-06,2026-01-13,1285.0,1195.0,1000000,778.21,NEXT_DAY,-7.0,-70039.0,929961.0
GOLD,BRMS.JK,1,2.5,5,2026-01-28,4.36,2026-01-29,2026-02-05,1070.0,980.0,1000000,934.58,NEXT_DAY,-8.41,-84112.0,915888.0
GOLD,BRMS.JK,1,2.5,5,2026-02-23,2.87,2026-02-24,2026-03-03,1010.0,980.0,1000000,990.1,NEXT_DAY,-2.97,-29703.0,970297.0
GOLD,BRMS.JK,1,2.5,5,2026-03-25,3.42,2026-03-26,2026-04-02,710.0,735.0,1000000,1408.45,NEXT_DAY,3.52,35211.0,1035211.0
GOLD,BRMS.JK,1,2.5,5,2026-05-06,2.77,2026-05-07,2026-05-14,835.0,770.0,1000000,1197.6,NEXT_DAY,-7.78,-77844.0,922156.0
GOLD,BRMS.JK,1,2.5,5,2026-06-12,3.05,2026-06-15,2026-06-23,660.0,640.0,1000000,1515.15,NEXT_DAY,-3.03,-30303.0,969697.0
GOLD,PSAB.JK,1,2.5,5,2026-01-05,2.84,2026-01-06,2026-01-13,600.0,590.0,1000000,1666.67,NEXT_DAY,-1.67,-16667.0,983333.0
GOLD,PSAB.JK,1,2.5,5,2026-01-28,4.36,2026-01-29,2026-02-05,595.0,494.0,1000000,1680.67,NEXT_DAY,-16.97,-169748.0,830252.0
GOLD,PSAB.JK,1,2.5,5,2026-02-23,2.87,2026-02-24,2026-03-03,555.0,570.0,1000000,1801.8,NEXT_DAY,2.7,27027.0,1027027.0
GOLD,PSAB.JK,1,2.5,5,2026-03-25,3.42,2026-03-26,2026-04-02,480.0,510.0,1000000,2083.33,NEXT_DAY,6.25,62500.0,1062500.0
GOLD,PSAB.JK,1,2.5,5,2026-05-06,2.77,2026-05-07,2026-05-14,560.0,500.0,1000000,1785.71,NEXT_DAY,-10.71,-107143.0,892857.0
GOLD,PSAB.JK,1,2.5,5,2026-06-12,3.05,2026-06-15,2026-06-23,468.0,422.0,1000000,2136.75,NEXT_DAY,-9.83,-98291.0,901709.0
GOLD,HRTA.JK,1,2.5,10,2026-01-05,2.84,2026-01-06,2026-01-21,2250.0,2550.0,1000000,444.44,NEXT_DAY,13.33,133333.0,1133333.0
GOLD,HRTA.JK,1,2.5,10,2026-01-28,4.36,2026-01-29,2026-02-12,2330.0,2650.0,1000000,429.18,NEXT_DAY,13.73,137339.0,1137339.0
GOLD,HRTA.JK,1,2.5,10,2026-02-23,2.87,2026-02-24,2026-03-10,2830.0,2700.0,1000000,353.36,NEXT_DAY,-4.59,-45936.0,954064.0
GOLD,HRTA.JK,1,2.5,10,2026-03-25,3.42,2026-03-26,2026-04-10,2350.0,2530.0,1000000,425.53,NEXT_DAY,7.66,76596.0,1076596.0
GOLD,HRTA.JK,1,2.5,10,2026-05-06,2.77,2026-05-07,2026-05-21,2870.0,2130.0,1000000,348.43,NEXT_DAY,-25.78,-257840.0,742160.0
GOLD,HRTA.JK,1,2.5,10,2026-06-12,3.05,2026-06-15,2026-06-30,2170.0,1685.0,1000000,460.83,NEXT_DAY,-22.35,-223502.0,776498.0
GOLD,MDKA.JK,1,2.5,10,2026-01-05,2.84,2026-01-06,2026-01-21,2700.0,3310.0,1000000,370.37,NEXT_DAY,22.59,225926.0,1225926.0
GOLD,MDKA.JK,1,2.5,10,2026-01-28,4.36,2026-01-29,2026-02-12,3170.0,3190.0,1000000,315.46,NEXT_DAY,0.63,6309.0,1006309.0
GOLD,MDKA.JK,1,2.5,10,2026-02-23,2.87,2026-02-24,2026-03-10,3790.0,3500.0,1000000,263.85,NEXT_DAY,-7.65,-76517.0,923483.0
GOLD,MDKA.JK,1,2.5,10,2026-03-25,3.42,2026-03-26,2026-04-10,3240.0,3220.0,1000000,308.64,NEXT_DAY,-0.62,-6173.0,993827.0
GOLD,MDKA.JK,1,2.5,10,2026-05-06,2.77,2026-05-07,2026-05-21,3200.0,2180.0,1000000,312.5,NEXT_DAY,-31.87,-318750.0,681250.0
GOLD,MDKA.JK,1,2.5,10,2026-06-12,3.05,2026-06-15,2026-06-30,2740.0,2420.0,1000000,364.96,NEXT_DAY,-11.68,-116788.0,883212.0
GOLD,ANTM.JK,1,2.5,10,2026-01-05,2.84,2026-01-06,2026-01-21,3450.0,4270.0,1000000,289.86,NEXT_DAY,23.77,237681.0,1237681.0
GOLD,ANTM.JK,1,2.5,10,2026-01-28,4.36,2026-01-29,2026-02-12,4320.0,4120.0,1000000,231.48,NEXT_DAY,-4.63,-46296.0,953704.0
GOLD,ANTM.JK,1,2.5,10,2026-02-23,2.87,2026-02-24,2026-03-10,4380.0,4020.0,1000000,228.31,NEXT_DAY,-8.22,-82192.0,917808.0
GOLD,ANTM.JK,1,2.5,10,2026-03-25,3.42,2026-03-26,2026-04-10,3430.0,3710.0,1000000,291.55,NEXT_DAY,8.16,81633.0,1081633.0
GOLD,ANTM.JK,1,2.5,10,2026-05-06,2.77,2026-05-07,2026-05-21,3880.0,2970.0,1000000,257.73,NEXT_DAY,-23.45,-234536.0,765464.0
GOLD,ANTM.JK,1,2.5,10,2026-06-12,3.05,2026-06-15,2026-06-30,3130.0,2590.0,1000000,319.49,NEXT_DAY,-17.25,-172524.0,827476.0
GOLD,BRMS.JK,1,2.5,10,2026-01-05,2.84,2026-01-06,2026-01-21,1285.0,1265.0,1000000,778.21,NEXT_DAY,-1.56,-15564.0,984436.0
GOLD,BRMS.JK,1,2.5,10,2026-01-28,4.36,2026-01-29,2026-02-12,1070.0,1070.0,1000000,934.58,NEXT_DAY,0.0,0.0,1000000.0
GOLD,BRMS.JK,1,2.5,10,2026-02-23,2.87,2026-02-24,2026-03-10,1010.0,855.0,1000000,990.1,NEXT_DAY,-15.35,-153465.0,846535.0
GOLD,BRMS.JK,1,2.5,10,2026-03-25,3.42,2026-03-26,2026-04-10,710.0,845.0,1000000,1408.45,NEXT_DAY,19.01,190141.0,1190141.0
GOLD,BRMS.JK,1,2.5,10,2026-05-06,2.77,2026-05-07,2026-05-21,835.0,565.0,1000000,1197.6,NEXT_DAY,-32.34,-323353.0,676647.0
GOLD,BRMS.JK,1,2.5,10,2026-06-12,3.05,2026-06-15,2026-06-30,660.0,474.0,1000000,1515.15,NEXT_DAY,-28.18,-281818.0,718182.0
GOLD,PSAB.JK,1,2.5,10,2026-01-05,2.84,2026-01-06,2026-01-21,600.0,650.0,1000000,1666.67,NEXT_DAY,8.33,83333.0,1083333.0
GOLD,PSAB.JK,1,2.5,10,2026-01-28,4.36,2026-01-29,2026-02-12,595.0,555.0,1000000,1680.67,NEXT_DAY,-6.72,-67227.0,932773.0
GOLD,PSAB.JK,1,2.5,10,2026-02-23,2.87,2026-02-24,2026-03-10,555.0,505.0,1000000,1801.8,NEXT_DAY,-9.01,-90090.0,909910.0
GOLD,PSAB.JK,1,2.5,10,2026-03-25,3.42,2026-03-26,2026-04-10,480.0,510.0,1000000,2083.33,NEXT_DAY,6.25,62500.0,1062500.0
GOLD,PSAB.JK,1,2.5,10,2026-05-06,2.77,2026-05-07,2026-05-21,560.0,372.0,1000000,1785.71,NEXT_DAY,-33.57,-335714.0,664286.0
GOLD,PSAB.JK,1,2.5,10,2026-06-12,3.05,2026-06-15,2026-06-30,468.0,386.0,1000000,2136.75,NEXT_DAY,-17.52,-175214.0,824786.0
GOLD,HRTA.JK,1,3.0,1,2026-01-20,3.73,2026-01-21,2026-01-22,2550.0,2320.0,1000000,392.16,NEXT_DAY,-9.02,-90196.0,909804.0
GOLD,HRTA.JK,1,3.0,1,2026-03-25,3.42,2026-03-26,2026-03-27,2350.0,2390.0,1000000,425.53,NEXT_DAY,1.7,17021.0,1017021.0
GOLD,HRTA.JK,1,3.0,1,2026-06-12,3.05,2026-06-15,2026-06-17,2170.0,2250.0,1000000,460.83,NEXT_DAY,3.69,36866.0,1036866.0
GOLD,MDKA.JK,1,3.0,1,2026-01-20,3.73,2026-01-21,2026-01-22,3310.0,3240.0,1000000,302.11,NEXT_DAY,-2.11,-21148.0,978852.0
GOLD,MDKA.JK,1,3.0,1,2026-03-25,3.42,2026-03-26,2026-03-27,3240.0,3230.0,1000000,308.64,NEXT_DAY,-0.31,-3086.0,996914.0
GOLD,MDKA.JK,1,3.0,1,2026-06-12,3.05,2026-06-15,2026-06-17,2740.0,2730.0,1000000,364.96,NEXT_DAY,-0.36,-3650.0,996350.0
GOLD,ANTM.JK,1,3.0,1,2026-01-20,3.73,2026-01-21,2026-01-22,4270.0,4220.0,1000000,234.19,NEXT_DAY,-1.17,-11710.0,988290.0
GOLD,ANTM.JK,1,3.0,1,2026-03-25,3.42,2026-03-26,2026-03-27,3430.0,3500.0,1000000,291.55,NEXT_DAY,2.04,20408.0,1020408.0
GOLD,ANTM.JK,1,3.0,1,2026-06-12,3.05,2026-06-15,2026-06-17,3130.0,3160.0,1000000,319.49,NEXT_DAY,0.96,9585.0,1009585.0
GOLD,BRMS.JK,1,3.0,1,2026-01-20,3.73,2026-01-21,2026-01-22,1265.0,1230.0,1000000,790.51,NEXT_DAY,-2.77,-27668.0,972332.0
GOLD,BRMS.JK,1,3.0,1,2026-03-25,3.42,2026-03-26,2026-03-27,710.0,710.0,1000000,1408.45,NEXT_DAY,0.0,0.0,1000000.0
GOLD,BRMS.JK,1,3.0,1,2026-06-12,3.05,2026-06-15,2026-06-17,660.0,665.0,1000000,1515.15,NEXT_DAY,0.76,7576.0,1007576.0
GOLD,PSAB.JK,1,3.0,1,2026-01-20,3.73,2026-01-21,2026-01-22,650.0,625.0,1000000,1538.46,NEXT_DAY,-3.85,-38462.0,961538.0
GOLD,PSAB.JK,1,3.0,1,2026-03-25,3.42,2026-03-26,2026-03-27,480.0,476.0,1000000,2083.33,NEXT_DAY,-0.83,-8333.0,991667.0
GOLD,PSAB.JK,1,3.0,1,2026-06-12,3.05,2026-06-15,2026-06-17,468.0,448.0,1000000,2136.75,NEXT_DAY,-4.27,-42735.0,957265.0
GOLD,HRTA.JK,1,3.0,2,2026-01-20,3.73,2026-01-21,2026-01-23,2550.0,2330.0,1000000,392.16,NEXT_DAY,-8.63,-86275.0,913725.0
GOLD,HRTA.JK,1,3.0,2,2026-03-25,3.42,2026-03-26,2026-03-30,2350.0,2200.0,1000000,425.53,NEXT_DAY,-6.38,-63830.0,936170.0
GOLD,HRTA.JK,1,3.0,2,2026-06-12,3.05,2026-06-15,2026-06-18,2170.0,2170.0,1000000,460.83,NEXT_DAY,0.0,0.0,1000000.0
GOLD,MDKA.JK,1,3.0,2,2026-01-20,3.73,2026-01-21,2026-01-23,3310.0,3300.0,1000000,302.11,NEXT_DAY,-0.3,-3021.0,996979.0
GOLD,MDKA.JK,1,3.0,2,2026-03-25,3.42,2026-03-26,2026-03-30,3240.0,3100.0,1000000,308.64,NEXT_DAY,-4.32,-43210.0,956790.0
GOLD,MDKA.JK,1,3.0,2,2026-06-12,3.05,2026-06-15,2026-06-18,2740.0,2860.0,1000000,364.96,NEXT_DAY,4.38,43796.0,1043796.0
GOLD,ANTM.JK,1,3.0,2,2026-01-20,3.73,2026-01-21,2026-01-23,4270.0,4290.0,1000000,234.19,NEXT_DAY,0.47,4684.0,1004684.0
GOLD,ANTM.JK,1,3.0,2,2026-03-25,3.42,2026-03-26,2026-03-30,3430.0,3500.0,1000000,291.55,NEXT_DAY,2.04,20408.0,1020408.0
GOLD,ANTM.JK,1,3.0,2,2026-06-12,3.05,2026-06-15,2026-06-18,3130.0,3170.0,1000000,319.49,NEXT_DAY,1.28,12780.0,1012780.0
GOLD,BRMS.JK,1,3.0,2,2026-01-20,3.73,2026-01-21,2026-01-23,1265.0,1250.0,1000000,790.51,NEXT_DAY,-1.19,-11858.0,988142.0
GOLD,BRMS.JK,1,3.0,2,2026-03-25,3.42,2026-03-26,2026-03-30,710.0,765.0,1000000,1408.45,NEXT_DAY,7.75,77465.0,1077465.0
GOLD,BRMS.JK,1,3.0,2,2026-06-12,3.05,2026-06-15,2026-06-18,660.0,670.0,1000000,1515.15,NEXT_DAY,1.52,15152.0,1015152.0
GOLD,PSAB.JK,1,3.0,2,2026-01-20,3.73,2026-01-21,2026-01-23,650.0,620.0,1000000,1538.46,NEXT_DAY,-4.62,-46154.0,953846.0
GOLD,PSAB.JK,1,3.0,2,2026-03-25,3.42,2026-03-26,2026-03-30,480.0,466.0,1000000,2083.33,NEXT_DAY,-2.92,-29167.0,970833.0
GOLD,PSAB.JK,1,3.0,2,2026-06-12,3.05,2026-06-15,2026-06-18,468.0,448.0,1000000,2136.75,NEXT_DAY,-4.27,-42735.0,957265.0
GOLD,HRTA.JK,1,3.0,3,2026-01-20,3.73,2026-01-21,2026-01-26,2550.0,2440.0,1000000,392.16,NEXT_DAY,-4.31,-43137.0,956863.0
GOLD,HRTA.JK,1,3.0,3,2026-03-25,3.42,2026-03-26,2026-03-31,2350.0,2180.0,1000000,425.53,NEXT_DAY,-7.23,-72340.0,927660.0
GOLD,HRTA.JK,1,3.0,3,2026-06-12,3.05,2026-06-15,2026-06-19,2170.0,2120.0,1000000,460.83,NEXT_DAY,-2.3,-23041.0,976959.0
GOLD,MDKA.JK,1,3.0,3,2026-01-20,3.73,2026-01-21,2026-01-26,3310.0,3450.0,1000000,302.11,NEXT_DAY,4.23,42296.0,1042296.0
GOLD,MDKA.JK,1,3.0,3,2026-03-25,3.42,2026-03-26,2026-03-31,3240.0,3140.0,1000000,308.64,NEXT_DAY,-3.09,-30864.0,969136.0
GOLD,MDKA.JK,1,3.0,3,2026-06-12,3.05,2026-06-15,2026-06-19,2740.0,2930.0,1000000,364.96,NEXT_DAY,6.93,69343.0,1069343.0
GOLD,ANTM.JK,1,3.0,3,2026-01-20,3.73,2026-01-21,2026-01-26,4270.0,4760.0,1000000,234.19,NEXT_DAY,11.48,114754.0,1114754.0
GOLD,ANTM.JK,1,3.0,3,2026-03-25,3.42,2026-03-26,2026-03-31,3430.0,3500.0,1000000,291.55,NEXT_DAY,2.04,20408.0,1020408.0
GOLD,ANTM.JK,1,3.0,3,2026-06-12,3.05,2026-06-15,2026-06-19,3130.0,3080.0,1000000,319.49,NEXT_DAY,-1.6,-15974.0,984026.0
GOLD,BRMS.JK,1,3.0,3,2026-01-20,3.73,2026-01-21,2026-01-26,1265.0,1280.0,1000000,790.51,NEXT_DAY,1.19,11858.0,1011858.0
GOLD,BRMS.JK,1,3.0,3,2026-03-25,3.42,2026-03-26,2026-03-31,710.0,730.0,1000000,1408.45,NEXT_DAY,2.82,28169.0,1028169.0
GOLD,BRMS.JK,1,3.0,3,2026-06-12,3.05,2026-06-15,2026-06-19,660.0,660.0,1000000,1515.15,NEXT_DAY,0.0,0.0,1000000.0
GOLD,PSAB.JK,1,3.0,3,2026-01-20,3.73,2026-01-21,2026-01-26,650.0,635.0,1000000,1538.46,NEXT_DAY,-2.31,-23077.0,976923.0
GOLD,PSAB.JK,1,3.0,3,2026-03-25,3.42,2026-03-26,2026-03-31,480.0,460.0,1000000,2083.33,NEXT_DAY,-4.17,-41667.0,958333.0
GOLD,PSAB.JK,1,3.0,3,2026-06-12,3.05,2026-06-15,2026-06-19,468.0,440.0,1000000,2136.75,NEXT_DAY,-5.98,-59829.0,940171.0
GOLD,HRTA.JK,1,3.0,5,2026-01-20,3.73,2026-01-21,2026-01-28,2550.0,2400.0,1000000,392.16,NEXT_DAY,-5.88,-58824.0,941176.0
GOLD,HRTA.JK,1,3.0,5,2026-03-25,3.42,2026-03-26,2026-04-02,2350.0,2340.0,1000000,425.53,NEXT_DAY,-0.43,-4255.0,995745.0
GOLD,HRTA.JK,1,3.0,5,2026-06-12,3.05,2026-06-15,2026-06-23,2170.0,2050.0,1000000,460.83,NEXT_DAY,-5.53,-55300.0,944700.0
GOLD,MDKA.JK,1,3.0,5,2026-01-20,3.73,2026-01-21,2026-01-28,3310.0,3240.0,1000000,302.11,NEXT_DAY,-2.11,-21148.0,978852.0
GOLD,MDKA.JK,1,3.0,5,2026-03-25,3.42,2026-03-26,2026-04-02,3240.0,3260.0,1000000,308.64,NEXT_DAY,0.62,6173.0,1006173.0
GOLD,MDKA.JK,1,3.0,5,2026-06-12,3.05,2026-06-15,2026-06-23,2740.0,2840.0,1000000,364.96,NEXT_DAY,3.65,36496.0,1036496.0
GOLD,ANTM.JK,1,3.0,5,2026-01-20,3.73,2026-01-21,2026-01-28,4270.0,4420.0,1000000,234.19,NEXT_DAY,3.51,35129.0,1035129.0
GOLD,ANTM.JK,1,3.0,5,2026-03-25,3.42,2026-03-26,2026-04-02,3430.0,3640.0,1000000,291.55,NEXT_DAY,6.12,61224.0,1061224.0
GOLD,ANTM.JK,1,3.0,5,2026-06-12,3.05,2026-06-15,2026-06-23,3130.0,2870.0,1000000,319.49,NEXT_DAY,-8.31,-83067.0,916933.0
GOLD,BRMS.JK,1,3.0,5,2026-01-20,3.73,2026-01-21,2026-01-28,1265.0,1105.0,1000000,790.51,NEXT_DAY,-12.65,-126482.0,873518.0
GOLD,BRMS.JK,1,3.0,5,2026-03-25,3.42,2026-03-26,2026-04-02,710.0,735.0,1000000,1408.45,NEXT_DAY,3.52,35211.0,1035211.0
GOLD,BRMS.JK,1,3.0,5,2026-06-12,3.05,2026-06-15,2026-06-23,660.0,640.0,1000000,1515.15,NEXT_DAY,-3.03,-30303.0,969697.0
GOLD,PSAB.JK,1,3.0,5,2026-01-20,3.73,2026-01-21,2026-01-28,650.0,600.0,1000000,1538.46,NEXT_DAY,-7.69,-76923.0,923077.0
GOLD,PSAB.JK,1,3.0,5,2026-03-25,3.42,2026-03-26,2026-04-02,480.0,510.0,1000000,2083.33,NEXT_DAY,6.25,62500.0,1062500.0
GOLD,PSAB.JK,1,3.0,5,2026-06-12,3.05,2026-06-15,2026-06-23,468.0,422.0,1000000,2136.75,NEXT_DAY,-9.83,-98291.0,901709.0
GOLD,HRTA.JK,1,3.0,10,2026-01-20,3.73,2026-01-21,2026-02-04,2550.0,2260.0,1000000,392.16,NEXT_DAY,-11.37,-113725.0,886275.0
GOLD,HRTA.JK,1,3.0,10,2026-03-25,3.42,2026-03-26,2026-04-10,2350.0,2530.0,1000000,425.53,NEXT_DAY,7.66,76596.0,1076596.0
GOLD,HRTA.JK,1,3.0,10,2026-06-12,3.05,2026-06-15,2026-06-30,2170.0,1685.0,1000000,460.83,NEXT_DAY,-22.35,-223502.0,776498.0
GOLD,MDKA.JK,1,3.0,10,2026-01-20,3.73,2026-01-21,2026-02-04,3310.0,3030.0,1000000,302.11,NEXT_DAY,-8.46,-84592.0,915408.0
GOLD,MDKA.JK,1,3.0,10,2026-03-25,3.42,2026-03-26,2026-04-10,3240.0,3220.0,1000000,308.64,NEXT_DAY,-0.62,-6173.0,993827.0
GOLD,MDKA.JK,1,3.0,10,2026-06-12,3.05,2026-06-15,2026-06-30,2740.0,2420.0,1000000,364.96,NEXT_DAY,-11.68,-116788.0,883212.0
GOLD,ANTM.JK,1,3.0,10,2026-01-20,3.73,2026-01-21,2026-02-04,4270.0,3990.0,1000000,234.19,NEXT_DAY,-6.56,-65574.0,934426.0
GOLD,ANTM.JK,1,3.0,10,2026-03-25,3.42,2026-03-26,2026-04-10,3430.0,3710.0,1000000,291.55,NEXT_DAY,8.16,81633.0,1081633.0
GOLD,ANTM.JK,1,3.0,10,2026-06-12,3.05,2026-06-15,2026-06-30,3130.0,2590.0,1000000,319.49,NEXT_DAY,-17.25,-172524.0,827476.0
GOLD,BRMS.JK,1,3.0,10,2026-01-20,3.73,2026-01-21,2026-02-04,1265.0,995.0,1000000,790.51,NEXT_DAY,-21.34,-213439.0,786561.0
GOLD,BRMS.JK,1,3.0,10,2026-03-25,3.42,2026-03-26,2026-04-10,710.0,845.0,1000000,1408.45,NEXT_DAY,19.01,190141.0,1190141.0
GOLD,BRMS.JK,1,3.0,10,2026-06-12,3.05,2026-06-15,2026-06-30,660.0,474.0,1000000,1515.15,NEXT_DAY,-28.18,-281818.0,718182.0
GOLD,PSAB.JK,1,3.0,10,2026-01-20,3.73,2026-01-21,2026-02-04,650.0,515.0,1000000,1538.46,NEXT_DAY,-20.77,-207692.0,792308.0
GOLD,PSAB.JK,1,3.0,10,2026-03-25,3.42,2026-03-26,2026-04-10,480.0,510.0,1000000,2083.33,NEXT_DAY,6.25,62500.0,1062500.0
GOLD,PSAB.JK,1,3.0,10,2026-06-12,3.05,2026-06-15,2026-06-30,468.0,386.0,1000000,2136.75,NEXT_DAY,-17.52,-175214.0,824786.0
GOLD,HRTA.JK,1,5.0,1,2026-02-03,6.08,2026-02-04,2026-02-05,2260.0,2120.0,1000000,442.48,NEXT_DAY,-6.19,-61947.0,938053.0
GOLD,MDKA.JK,1,5.0,1,2026-02-03,6.08,2026-02-04,2026-02-05,3030.0,3060.0,1000000,330.03,NEXT_DAY,0.99,9901.0,1009901.0
GOLD,ANTM.JK,1,5.0,1,2026-02-03,6.08,2026-02-04,2026-02-05,3990.0,3810.0,1000000,250.63,NEXT_DAY,-4.51,-45113.0,954887.0
GOLD,BRMS.JK,1,5.0,1,2026-02-03,6.08,2026-02-04,2026-02-05,995.0,980.0,1000000,1005.03,NEXT_DAY,-1.51,-15075.0,984925.0
GOLD,PSAB.JK,1,5.0,1,2026-02-03,6.08,2026-02-04,2026-02-05,515.0,494.0,1000000,1941.75,NEXT_DAY,-4.08,-40777.0,959223.0
GOLD,HRTA.JK,1,5.0,2,2026-02-03,6.08,2026-02-04,2026-02-06,2260.0,2260.0,1000000,442.48,NEXT_DAY,0.0,0.0,1000000.0
GOLD,MDKA.JK,1,5.0,2,2026-02-03,6.08,2026-02-04,2026-02-06,3030.0,2850.0,1000000,330.03,NEXT_DAY,-5.94,-59406.0,940594.0
GOLD,ANTM.JK,1,5.0,2,2026-02-03,6.08,2026-02-04,2026-02-06,3990.0,3710.0,1000000,250.63,NEXT_DAY,-7.02,-70175.0,929825.0
GOLD,BRMS.JK,1,5.0,2,2026-02-03,6.08,2026-02-04,2026-02-06,995.0,945.0,1000000,1005.03,NEXT_DAY,-5.03,-50251.0,949749.0
GOLD,PSAB.JK,1,5.0,2,2026-02-03,6.08,2026-02-04,2026-02-06,515.0,488.0,1000000,1941.75,NEXT_DAY,-5.24,-52427.0,947573.0
GOLD,HRTA.JK,1,5.0,3,2026-02-03,6.08,2026-02-04,2026-02-09,2260.0,2250.0,1000000,442.48,NEXT_DAY,-0.44,-4425.0,995575.0
GOLD,MDKA.JK,1,5.0,3,2026-02-03,6.08,2026-02-04,2026-02-09,3030.0,3040.0,1000000,330.03,NEXT_DAY,0.33,3300.0,1003300.0
GOLD,ANTM.JK,1,5.0,3,2026-02-03,6.08,2026-02-04,2026-02-09,3990.0,3890.0,1000000,250.63,NEXT_DAY,-2.51,-25063.0,974937.0
GOLD,BRMS.JK,1,5.0,3,2026-02-03,6.08,2026-02-04,2026-02-09,995.0,1010.0,1000000,1005.03,NEXT_DAY,1.51,15075.0,1015075.0
GOLD,PSAB.JK,1,5.0,3,2026-02-03,6.08,2026-02-04,2026-02-09,515.0,505.0,1000000,1941.75,NEXT_DAY,-1.94,-19417.0,980583.0
GOLD,HRTA.JK,1,5.0,5,2026-02-03,6.08,2026-02-04,2026-02-11,2260.0,2530.0,1000000,442.48,NEXT_DAY,11.95,119469.0,1119469.0
GOLD,MDKA.JK,1,5.0,5,2026-02-03,6.08,2026-02-04,2026-02-11,3030.0,3160.0,1000000,330.03,NEXT_DAY,4.29,42904.0,1042904.0
GOLD,ANTM.JK,1,5.0,5,2026-02-03,6.08,2026-02-04,2026-02-11,3990.0,3990.0,1000000,250.63,NEXT_DAY,0.0,0.0,1000000.0
GOLD,BRMS.JK,1,5.0,5,2026-02-03,6.08,2026-02-04,2026-02-11,995.0,1085.0,1000000,1005.03,NEXT_DAY,9.05,90452.0,1090452.0
GOLD,PSAB.JK,1,5.0,5,2026-02-03,6.08,2026-02-04,2026-02-11,515.0,540.0,1000000,1941.75,NEXT_DAY,4.85,48544.0,1048544.0
GOLD,HRTA.JK,1,5.0,10,2026-02-03,6.08,2026-02-04,2026-02-20,2260.0,2750.0,1000000,442.48,NEXT_DAY,21.68,216814.0,1216814.0
GOLD,MDKA.JK,1,5.0,10,2026-02-03,6.08,2026-02-04,2026-02-20,3030.0,3590.0,1000000,330.03,NEXT_DAY,18.48,184818.0,1184818.0
GOLD,ANTM.JK,1,5.0,10,2026-02-03,6.08,2026-02-04,2026-02-20,3990.0,4220.0,1000000,250.63,NEXT_DAY,5.76,57644.0,1057644.0
GOLD,BRMS.JK,1,5.0,10,2026-02-03,6.08,2026-02-04,2026-02-20,995.0,1060.0,1000000,1005.03,NEXT_DAY,6.53,65327.0,1065327.0
GOLD,PSAB.JK,1,5.0,10,2026-02-03,6.08,2026-02-04,2026-02-20,515.0,565.0,1000000,1941.75,NEXT_DAY,9.71,97087.0,1097087.0
GOLD,HRTA.JK,3,0.5,1,2026-01-07,3.13,2026-01-08,2026-01-09,2220.0,2380.0,1000000,450.45,NEXT_DAY,7.21,72072.0,1072072.0
GOLD,HRTA.JK,3,0.5,1,2026-01-28,6.54,2026-01-29,2026-01-30,2330.0,2230.0,1000000,429.18,NEXT_DAY,-4.29,-42918.0,957082.0
GOLD,HRTA.JK,3,0.5,1,2026-02-18,1.28,2026-02-19,2026-02-20,2700.0,2750.0,1000000,370.37,NEXT_DAY,1.85,18519.0,1018519.0
GOLD,HRTA.JK,3,0.5,1,2026-03-27,2.11,2026-03-30,2026-03-31,2200.0,2180.0,1000000,454.55,NEXT_DAY,-0.91,-9091.0,990909.0
GOLD,HRTA.JK,3,0.5,1,2026-04-17,0.68,2026-04-20,2026-04-21,2880.0,2970.0,1000000,347.22,NEXT_DAY,3.12,31250.0,1031250.0
GOLD,HRTA.JK,3,0.5,1,2026-05-08,3.61,2026-05-11,2026-05-12,2670.0,2670.0,1000000,374.53,NEXT_DAY,0.0,0.0,1000000.0
GOLD,HRTA.JK,3,0.5,1,2026-05-29,1.34,2026-06-02,2026-06-03,2460.0,2300.0,1000000,406.5,NEXT_DAY,-6.5,-65041.0,934959.0
GOLD,HRTA.JK,3,0.5,1,2026-06-29,0.8,2026-06-30,2026-07-01,1685.0,1665.0,1000000,593.47,NEXT_DAY,-1.19,-11869.0,988131.0
GOLD,MDKA.JK,3,0.5,1,2026-01-07,3.13,2026-01-08,2026-01-09,2560.0,2700.0,1000000,390.62,NEXT_DAY,5.47,54688.0,1054688.0
GOLD,MDKA.JK,3,0.5,1,2026-01-28,6.54,2026-01-29,2026-01-30,3170.0,3210.0,1000000,315.46,NEXT_DAY,1.26,12618.0,1012618.0
GOLD,MDKA.JK,3,0.5,1,2026-02-18,1.28,2026-02-19,2026-02-20,3530.0,3590.0,1000000,283.29,NEXT_DAY,1.7,16997.0,1016997.0
GOLD,MDKA.JK,3,0.5,1,2026-03-27,2.11,2026-03-30,2026-03-31,3100.0,3140.0,1000000,322.58,NEXT_DAY,1.29,12903.0,1012903.0
GOLD,MDKA.JK,3,0.5,1,2026-04-17,0.68,2026-04-20,2026-04-21,3350.0,3370.0,1000000,298.51,NEXT_DAY,0.6,5970.0,1005970.0
GOLD,MDKA.JK,3,0.5,1,2026-05-08,3.61,2026-05-11,2026-05-12,2870.0,2870.0,1000000,348.43,NEXT_DAY,-0.0,-0.0,1000000.0
GOLD,MDKA.JK,3,0.5,1,2026-05-29,1.34,2026-06-02,2026-06-03,2640.0,2320.0,1000000,378.79,NEXT_DAY,-12.12,-121212.0,878788.0
GOLD,MDKA.JK,3,0.5,1,2026-06-29,0.8,2026-06-30,2026-07-01,2420.0,2540.0,1000000,413.22,NEXT_DAY,4.96,49587.0,1049587.0
GOLD,ANTM.JK,3,0.5,1,2026-01-07,3.13,2026-01-08,2026-01-09,3490.0,3630.0,1000000,286.53,NEXT_DAY,4.01,40115.0,1040115.0
GOLD,ANTM.JK,3,0.5,1,2026-01-28,6.54,2026-01-29,2026-01-30,4320.0,4210.0,1000000,231.48,NEXT_DAY,-2.55,-25463.0,974537.0
GOLD,ANTM.JK,3,0.5,1,2026-02-18,1.28,2026-02-19,2026-02-20,4230.0,4220.0,1000000,236.41,NEXT_DAY,-0.24,-2364.0,997636.0
GOLD,ANTM.JK,3,0.5,1,2026-03-27,2.11,2026-03-30,2026-03-31,3500.0,3500.0,1000000,285.71,NEXT_DAY,0.0,0.0,1000000.0
GOLD,ANTM.JK,3,0.5,1,2026-04-17,0.68,2026-04-20,2026-04-21,4010.0,4030.0,1000000,249.38,NEXT_DAY,0.5,4988.0,1004988.0
GOLD,ANTM.JK,3,0.5,1,2026-05-08,3.61,2026-05-11,2026-05-12,3700.0,3570.0,1000000,270.27,NEXT_DAY,-3.51,-35135.0,964865.0
GOLD,ANTM.JK,3,0.5,1,2026-05-29,1.34,2026-06-02,2026-06-03,2960.0,2610.0,1000000,337.84,NEXT_DAY,-11.82,-118243.0,881757.0
GOLD,ANTM.JK,3,0.5,1,2026-06-29,0.8,2026-06-30,2026-07-01,2590.0,2610.0,1000000,386.1,NEXT_DAY,0.77,7722.0,1007722.0
GOLD,BRMS.JK,3,0.5,1,2026-01-07,3.13,2026-01-08,2026-01-09,1205.0,1230.0,1000000,829.88,NEXT_DAY,2.07,20747.0,1020747.0
GOLD,BRMS.JK,3,0.5,1,2026-01-28,6.54,2026-01-29,2026-01-30,1070.0,1080.0,1000000,934.58,NEXT_DAY,0.93,9346.0,1009346.0
GOLD,BRMS.JK,3,0.5,1,2026-02-18,1.28,2026-02-19,2026-02-20,1055.0,1060.0,1000000,947.87,NEXT_DAY,0.47,4739.0,1004739.0
GOLD,BRMS.JK,3,0.5,1,2026-03-27,2.11,2026-03-30,2026-03-31,765.0,730.0,1000000,1307.19,NEXT_DAY,-4.58,-45752.0,954248.0
GOLD,BRMS.JK,3,0.5,1,2026-04-17,0.68,2026-04-20,2026-04-21,905.0,900.0,1000000,1104.97,NEXT_DAY,-0.55,-5525.0,994475.0
GOLD,BRMS.JK,3,0.5,1,2026-05-08,3.61,2026-05-11,2026-05-12,750.0,760.0,1000000,1333.33,NEXT_DAY,1.33,13333.0,1013333.0
GOLD,BRMS.JK,3,0.5,1,2026-05-29,1.34,2026-06-02,2026-06-03,580.0,535.0,1000000,1724.14,NEXT_DAY,-7.76,-77586.0,922414.0
GOLD,BRMS.JK,3,0.5,1,2026-06-29,0.8,2026-06-30,2026-07-01,474.0,476.0,1000000,2109.7,NEXT_DAY,0.42,4219.0,1004219.0
GOLD,PSAB.JK,3,0.5,1,2026-01-07,3.13,2026-01-08,2026-01-09,580.0,600.0,1000000,1724.14,NEXT_DAY,3.45,34483.0,1034483.0
GOLD,PSAB.JK,3,0.5,1,2026-01-28,6.54,2026-01-29,2026-01-30,595.0,550.0,1000000,1680.67,NEXT_DAY,-7.56,-75630.0,924370.0
GOLD,PSAB.JK,3,0.5,1,2026-02-18,1.28,2026-02-19,2026-02-20,560.0,565.0,1000000,1785.71,NEXT_DAY,0.89,8929.0,1008929.0
GOLD,PSAB.JK,3,0.5,1,2026-03-27,2.11,2026-03-30,2026-03-31,466.0,460.0,1000000,2145.92,NEXT_DAY,-1.29,-12876.0,987124.0
GOLD,PSAB.JK,3,0.5,1,2026-04-17,0.68,2026-04-20,2026-04-21,555.0,575.0,1000000,1801.8,NEXT_DAY,3.6,36036.0,1036036.0
GOLD,PSAB.JK,3,0.5,1,2026-05-08,3.61,2026-05-11,2026-05-12,510.0,520.0,1000000,1960.78,NEXT_DAY,1.96,19608.0,1019608.0
GOLD,PSAB.JK,3,0.5,1,2026-05-29,1.34,2026-06-02,2026-06-03,545.0,505.0,1000000,1834.86,NEXT_DAY,-7.34,-73394.0,926606.0
GOLD,PSAB.JK,3,0.5,1,2026-06-29,0.8,2026-06-30,2026-07-01,386.0,386.0,1000000,2590.67,NEXT_DAY,0.0,0.0,1000000.0
GOLD,HRTA.JK,3,0.5,2,2026-01-07,3.13,2026-01-08,2026-01-12,2220.0,2770.0,1000000,450.45,NEXT_DAY,24.77,247748.0,1247748.0
GOLD,HRTA.JK,3,0.5,2,2026-01-28,6.54,2026-01-29,2026-02-02,2330.0,1900.0,1000000,429.18,NEXT_DAY,-18.45,-184549.0,815451.0
GOLD,HRTA.JK,3,0.5,2,2026-02-18,1.28,2026-02-19,2026-02-23,2700.0,2850.0,1000000,370.37,NEXT_DAY,5.56,55556.0,1055556.0
GOLD,HRTA.JK,3,0.5,2,2026-03-27,2.11,2026-03-30,2026-04-01,2200.0,2540.0,1000000,454.55,NEXT_DAY,15.45,154545.0,1154545.0
GOLD,HRTA.JK,3,0.5,2,2026-04-17,0.68,2026-04-20,2026-04-22,2880.0,3040.0,1000000,347.22,NEXT_DAY,5.56,55556.0,1055556.0
GOLD,HRTA.JK,3,0.5,2,2026-05-08,3.61,2026-05-11,2026-05-13,2670.0,2660.0,1000000,374.53,NEXT_DAY,-0.37,-3745.0,996255.0
GOLD,HRTA.JK,3,0.5,2,2026-05-29,1.34,2026-06-02,2026-06-04,2460.0,2300.0,1000000,406.5,NEXT_DAY,-6.5,-65041.0,934959.0
GOLD,HRTA.JK,3,0.5,2,2026-06-29,0.8,2026-06-30,2026-07-02,1685.0,1740.0,1000000,593.47,NEXT_DAY,3.26,32641.0,1032641.0
GOLD,MDKA.JK,3,0.5,2,2026-01-07,3.13,2026-01-08,2026-01-12,2560.0,2890.0,1000000,390.62,NEXT_DAY,12.89,128906.0,1128906.0
GOLD,MDKA.JK,3,0.5,2,2026-01-28,6.54,2026-01-29,2026-02-02,3170.0,2730.0,1000000,315.46,NEXT_DAY,-13.88,-138801.0,861199.0
GOLD,MDKA.JK,3,0.5,2,2026-02-18,1.28,2026-02-19,2026-02-23,3530.0,3740.0,1000000,283.29,NEXT_DAY,5.95,59490.0,1059490.0
GOLD,MDKA.JK,3,0.5,2,2026-03-27,2.11,2026-03-30,2026-04-01,3100.0,3340.0,1000000,322.58,NEXT_DAY,7.74,77419.0,1077419.0
GOLD,MDKA.JK,3,0.5,2,2026-04-17,0.68,2026-04-20,2026-04-22,3350.0,3400.0,1000000,298.51,NEXT_DAY,1.49,14925.0,1014925.0
GOLD,MDKA.JK,3,0.5,2,2026-05-08,3.61,2026-05-11,2026-05-13,2870.0,2730.0,1000000,348.43,NEXT_DAY,-4.88,-48780.0,951220.0
GOLD,MDKA.JK,3,0.5,2,2026-05-29,1.34,2026-06-02,2026-06-04,2640.0,2490.0,1000000,378.79,NEXT_DAY,-5.68,-56818.0,943182.0
GOLD,MDKA.JK,3,0.5,2,2026-06-29,0.8,2026-06-30,2026-07-02,2420.0,2540.0,1000000,413.22,NEXT_DAY,4.96,49587.0,1049587.0
GOLD,ANTM.JK,3,0.5,2,2026-01-07,3.13,2026-01-08,2026-01-12,3490.0,3830.0,1000000,286.53,NEXT_DAY,9.74,97421.0,1097421.0
GOLD,ANTM.JK,3,0.5,2,2026-01-28,6.54,2026-01-29,2026-02-02,4320.0,3810.0,1000000,231.48,NEXT_DAY,-11.81,-118056.0,881944.0
GOLD,ANTM.JK,3,0.5,2,2026-02-18,1.28,2026-02-19,2026-02-23,4230.0,4390.0,1000000,236.41,NEXT_DAY,3.78,37825.0,1037825.0
GOLD,ANTM.JK,3,0.5,2,2026-03-27,2.11,2026-03-30,2026-04-01,3500.0,3710.0,1000000,285.71,NEXT_DAY,6.0,60000.0,1060000.0
GOLD,ANTM.JK,3,0.5,2,2026-04-17,0.68,2026-04-20,2026-04-22,4010.0,4100.0,1000000,249.38,NEXT_DAY,2.24,22444.0,1022444.0
GOLD,ANTM.JK,3,0.5,2,2026-05-08,3.61,2026-05-11,2026-05-13,3700.0,3500.0,1000000,270.27,NEXT_DAY,-5.41,-54054.0,945946.0
GOLD,ANTM.JK,3,0.5,2,2026-05-29,1.34,2026-06-02,2026-06-04,2960.0,2760.0,1000000,337.84,NEXT_DAY,-6.76,-67568.0,932432.0
GOLD,ANTM.JK,3,0.5,2,2026-06-29,0.8,2026-06-30,2026-07-02,2590.0,2760.0,1000000,386.1,NEXT_DAY,6.56,65637.0,1065637.0
GOLD,BRMS.JK,3,0.5,2,2026-01-07,3.13,2026-01-08,2026-01-12,1205.0,1260.0,1000000,829.88,NEXT_DAY,4.56,45643.0,1045643.0
GOLD,BRMS.JK,3,0.5,2,2026-01-28,6.54,2026-01-29,2026-02-02,1070.0,920.0,1000000,934.58,NEXT_DAY,-14.02,-140187.0,859813.0
GOLD,BRMS.JK,3,0.5,2,2026-02-18,1.28,2026-02-19,2026-02-23,1055.0,1060.0,1000000,947.87,NEXT_DAY,0.47,4739.0,1004739.0
GOLD,BRMS.JK,3,0.5,2,2026-03-27,2.11,2026-03-30,2026-04-01,765.0,780.0,1000000,1307.19,NEXT_DAY,1.96,19608.0,1019608.0
GOLD,BRMS.JK,3,0.5,2,2026-04-17,0.68,2026-04-20,2026-04-22,905.0,905.0,1000000,1104.97,NEXT_DAY,0.0,0.0,1000000.0
GOLD,BRMS.JK,3,0.5,2,2026-05-08,3.61,2026-05-11,2026-05-13,750.0,770.0,1000000,1333.33,NEXT_DAY,2.67,26667.0,1026667.0
GOLD,BRMS.JK,3,0.5,2,2026-05-29,1.34,2026-06-02,2026-06-04,580.0,520.0,1000000,1724.14,NEXT_DAY,-10.34,-103448.0,896552.0
GOLD,BRMS.JK,3,0.5,2,2026-06-29,0.8,2026-06-30,2026-07-02,474.0,484.0,1000000,2109.7,NEXT_DAY,2.11,21097.0,1021097.0
GOLD,PSAB.JK,3,0.5,2,2026-01-07,3.13,2026-01-08,2026-01-12,580.0,610.0,1000000,1724.14,NEXT_DAY,5.17,51724.0,1051724.0
GOLD,PSAB.JK,3,0.5,2,2026-01-28,6.54,2026-01-29,2026-02-02,595.0,468.0,1000000,1680.67,NEXT_DAY,-21.34,-213445.0,786555.0
GOLD,PSAB.JK,3,0.5,2,2026-02-18,1.28,2026-02-19,2026-02-23,560.0,570.0,1000000,1785.71,NEXT_DAY,1.79,17857.0,1017857.0
GOLD,PSAB.JK,3,0.5,2,2026-03-27,2.11,2026-03-30,2026-04-01,466.0,525.0,1000000,2145.92,NEXT_DAY,12.66,126609.0,1126609.0
GOLD,PSAB.JK,3,0.5,2,2026-04-17,0.68,2026-04-20,2026-04-22,555.0,575.0,1000000,1801.8,NEXT_DAY,3.6,36036.0,1036036.0
GOLD,PSAB.JK,3,0.5,2,2026-05-08,3.61,2026-05-11,2026-05-13,510.0,500.0,1000000,1960.78,NEXT_DAY,-1.96,-19608.0,980392.0
GOLD,PSAB.JK,3,0.5,2,2026-05-29,1.34,2026-06-02,2026-06-04,545.0,470.0,1000000,1834.86,NEXT_DAY,-13.76,-137615.0,862385.0
GOLD,PSAB.JK,3,0.5,2,2026-06-29,0.8,2026-06-30,2026-07-02,386.0,392.0,1000000,2590.67,NEXT_DAY,1.55,15544.0,1015544.0
GOLD,HRTA.JK,3,0.5,3,2026-01-07,3.13,2026-01-08,2026-01-13,2220.0,2580.0,1000000,450.45,NEXT_DAY,16.22,162162.0,1162162.0
GOLD,HRTA.JK,3,0.5,3,2026-01-28,6.54,2026-01-29,2026-02-03,2330.0,2160.0,1000000,429.18,NEXT_DAY,-7.3,-72961.0,927039.0
GOLD,HRTA.JK,3,0.5,3,2026-02-18,1.28,2026-02-19,2026-02-24,2700.0,2830.0,1000000,370.37,NEXT_DAY,4.81,48148.0,1048148.0
GOLD,HRTA.JK,3,0.5,3,2026-03-27,2.11,2026-03-30,2026-04-02,2200.0,2340.0,1000000,454.55,NEXT_DAY,6.36,63636.0,1063636.0
GOLD,HRTA.JK,3,0.5,3,2026-04-17,0.68,2026-04-20,2026-04-23,2880.0,3010.0,1000000,347.22,NEXT_DAY,4.51,45139.0,1045139.0
GOLD,HRTA.JK,3,0.5,3,2026-05-08,3.61,2026-05-11,2026-05-14,2670.0,2660.0,1000000,374.53,NEXT_DAY,-0.37,-3745.0,996255.0
GOLD,HRTA.JK,3,0.5,3,2026-05-29,1.34,2026-06-02,2026-06-05,2460.0,2240.0,1000000,406.5,NEXT_DAY,-8.94,-89431.0,910569.0
GOLD,HRTA.JK,3,0.5,3,2026-06-29,0.8,2026-06-30,2026-07-03,1685.0,1815.0,1000000,593.47,NEXT_DAY,7.72,77151.0,1077151.0
GOLD,MDKA.JK,3,0.5,3,2026-01-07,3.13,2026-01-08,2026-01-13,2560.0,3120.0,1000000,390.62,NEXT_DAY,21.88,218750.0,1218750.0
GOLD,MDKA.JK,3,0.5,3,2026-01-28,6.54,2026-01-29,2026-02-03,3170.0,2950.0,1000000,315.46,NEXT_DAY,-6.94,-69401.0,930599.0
GOLD,MDKA.JK,3,0.5,3,2026-02-18,1.28,2026-02-19,2026-02-24,3530.0,3790.0,1000000,283.29,NEXT_DAY,7.37,73654.0,1073654.0
GOLD,MDKA.JK,3,0.5,3,2026-03-27,2.11,2026-03-30,2026-04-02,3100.0,3260.0,1000000,322.58,NEXT_DAY,5.16,51613.0,1051613.0
GOLD,MDKA.JK,3,0.5,3,2026-04-17,0.68,2026-04-20,2026-04-23,3350.0,3380.0,1000000,298.51,NEXT_DAY,0.9,8955.0,1008955.0
GOLD,MDKA.JK,3,0.5,3,2026-05-08,3.61,2026-05-11,2026-05-14,2870.0,2730.0,1000000,348.43,NEXT_DAY,-4.88,-48780.0,951220.0
GOLD,MDKA.JK,3,0.5,3,2026-05-29,1.34,2026-06-02,2026-06-05,2640.0,2570.0,1000000,378.79,NEXT_DAY,-2.65,-26515.0,973485.0
GOLD,MDKA.JK,3,0.5,3,2026-06-29,0.8,2026-06-30,2026-07-03,2420.0,2700.0,1000000,413.22,NEXT_DAY,11.57,115702.0,1115702.0
GOLD,ANTM.JK,3,0.5,3,2026-01-07,3.13,2026-01-08,2026-01-13,3490.0,3880.0,1000000,286.53,NEXT_DAY,11.17,111748.0,1111748.0
GOLD,ANTM.JK,3,0.5,3,2026-01-28,6.54,2026-01-29,2026-02-03,4320.0,3930.0,1000000,231.48,NEXT_DAY,-9.03,-90278.0,909722.0
GOLD,ANTM.JK,3,0.5,3,2026-02-18,1.28,2026-02-19,2026-02-24,4230.0,4380.0,1000000,236.41,NEXT_DAY,3.55,35461.0,1035461.0
GOLD,ANTM.JK,3,0.5,3,2026-03-27,2.11,2026-03-30,2026-04-02,3500.0,3640.0,1000000,285.71,NEXT_DAY,4.0,40000.0,1040000.0
GOLD,ANTM.JK,3,0.5,3,2026-04-17,0.68,2026-04-20,2026-04-23,4010.0,4020.0,1000000,249.38,NEXT_DAY,0.25,2494.0,1002494.0
GOLD,ANTM.JK,3,0.5,3,2026-05-08,3.61,2026-05-11,2026-05-14,3700.0,3500.0,1000000,270.27,NEXT_DAY,-5.41,-54054.0,945946.0
GOLD,ANTM.JK,3,0.5,3,2026-05-29,1.34,2026-06-02,2026-06-05,2960.0,2750.0,1000000,337.84,NEXT_DAY,-7.09,-70946.0,929054.0
GOLD,ANTM.JK,3,0.5,3,2026-06-29,0.8,2026-06-30,2026-07-03,2590.0,2930.0,1000000,386.1,NEXT_DAY,13.13,131274.0,1131274.0
GOLD,BRMS.JK,3,0.5,3,2026-01-07,3.13,2026-01-08,2026-01-13,1205.0,1195.0,1000000,829.88,NEXT_DAY,-0.83,-8299.0,991701.0
GOLD,BRMS.JK,3,0.5,3,2026-01-28,6.54,2026-01-29,2026-02-03,1070.0,955.0,1000000,934.58,NEXT_DAY,-10.75,-107477.0,892523.0
GOLD,BRMS.JK,3,0.5,3,2026-02-18,1.28,2026-02-19,2026-02-24,1055.0,1010.0,1000000,947.87,NEXT_DAY,-4.27,-42654.0,957346.0
GOLD,BRMS.JK,3,0.5,3,2026-03-27,2.11,2026-03-30,2026-04-02,765.0,735.0,1000000,1307.19,NEXT_DAY,-3.92,-39216.0,960784.0
GOLD,BRMS.JK,3,0.5,3,2026-04-17,0.68,2026-04-20,2026-04-23,905.0,865.0,1000000,1104.97,NEXT_DAY,-4.42,-44199.0,955801.0
GOLD,BRMS.JK,3,0.5,3,2026-05-08,3.61,2026-05-11,2026-05-14,750.0,770.0,1000000,1333.33,NEXT_DAY,2.67,26667.0,1026667.0
GOLD,BRMS.JK,3,0.5,3,2026-05-29,1.34,2026-06-02,2026-06-05,580.0,510.0,1000000,1724.14,NEXT_DAY,-12.07,-120690.0,879310.0
GOLD,BRMS.JK,3,0.5,3,2026-06-29,0.8,2026-06-30,2026-07-03,474.0,498.0,1000000,2109.7,NEXT_DAY,5.06,50633.0,1050633.0
GOLD,PSAB.JK,3,0.5,3,2026-01-07,3.13,2026-01-08,2026-01-13,580.0,590.0,1000000,1724.14,NEXT_DAY,1.72,17241.0,1017241.0
GOLD,PSAB.JK,3,0.5,3,2026-01-28,6.54,2026-01-29,2026-02-03,595.0,510.0,1000000,1680.67,NEXT_DAY,-14.29,-142857.0,857143.0
GOLD,PSAB.JK,3,0.5,3,2026-02-18,1.28,2026-02-19,2026-02-24,560.0,555.0,1000000,1785.71,NEXT_DAY,-0.89,-8929.0,991071.0
GOLD,PSAB.JK,3,0.5,3,2026-03-27,2.11,2026-03-30,2026-04-02,466.0,510.0,1000000,2145.92,NEXT_DAY,9.44,94421.0,1094421.0
GOLD,PSAB.JK,3,0.5,3,2026-04-17,0.68,2026-04-20,2026-04-23,555.0,550.0,1000000,1801.8,NEXT_DAY,-0.9,-9009.0,990991.0
GOLD,PSAB.JK,3,0.5,3,2026-05-08,3.61,2026-05-11,2026-05-14,510.0,500.0,1000000,1960.78,NEXT_DAY,-1.96,-19608.0,980392.0
GOLD,PSAB.JK,3,0.5,3,2026-05-29,1.34,2026-06-02,2026-06-05,545.0,500.0,1000000,1834.86,NEXT_DAY,-8.26,-82569.0,917431.0
GOLD,PSAB.JK,3,0.5,3,2026-06-29,0.8,2026-06-30,2026-07-03,386.0,408.0,1000000,2590.67,NEXT_DAY,5.7,56995.0,1056995.0
GOLD,HRTA.JK,3,0.5,5,2026-01-07,3.13,2026-01-08,2026-01-15,2220.0,2520.0,1000000,450.45,NEXT_DAY,13.51,135135.0,1135135.0
GOLD,HRTA.JK,3,0.5,5,2026-01-28,6.54,2026-01-29,2026-02-05,2330.0,2120.0,1000000,429.18,NEXT_DAY,-9.01,-90129.0,909871.0
GOLD,HRTA.JK,3,0.5,5,2026-02-18,1.28,2026-02-19,2026-02-26,2700.0,3200.0,1000000,370.37,NEXT_DAY,18.52,185185.0,1185185.0
GOLD,HRTA.JK,3,0.5,5,2026-03-27,2.11,2026-03-30,2026-04-07,2200.0,2420.0,1000000,454.55,NEXT_DAY,10.0,100000.0,1100000.0
GOLD,HRTA.JK,3,0.5,5,2026-04-17,0.68,2026-04-20,2026-04-27,2880.0,2900.0,1000000,347.22,NEXT_DAY,0.69,6944.0,1006944.0
GOLD,HRTA.JK,3,0.5,5,2026-05-08,3.61,2026-05-11,2026-05-18,2670.0,2370.0,1000000,374.53,NEXT_DAY,-11.24,-112360.0,887640.0
GOLD,HRTA.JK,3,0.5,5,2026-05-29,1.34,2026-06-02,2026-06-09,2460.0,2130.0,1000000,406.5,NEXT_DAY,-13.41,-134146.0,865854.0
GOLD,MDKA.JK,3,0.5,5,2026-01-07,3.13,2026-01-08,2026-01-15,2560.0,2990.0,1000000,390.62,NEXT_DAY,16.8,167969.0,1167969.0
GOLD,MDKA.JK,3,0.5,5,2026-01-28,6.54,2026-01-29,2026-02-05,3170.0,3060.0,1000000,315.46,NEXT_DAY,-3.47,-34700.0,965300.0
GOLD,MDKA.JK,3,0.5,5,2026-02-18,1.28,2026-02-19,2026-02-26,3530.0,3640.0,1000000,283.29,NEXT_DAY,3.12,31161.0,1031161.0
GOLD,MDKA.JK,3,0.5,5,2026-03-27,2.11,2026-03-30,2026-04-07,3100.0,3160.0,1000000,322.58,NEXT_DAY,1.94,19355.0,1019355.0
GOLD,MDKA.JK,3,0.5,5,2026-04-17,0.68,2026-04-20,2026-04-27,3350.0,3470.0,1000000,298.51,NEXT_DAY,3.58,35821.0,1035821.0
GOLD,MDKA.JK,3,0.5,5,2026-05-08,3.61,2026-05-11,2026-05-18,2870.0,2660.0,1000000,348.43,NEXT_DAY,-7.32,-73171.0,926829.0
GOLD,MDKA.JK,3,0.5,5,2026-05-29,1.34,2026-06-02,2026-06-09,2640.0,2580.0,1000000,378.79,NEXT_DAY,-2.27,-22727.0,977273.0
GOLD,ANTM.JK,3,0.5,5,2026-01-07,3.13,2026-01-08,2026-01-15,3490.0,4050.0,1000000,286.53,NEXT_DAY,16.05,160458.0,1160458.0
GOLD,ANTM.JK,3,0.5,5,2026-01-28,6.54,2026-01-29,2026-02-05,4320.0,3810.0,1000000,231.48,NEXT_DAY,-11.81,-118056.0,881944.0
GOLD,ANTM.JK,3,0.5,5,2026-02-18,1.28,2026-02-19,2026-02-26,4230.0,4330.0,1000000,236.41,NEXT_DAY,2.36,23641.0,1023641.0
GOLD,ANTM.JK,3,0.5,5,2026-03-27,2.11,2026-03-30,2026-04-07,3500.0,3470.0,1000000,285.71,NEXT_DAY,-0.86,-8571.0,991429.0
GOLD,ANTM.JK,3,0.5,5,2026-04-17,0.68,2026-04-20,2026-04-27,4010.0,4120.0,1000000,249.38,NEXT_DAY,2.74,27431.0,1027431.0
GOLD,ANTM.JK,3,0.5,5,2026-05-08,3.61,2026-05-11,2026-05-18,3700.0,3160.0,1000000,270.27,NEXT_DAY,-14.59,-145946.0,854054.0
GOLD,ANTM.JK,3,0.5,5,2026-05-29,1.34,2026-06-02,2026-06-09,2960.0,2880.0,1000000,337.84,NEXT_DAY,-2.7,-27027.0,972973.0
GOLD,BRMS.JK,3,0.5,5,2026-01-07,3.13,2026-01-08,2026-01-15,1205.0,1225.0,1000000,829.88,NEXT_DAY,1.66,16598.0,1016598.0
GOLD,BRMS.JK,3,0.5,5,2026-01-28,6.54,2026-01-29,2026-02-05,1070.0,980.0,1000000,934.58,NEXT_DAY,-8.41,-84112.0,915888.0
GOLD,BRMS.JK,3,0.5,5,2026-02-18,1.28,2026-02-19,2026-02-26,1055.0,960.0,1000000,947.87,NEXT_DAY,-9.0,-90047.0,909953.0
GOLD,BRMS.JK,3,0.5,5,2026-03-27,2.11,2026-03-30,2026-04-07,765.0,760.0,1000000,1307.19,NEXT_DAY,-0.65,-6536.0,993464.0
GOLD,BRMS.JK,3,0.5,5,2026-04-17,0.68,2026-04-20,2026-04-27,905.0,820.0,1000000,1104.97,NEXT_DAY,-9.39,-93923.0,906077.0
GOLD,BRMS.JK,3,0.5,5,2026-05-08,3.61,2026-05-11,2026-05-18,750.0,720.0,1000000,1333.33,NEXT_DAY,-4.0,-40000.0,960000.0
GOLD,BRMS.JK,3,0.5,5,2026-05-29,1.34,2026-06-02,2026-06-09,580.0,520.0,1000000,1724.14,NEXT_DAY,-10.34,-103448.0,896552.0
GOLD,PSAB.JK,3,0.5,5,2026-01-07,3.13,2026-01-08,2026-01-15,580.0,625.0,1000000,1724.14,NEXT_DAY,7.76,77586.0,1077586.0
GOLD,PSAB.JK,3,0.5,5,2026-01-28,6.54,2026-01-29,2026-02-05,595.0,494.0,1000000,1680.67,NEXT_DAY,-16.97,-169748.0,830252.0
GOLD,PSAB.JK,3,0.5,5,2026-02-18,1.28,2026-02-19,2026-02-26,560.0,540.0,1000000,1785.71,NEXT_DAY,-3.57,-35714.0,964286.0
GOLD,PSAB.JK,3,0.5,5,2026-03-27,2.11,2026-03-30,2026-04-07,466.0,505.0,1000000,2145.92,NEXT_DAY,8.37,83691.0,1083691.0
GOLD,PSAB.JK,3,0.5,5,2026-04-17,0.68,2026-04-20,2026-04-27,555.0,550.0,1000000,1801.8,NEXT_DAY,-0.9,-9009.0,990991.0
GOLD,PSAB.JK,3,0.5,5,2026-05-08,3.61,2026-05-11,2026-05-18,510.0,466.0,1000000,1960.78,NEXT_DAY,-8.63,-86275.0,913725.0
GOLD,PSAB.JK,3,0.5,5,2026-05-29,1.34,2026-06-02,2026-06-09,545.0,545.0,1000000,1834.86,NEXT_DAY,0.0,0.0,1000000.0
GOLD,HRTA.JK,3,0.5,10,2026-01-07,3.13,2026-01-08,2026-01-23,2220.0,2330.0,1000000,450.45,NEXT_DAY,4.95,49550.0,1049550.0
GOLD,HRTA.JK,3,0.5,10,2026-01-28,6.54,2026-01-29,2026-02-12,2330.0,2650.0,1000000,429.18,NEXT_DAY,13.73,137339.0,1137339.0
GOLD,HRTA.JK,3,0.5,10,2026-02-18,1.28,2026-02-19,2026-03-05,2700.0,2950.0,1000000,370.37,NEXT_DAY,9.26,92593.0,1092593.0
GOLD,HRTA.JK,3,0.5,10,2026-03-27,2.11,2026-03-30,2026-04-14,2200.0,2550.0,1000000,454.55,NEXT_DAY,15.91,159091.0,1159091.0
GOLD,HRTA.JK,3,0.5,10,2026-04-17,0.68,2026-04-20,2026-05-05,2880.0,2640.0,1000000,347.22,NEXT_DAY,-8.33,-83333.0,916667.0
GOLD,HRTA.JK,3,0.5,10,2026-05-08,3.61,2026-05-11,2026-05-25,2670.0,2410.0,1000000,374.53,NEXT_DAY,-9.74,-97378.0,902622.0
GOLD,HRTA.JK,3,0.5,10,2026-05-29,1.34,2026-06-02,2026-06-17,2460.0,2250.0,1000000,406.5,NEXT_DAY,-8.54,-85366.0,914634.0
GOLD,MDKA.JK,3,0.5,10,2026-01-07,3.13,2026-01-08,2026-01-23,2560.0,3300.0,1000000,390.62,NEXT_DAY,28.91,289062.0,1289062.0
GOLD,MDKA.JK,3,0.5,10,2026-01-28,6.54,2026-01-29,2026-02-12,3170.0,3190.0,1000000,315.46,NEXT_DAY,0.63,6309.0,1006309.0
GOLD,MDKA.JK,3,0.5,10,2026-02-18,1.28,2026-02-19,2026-03-05,3530.0,3620.0,1000000,283.29,NEXT_DAY,2.55,25496.0,1025496.0
GOLD,MDKA.JK,3,0.5,10,2026-03-27,2.11,2026-03-30,2026-04-14,3100.0,3210.0,1000000,322.58,NEXT_DAY,3.55,35484.0,1035484.0
GOLD,MDKA.JK,3,0.5,10,2026-04-17,0.68,2026-04-20,2026-05-05,3350.0,3100.0,1000000,298.51,NEXT_DAY,-7.46,-74627.0,925373.0
GOLD,MDKA.JK,3,0.5,10,2026-05-08,3.61,2026-05-11,2026-05-25,2870.0,2850.0,1000000,348.43,NEXT_DAY,-0.7,-6969.0,993031.0
GOLD,MDKA.JK,3,0.5,10,2026-05-29,1.34,2026-06-02,2026-06-17,2640.0,2730.0,1000000,378.79,NEXT_DAY,3.41,34091.0,1034091.0
GOLD,ANTM.JK,3,0.5,10,2026-01-07,3.13,2026-01-08,2026-01-23,3490.0,4290.0,1000000,286.53,NEXT_DAY,22.92,229226.0,1229226.0
GOLD,ANTM.JK,3,0.5,10,2026-01-28,6.54,2026-01-29,2026-02-12,4320.0,4120.0,1000000,231.48,NEXT_DAY,-4.63,-46296.0,953704.0
GOLD,ANTM.JK,3,0.5,10,2026-02-18,1.28,2026-02-19,2026-03-05,4230.0,4130.0,1000000,236.41,NEXT_DAY,-2.36,-23641.0,976359.0
GOLD,ANTM.JK,3,0.5,10,2026-03-27,2.11,2026-03-30,2026-04-14,3500.0,3900.0,1000000,285.71,NEXT_DAY,11.43,114286.0,1114286.0
GOLD,ANTM.JK,3,0.5,10,2026-04-17,0.68,2026-04-20,2026-05-05,4010.0,3690.0,1000000,249.38,NEXT_DAY,-7.98,-79800.0,920200.0
GOLD,ANTM.JK,3,0.5,10,2026-05-08,3.61,2026-05-11,2026-05-25,3700.0,3070.0,1000000,270.27,NEXT_DAY,-17.03,-170270.0,829730.0
GOLD,ANTM.JK,3,0.5,10,2026-05-29,1.34,2026-06-02,2026-06-17,2960.0,3160.0,1000000,337.84,NEXT_DAY,6.76,67568.0,1067568.0
GOLD,BRMS.JK,3,0.5,10,2026-01-07,3.13,2026-01-08,2026-01-23,1205.0,1250.0,1000000,829.88,NEXT_DAY,3.73,37344.0,1037344.0
GOLD,BRMS.JK,3,0.5,10,2026-01-28,6.54,2026-01-29,2026-02-12,1070.0,1070.0,1000000,934.58,NEXT_DAY,0.0,0.0,1000000.0
GOLD,BRMS.JK,3,0.5,10,2026-02-18,1.28,2026-02-19,2026-03-05,1055.0,855.0,1000000,947.87,NEXT_DAY,-18.96,-189573.0,810427.0
GOLD,BRMS.JK,3,0.5,10,2026-03-27,2.11,2026-03-30,2026-04-14,765.0,860.0,1000000,1307.19,NEXT_DAY,12.42,124183.0,1124183.0
GOLD,BRMS.JK,3,0.5,10,2026-04-17,0.68,2026-04-20,2026-05-05,905.0,785.0,1000000,1104.97,NEXT_DAY,-13.26,-132597.0,867403.0
GOLD,BRMS.JK,3,0.5,10,2026-05-08,3.61,2026-05-11,2026-05-25,750.0,605.0,1000000,1333.33,NEXT_DAY,-19.33,-193333.0,806667.0
GOLD,BRMS.JK,3,0.5,10,2026-05-29,1.34,2026-06-02,2026-06-17,580.0,665.0,1000000,1724.14,NEXT_DAY,14.66,146552.0,1146552.0
GOLD,PSAB.JK,3,0.5,10,2026-01-07,3.13,2026-01-08,2026-01-23,580.0,620.0,1000000,1724.14,NEXT_DAY,6.9,68966.0,1068966.0
GOLD,PSAB.JK,3,0.5,10,2026-01-28,6.54,2026-01-29,2026-02-12,595.0,555.0,1000000,1680.67,NEXT_DAY,-6.72,-67227.0,932773.0
GOLD,PSAB.JK,3,0.5,10,2026-02-18,1.28,2026-02-19,2026-03-05,560.0,525.0,1000000,1785.71,NEXT_DAY,-6.25,-62500.0,937500.0
GOLD,PSAB.JK,3,0.5,10,2026-03-27,2.11,2026-03-30,2026-04-14,466.0,530.0,1000000,2145.92,NEXT_DAY,13.73,137339.0,1137339.0
GOLD,PSAB.JK,3,0.5,10,2026-04-17,0.68,2026-04-20,2026-05-05,555.0,510.0,1000000,1801.8,NEXT_DAY,-8.11,-81081.0,918919.0
GOLD,PSAB.JK,3,0.5,10,2026-05-08,3.61,2026-05-11,2026-05-25,510.0,446.0,1000000,1960.78,NEXT_DAY,-12.55,-125490.0,874510.0
GOLD,PSAB.JK,3,0.5,10,2026-05-29,1.34,2026-06-02,2026-06-17,545.0,448.0,1000000,1834.86,NEXT_DAY,-17.8,-177982.0,822018.0
GOLD,HRTA.JK,3,1.0,1,2026-01-07,3.13,2026-01-08,2026-01-09,2220.0,2380.0,1000000,450.45,NEXT_DAY,7.21,72072.0,1072072.0
GOLD,HRTA.JK,3,1.0,1,2026-01-28,6.54,2026-01-29,2026-01-30,2330.0,2230.0,1000000,429.18,NEXT_DAY,-4.29,-42918.0,957082.0
GOLD,HRTA.JK,3,1.0,1,2026-02-18,1.28,2026-02-19,2026-02-20,2700.0,2750.0,1000000,370.37,NEXT_DAY,1.85,18519.0,1018519.0
GOLD,HRTA.JK,3,1.0,1,2026-03-27,2.11,2026-03-30,2026-03-31,2200.0,2180.0,1000000,454.55,NEXT_DAY,-0.91,-9091.0,990909.0
GOLD,HRTA.JK,3,1.0,1,2026-05-06,1.12,2026-05-07,2026-05-08,2870.0,2700.0,1000000,348.43,NEXT_DAY,-5.92,-59233.0,940767.0
GOLD,HRTA.JK,3,1.0,1,2026-05-29,1.34,2026-06-02,2026-06-03,2460.0,2300.0,1000000,406.5,NEXT_DAY,-6.5,-65041.0,934959.0
GOLD,MDKA.JK,3,1.0,1,2026-01-07,3.13,2026-01-08,2026-01-09,2560.0,2700.0,1000000,390.62,NEXT_DAY,5.47,54688.0,1054688.0
GOLD,MDKA.JK,3,1.0,1,2026-01-28,6.54,2026-01-29,2026-01-30,3170.0,3210.0,1000000,315.46,NEXT_DAY,1.26,12618.0,1012618.0
GOLD,MDKA.JK,3,1.0,1,2026-02-18,1.28,2026-02-19,2026-02-20,3530.0,3590.0,1000000,283.29,NEXT_DAY,1.7,16997.0,1016997.0
GOLD,MDKA.JK,3,1.0,1,2026-03-27,2.11,2026-03-30,2026-03-31,3100.0,3140.0,1000000,322.58,NEXT_DAY,1.29,12903.0,1012903.0
GOLD,MDKA.JK,3,1.0,1,2026-05-06,1.12,2026-05-07,2026-05-08,3200.0,2780.0,1000000,312.5,NEXT_DAY,-13.12,-131250.0,868750.0
GOLD,MDKA.JK,3,1.0,1,2026-05-29,1.34,2026-06-02,2026-06-03,2640.0,2320.0,1000000,378.79,NEXT_DAY,-12.12,-121212.0,878788.0
GOLD,ANTM.JK,3,1.0,1,2026-01-07,3.13,2026-01-08,2026-01-09,3490.0,3630.0,1000000,286.53,NEXT_DAY,4.01,40115.0,1040115.0
GOLD,ANTM.JK,3,1.0,1,2026-01-28,6.54,2026-01-29,2026-01-30,4320.0,4210.0,1000000,231.48,NEXT_DAY,-2.55,-25463.0,974537.0
GOLD,ANTM.JK,3,1.0,1,2026-02-18,1.28,2026-02-19,2026-02-20,4230.0,4220.0,1000000,236.41,NEXT_DAY,-0.24,-2364.0,997636.0
GOLD,ANTM.JK,3,1.0,1,2026-03-27,2.11,2026-03-30,2026-03-31,3500.0,3500.0,1000000,285.71,NEXT_DAY,0.0,0.0,1000000.0
GOLD,ANTM.JK,3,1.0,1,2026-05-06,1.12,2026-05-07,2026-05-08,3880.0,3630.0,1000000,257.73,NEXT_DAY,-6.44,-64433.0,935567.0
GOLD,ANTM.JK,3,1.0,1,2026-05-29,1.34,2026-06-02,2026-06-03,2960.0,2610.0,1000000,337.84,NEXT_DAY,-11.82,-118243.0,881757.0
GOLD,BRMS.JK,3,1.0,1,2026-01-07,3.13,2026-01-08,2026-01-09,1205.0,1230.0,1000000,829.88,NEXT_DAY,2.07,20747.0,1020747.0
GOLD,BRMS.JK,3,1.0,1,2026-01-28,6.54,2026-01-29,2026-01-30,1070.0,1080.0,1000000,934.58,NEXT_DAY,0.93,9346.0,1009346.0
GOLD,BRMS.JK,3,1.0,1,2026-02-18,1.28,2026-02-19,2026-02-20,1055.0,1060.0,1000000,947.87,NEXT_DAY,0.47,4739.0,1004739.0
GOLD,BRMS.JK,3,1.0,1,2026-03-27,2.11,2026-03-30,2026-03-31,765.0,730.0,1000000,1307.19,NEXT_DAY,-4.58,-45752.0,954248.0
GOLD,BRMS.JK,3,1.0,1,2026-05-06,1.12,2026-05-07,2026-05-08,835.0,750.0,1000000,1197.6,NEXT_DAY,-10.18,-101796.0,898204.0
GOLD,BRMS.JK,3,1.0,1,2026-05-29,1.34,2026-06-02,2026-06-03,580.0,535.0,1000000,1724.14,NEXT_DAY,-7.76,-77586.0,922414.0
GOLD,PSAB.JK,3,1.0,1,2026-01-07,3.13,2026-01-08,2026-01-09,580.0,600.0,1000000,1724.14,NEXT_DAY,3.45,34483.0,1034483.0
GOLD,PSAB.JK,3,1.0,1,2026-01-28,6.54,2026-01-29,2026-01-30,595.0,550.0,1000000,1680.67,NEXT_DAY,-7.56,-75630.0,924370.0
GOLD,PSAB.JK,3,1.0,1,2026-02-18,1.28,2026-02-19,2026-02-20,560.0,565.0,1000000,1785.71,NEXT_DAY,0.89,8929.0,1008929.0
GOLD,PSAB.JK,3,1.0,1,2026-03-27,2.11,2026-03-30,2026-03-31,466.0,460.0,1000000,2145.92,NEXT_DAY,-1.29,-12876.0,987124.0
GOLD,PSAB.JK,3,1.0,1,2026-05-06,1.12,2026-05-07,2026-05-08,560.0,510.0,1000000,1785.71,NEXT_DAY,-8.93,-89286.0,910714.0
GOLD,PSAB.JK,3,1.0,1,2026-05-29,1.34,2026-06-02,2026-06-03,545.0,505.0,1000000,1834.86,NEXT_DAY,-7.34,-73394.0,926606.0
GOLD,HRTA.JK,3,1.0,2,2026-01-07,3.13,2026-01-08,2026-01-12,2220.0,2770.0,1000000,450.45,NEXT_DAY,24.77,247748.0,1247748.0
GOLD,HRTA.JK,3,1.0,2,2026-01-28,6.54,2026-01-29,2026-02-02,2330.0,1900.0,1000000,429.18,NEXT_DAY,-18.45,-184549.0,815451.0
GOLD,HRTA.JK,3,1.0,2,2026-02-18,1.28,2026-02-19,2026-02-23,2700.0,2850.0,1000000,370.37,NEXT_DAY,5.56,55556.0,1055556.0
GOLD,HRTA.JK,3,1.0,2,2026-03-27,2.11,2026-03-30,2026-04-01,2200.0,2540.0,1000000,454.55,NEXT_DAY,15.45,154545.0,1154545.0
GOLD,HRTA.JK,3,1.0,2,2026-05-06,1.12,2026-05-07,2026-05-11,2870.0,2670.0,1000000,348.43,NEXT_DAY,-6.97,-69686.0,930314.0
GOLD,HRTA.JK,3,1.0,2,2026-05-29,1.34,2026-06-02,2026-06-04,2460.0,2300.0,1000000,406.5,NEXT_DAY,-6.5,-65041.0,934959.0
GOLD,MDKA.JK,3,1.0,2,2026-01-07,3.13,2026-01-08,2026-01-12,2560.0,2890.0,1000000,390.62,NEXT_DAY,12.89,128906.0,1128906.0
GOLD,MDKA.JK,3,1.0,2,2026-01-28,6.54,2026-01-29,2026-02-02,3170.0,2730.0,1000000,315.46,NEXT_DAY,-13.88,-138801.0,861199.0
GOLD,MDKA.JK,3,1.0,2,2026-02-18,1.28,2026-02-19,2026-02-23,3530.0,3740.0,1000000,283.29,NEXT_DAY,5.95,59490.0,1059490.0
GOLD,MDKA.JK,3,1.0,2,2026-03-27,2.11,2026-03-30,2026-04-01,3100.0,3340.0,1000000,322.58,NEXT_DAY,7.74,77419.0,1077419.0
GOLD,MDKA.JK,3,1.0,2,2026-05-06,1.12,2026-05-07,2026-05-11,3200.0,2870.0,1000000,312.5,NEXT_DAY,-10.31,-103125.0,896875.0
GOLD,MDKA.JK,3,1.0,2,2026-05-29,1.34,2026-06-02,2026-06-04,2640.0,2490.0,1000000,378.79,NEXT_DAY,-5.68,-56818.0,943182.0
GOLD,ANTM.JK,3,1.0,2,2026-01-07,3.13,2026-01-08,2026-01-12,3490.0,3830.0,1000000,286.53,NEXT_DAY,9.74,97421.0,1097421.0
GOLD,ANTM.JK,3,1.0,2,2026-01-28,6.54,2026-01-29,2026-02-02,4320.0,3810.0,1000000,231.48,NEXT_DAY,-11.81,-118056.0,881944.0
GOLD,ANTM.JK,3,1.0,2,2026-02-18,1.28,2026-02-19,2026-02-23,4230.0,4390.0,1000000,236.41,NEXT_DAY,3.78,37825.0,1037825.0
GOLD,ANTM.JK,3,1.0,2,2026-03-27,2.11,2026-03-30,2026-04-01,3500.0,3710.0,1000000,285.71,NEXT_DAY,6.0,60000.0,1060000.0
GOLD,ANTM.JK,3,1.0,2,2026-05-06,1.12,2026-05-07,2026-05-11,3880.0,3700.0,1000000,257.73,NEXT_DAY,-4.64,-46392.0,953608.0
GOLD,ANTM.JK,3,1.0,2,2026-05-29,1.34,2026-06-02,2026-06-04,2960.0,2760.0,1000000,337.84,NEXT_DAY,-6.76,-67568.0,932432.0
GOLD,BRMS.JK,3,1.0,2,2026-01-07,3.13,2026-01-08,2026-01-12,1205.0,1260.0,1000000,829.88,NEXT_DAY,4.56,45643.0,1045643.0
GOLD,BRMS.JK,3,1.0,2,2026-01-28,6.54,2026-01-29,2026-02-02,1070.0,920.0,1000000,934.58,NEXT_DAY,-14.02,-140187.0,859813.0
GOLD,BRMS.JK,3,1.0,2,2026-02-18,1.28,2026-02-19,2026-02-23,1055.0,1060.0,1000000,947.87,NEXT_DAY,0.47,4739.0,1004739.0
GOLD,BRMS.JK,3,1.0,2,2026-03-27,2.11,2026-03-30,2026-04-01,765.0,780.0,1000000,1307.19,NEXT_DAY,1.96,19608.0,1019608.0
GOLD,BRMS.JK,3,1.0,2,2026-05-06,1.12,2026-05-07,2026-05-11,835.0,750.0,1000000,1197.6,NEXT_DAY,-10.18,-101796.0,898204.0
GOLD,BRMS.JK,3,1.0,2,2026-05-29,1.34,2026-06-02,2026-06-04,580.0,520.0,1000000,1724.14,NEXT_DAY,-10.34,-103448.0,896552.0
GOLD,PSAB.JK,3,1.0,2,2026-01-07,3.13,2026-01-08,2026-01-12,580.0,610.0,1000000,1724.14,NEXT_DAY,5.17,51724.0,1051724.0
GOLD,PSAB.JK,3,1.0,2,2026-01-28,6.54,2026-01-29,2026-02-02,595.0,468.0,1000000,1680.67,NEXT_DAY,-21.34,-213445.0,786555.0
GOLD,PSAB.JK,3,1.0,2,2026-02-18,1.28,2026-02-19,2026-02-23,560.0,570.0,1000000,1785.71,NEXT_DAY,1.79,17857.0,1017857.0
GOLD,PSAB.JK,3,1.0,2,2026-03-27,2.11,2026-03-30,2026-04-01,466.0,525.0,1000000,2145.92,NEXT_DAY,12.66,126609.0,1126609.0
GOLD,PSAB.JK,3,1.0,2,2026-05-06,1.12,2026-05-07,2026-05-11,560.0,510.0,1000000,1785.71,NEXT_DAY,-8.93,-89286.0,910714.0
GOLD,PSAB.JK,3,1.0,2,2026-05-29,1.34,2026-06-02,2026-06-04,545.0,470.0,1000000,1834.86,NEXT_DAY,-13.76,-137615.0,862385.0
GOLD,HRTA.JK,3,1.0,3,2026-01-07,3.13,2026-01-08,2026-01-13,2220.0,2580.0,1000000,450.45,NEXT_DAY,16.22,162162.0,1162162.0
GOLD,HRTA.JK,3,1.0,3,2026-01-28,6.54,2026-01-29,2026-02-03,2330.0,2160.0,1000000,429.18,NEXT_DAY,-7.3,-72961.0,927039.0
GOLD,HRTA.JK,3,1.0,3,2026-02-18,1.28,2026-02-19,2026-02-24,2700.0,2830.0,1000000,370.37,NEXT_DAY,4.81,48148.0,1048148.0
GOLD,HRTA.JK,3,1.0,3,2026-03-27,2.11,2026-03-30,2026-04-02,2200.0,2340.0,1000000,454.55,NEXT_DAY,6.36,63636.0,1063636.0
GOLD,HRTA.JK,3,1.0,3,2026-05-06,1.12,2026-05-07,2026-05-12,2870.0,2670.0,1000000,348.43,NEXT_DAY,-6.97,-69686.0,930314.0
GOLD,HRTA.JK,3,1.0,3,2026-05-29,1.34,2026-06-02,2026-06-05,2460.0,2240.0,1000000,406.5,NEXT_DAY,-8.94,-89431.0,910569.0
GOLD,MDKA.JK,3,1.0,3,2026-01-07,3.13,2026-01-08,2026-01-13,2560.0,3120.0,1000000,390.62,NEXT_DAY,21.88,218750.0,1218750.0
GOLD,MDKA.JK,3,1.0,3,2026-01-28,6.54,2026-01-29,2026-02-03,3170.0,2950.0,1000000,315.46,NEXT_DAY,-6.94,-69401.0,930599.0
GOLD,MDKA.JK,3,1.0,3,2026-02-18,1.28,2026-02-19,2026-02-24,3530.0,3790.0,1000000,283.29,NEXT_DAY,7.37,73654.0,1073654.0
GOLD,MDKA.JK,3,1.0,3,2026-03-27,2.11,2026-03-30,2026-04-02,3100.0,3260.0,1000000,322.58,NEXT_DAY,5.16,51613.0,1051613.0
GOLD,MDKA.JK,3,1.0,3,2026-05-06,1.12,2026-05-07,2026-05-12,3200.0,2870.0,1000000,312.5,NEXT_DAY,-10.31,-103125.0,896875.0
GOLD,MDKA.JK,3,1.0,3,2026-05-29,1.34,2026-06-02,2026-06-05,2640.0,2570.0,1000000,378.79,NEXT_DAY,-2.65,-26515.0,973485.0
GOLD,ANTM.JK,3,1.0,3,2026-01-07,3.13,2026-01-08,2026-01-13,3490.0,3880.0,1000000,286.53,NEXT_DAY,11.17,111748.0,1111748.0
GOLD,ANTM.JK,3,1.0,3,2026-01-28,6.54,2026-01-29,2026-02-03,4320.0,3930.0,1000000,231.48,NEXT_DAY,-9.03,-90278.0,909722.0
GOLD,ANTM.JK,3,1.0,3,2026-02-18,1.28,2026-02-19,2026-02-24,4230.0,4380.0,1000000,236.41,NEXT_DAY,3.55,35461.0,1035461.0
GOLD,ANTM.JK,3,1.0,3,2026-03-27,2.11,2026-03-30,2026-04-02,3500.0,3640.0,1000000,285.71,NEXT_DAY,4.0,40000.0,1040000.0
GOLD,ANTM.JK,3,1.0,3,2026-05-06,1.12,2026-05-07,2026-05-12,3880.0,3570.0,1000000,257.73,NEXT_DAY,-7.99,-79897.0,920103.0
GOLD,ANTM.JK,3,1.0,3,2026-05-29,1.34,2026-06-02,2026-06-05,2960.0,2750.0,1000000,337.84,NEXT_DAY,-7.09,-70946.0,929054.0
GOLD,BRMS.JK,3,1.0,3,2026-01-07,3.13,2026-01-08,2026-01-13,1205.0,1195.0,1000000,829.88,NEXT_DAY,-0.83,-8299.0,991701.0
GOLD,BRMS.JK,3,1.0,3,2026-01-28,6.54,2026-01-29,2026-02-03,1070.0,955.0,1000000,934.58,NEXT_DAY,-10.75,-107477.0,892523.0
GOLD,BRMS.JK,3,1.0,3,2026-02-18,1.28,2026-02-19,2026-02-24,1055.0,1010.0,1000000,947.87,NEXT_DAY,-4.27,-42654.0,957346.0
GOLD,BRMS.JK,3,1.0,3,2026-03-27,2.11,2026-03-30,2026-04-02,765.0,735.0,1000000,1307.19,NEXT_DAY,-3.92,-39216.0,960784.0
GOLD,BRMS.JK,3,1.0,3,2026-05-06,1.12,2026-05-07,2026-05-12,835.0,760.0,1000000,1197.6,NEXT_DAY,-8.98,-89820.0,910180.0
GOLD,BRMS.JK,3,1.0,3,2026-05-29,1.34,2026-06-02,2026-06-05,580.0,510.0,1000000,1724.14,NEXT_DAY,-12.07,-120690.0,879310.0
GOLD,PSAB.JK,3,1.0,3,2026-01-07,3.13,2026-01-08,2026-01-13,580.0,590.0,1000000,1724.14,NEXT_DAY,1.72,17241.0,1017241.0
GOLD,PSAB.JK,3,1.0,3,2026-01-28,6.54,2026-01-29,2026-02-03,595.0,510.0,1000000,1680.67,NEXT_DAY,-14.29,-142857.0,857143.0
GOLD,PSAB.JK,3,1.0,3,2026-02-18,1.28,2026-02-19,2026-02-24,560.0,555.0,1000000,1785.71,NEXT_DAY,-0.89,-8929.0,991071.0
GOLD,PSAB.JK,3,1.0,3,2026-03-27,2.11,2026-03-30,2026-04-02,466.0,510.0,1000000,2145.92,NEXT_DAY,9.44,94421.0,1094421.0
GOLD,PSAB.JK,3,1.0,3,2026-05-06,1.12,2026-05-07,2026-05-12,560.0,520.0,1000000,1785.71,NEXT_DAY,-7.14,-71429.0,928571.0
GOLD,PSAB.JK,3,1.0,3,2026-05-29,1.34,2026-06-02,2026-06-05,545.0,500.0,1000000,1834.86,NEXT_DAY,-8.26,-82569.0,917431.0
GOLD,HRTA.JK,3,1.0,5,2026-01-07,3.13,2026-01-08,2026-01-15,2220.0,2520.0,1000000,450.45,NEXT_DAY,13.51,135135.0,1135135.0
GOLD,HRTA.JK,3,1.0,5,2026-01-28,6.54,2026-01-29,2026-02-05,2330.0,2120.0,1000000,429.18,NEXT_DAY,-9.01,-90129.0,909871.0
GOLD,HRTA.JK,3,1.0,5,2026-02-18,1.28,2026-02-19,2026-02-26,2700.0,3200.0,1000000,370.37,NEXT_DAY,18.52,185185.0,1185185.0
GOLD,HRTA.JK,3,1.0,5,2026-03-27,2.11,2026-03-30,2026-04-07,2200.0,2420.0,1000000,454.55,NEXT_DAY,10.0,100000.0,1100000.0
GOLD,HRTA.JK,3,1.0,5,2026-05-06,1.12,2026-05-07,2026-05-14,2870.0,2660.0,1000000,348.43,NEXT_DAY,-7.32,-73171.0,926829.0
GOLD,HRTA.JK,3,1.0,5,2026-05-29,1.34,2026-06-02,2026-06-09,2460.0,2130.0,1000000,406.5,NEXT_DAY,-13.41,-134146.0,865854.0
GOLD,MDKA.JK,3,1.0,5,2026-01-07,3.13,2026-01-08,2026-01-15,2560.0,2990.0,1000000,390.62,NEXT_DAY,16.8,167969.0,1167969.0
GOLD,MDKA.JK,3,1.0,5,2026-01-28,6.54,2026-01-29,2026-02-05,3170.0,3060.0,1000000,315.46,NEXT_DAY,-3.47,-34700.0,965300.0
GOLD,MDKA.JK,3,1.0,5,2026-02-18,1.28,2026-02-19,2026-02-26,3530.0,3640.0,1000000,283.29,NEXT_DAY,3.12,31161.0,1031161.0
GOLD,MDKA.JK,3,1.0,5,2026-03-27,2.11,2026-03-30,2026-04-07,3100.0,3160.0,1000000,322.58,NEXT_DAY,1.94,19355.0,1019355.0
GOLD,MDKA.JK,3,1.0,5,2026-05-06,1.12,2026-05-07,2026-05-14,3200.0,2730.0,1000000,312.5,NEXT_DAY,-14.69,-146875.0,853125.0
GOLD,MDKA.JK,3,1.0,5,2026-05-29,1.34,2026-06-02,2026-06-09,2640.0,2580.0,1000000,378.79,NEXT_DAY,-2.27,-22727.0,977273.0
GOLD,ANTM.JK,3,1.0,5,2026-01-07,3.13,2026-01-08,2026-01-15,3490.0,4050.0,1000000,286.53,NEXT_DAY,16.05,160458.0,1160458.0
GOLD,ANTM.JK,3,1.0,5,2026-01-28,6.54,2026-01-29,2026-02-05,4320.0,3810.0,1000000,231.48,NEXT_DAY,-11.81,-118056.0,881944.0
GOLD,ANTM.JK,3,1.0,5,2026-02-18,1.28,2026-02-19,2026-02-26,4230.0,4330.0,1000000,236.41,NEXT_DAY,2.36,23641.0,1023641.0
GOLD,ANTM.JK,3,1.0,5,2026-03-27,2.11,2026-03-30,2026-04-07,3500.0,3470.0,1000000,285.71,NEXT_DAY,-0.86,-8571.0,991429.0
GOLD,ANTM.JK,3,1.0,5,2026-05-06,1.12,2026-05-07,2026-05-14,3880.0,3500.0,1000000,257.73,NEXT_DAY,-9.79,-97938.0,902062.0
GOLD,ANTM.JK,3,1.0,5,2026-05-29,1.34,2026-06-02,2026-06-09,2960.0,2880.0,1000000,337.84,NEXT_DAY,-2.7,-27027.0,972973.0
GOLD,BRMS.JK,3,1.0,5,2026-01-07,3.13,2026-01-08,2026-01-15,1205.0,1225.0,1000000,829.88,NEXT_DAY,1.66,16598.0,1016598.0
GOLD,BRMS.JK,3,1.0,5,2026-01-28,6.54,2026-01-29,2026-02-05,1070.0,980.0,1000000,934.58,NEXT_DAY,-8.41,-84112.0,915888.0
GOLD,BRMS.JK,3,1.0,5,2026-02-18,1.28,2026-02-19,2026-02-26,1055.0,960.0,1000000,947.87,NEXT_DAY,-9.0,-90047.0,909953.0
GOLD,BRMS.JK,3,1.0,5,2026-03-27,2.11,2026-03-30,2026-04-07,765.0,760.0,1000000,1307.19,NEXT_DAY,-0.65,-6536.0,993464.0
GOLD,BRMS.JK,3,1.0,5,2026-05-06,1.12,2026-05-07,2026-05-14,835.0,770.0,1000000,1197.6,NEXT_DAY,-7.78,-77844.0,922156.0
GOLD,BRMS.JK,3,1.0,5,2026-05-29,1.34,2026-06-02,2026-06-09,580.0,520.0,1000000,1724.14,NEXT_DAY,-10.34,-103448.0,896552.0
GOLD,PSAB.JK,3,1.0,5,2026-01-07,3.13,2026-01-08,2026-01-15,580.0,625.0,1000000,1724.14,NEXT_DAY,7.76,77586.0,1077586.0
GOLD,PSAB.JK,3,1.0,5,2026-01-28,6.54,2026-01-29,2026-02-05,595.0,494.0,1000000,1680.67,NEXT_DAY,-16.97,-169748.0,830252.0
GOLD,PSAB.JK,3,1.0,5,2026-02-18,1.28,2026-02-19,2026-02-26,560.0,540.0,1000000,1785.71,NEXT_DAY,-3.57,-35714.0,964286.0
GOLD,PSAB.JK,3,1.0,5,2026-03-27,2.11,2026-03-30,2026-04-07,466.0,505.0,1000000,2145.92,NEXT_DAY,8.37,83691.0,1083691.0
GOLD,PSAB.JK,3,1.0,5,2026-05-06,1.12,2026-05-07,2026-05-14,560.0,500.0,1000000,1785.71,NEXT_DAY,-10.71,-107143.0,892857.0
GOLD,PSAB.JK,3,1.0,5,2026-05-29,1.34,2026-06-02,2026-06-09,545.0,545.0,1000000,1834.86,NEXT_DAY,0.0,0.0,1000000.0
GOLD,HRTA.JK,3,1.0,10,2026-01-07,3.13,2026-01-08,2026-01-23,2220.0,2330.0,1000000,450.45,NEXT_DAY,4.95,49550.0,1049550.0
GOLD,HRTA.JK,3,1.0,10,2026-01-28,6.54,2026-01-29,2026-02-12,2330.0,2650.0,1000000,429.18,NEXT_DAY,13.73,137339.0,1137339.0
GOLD,HRTA.JK,3,1.0,10,2026-02-18,1.28,2026-02-19,2026-03-05,2700.0,2950.0,1000000,370.37,NEXT_DAY,9.26,92593.0,1092593.0
GOLD,HRTA.JK,3,1.0,10,2026-03-27,2.11,2026-03-30,2026-04-14,2200.0,2550.0,1000000,454.55,NEXT_DAY,15.91,159091.0,1159091.0
GOLD,HRTA.JK,3,1.0,10,2026-05-06,1.12,2026-05-07,2026-05-21,2870.0,2130.0,1000000,348.43,NEXT_DAY,-25.78,-257840.0,742160.0
GOLD,HRTA.JK,3,1.0,10,2026-05-29,1.34,2026-06-02,2026-06-17,2460.0,2250.0,1000000,406.5,NEXT_DAY,-8.54,-85366.0,914634.0
GOLD,MDKA.JK,3,1.0,10,2026-01-07,3.13,2026-01-08,2026-01-23,2560.0,3300.0,1000000,390.62,NEXT_DAY,28.91,289062.0,1289062.0
GOLD,MDKA.JK,3,1.0,10,2026-01-28,6.54,2026-01-29,2026-02-12,3170.0,3190.0,1000000,315.46,NEXT_DAY,0.63,6309.0,1006309.0
GOLD,MDKA.JK,3,1.0,10,2026-02-18,1.28,2026-02-19,2026-03-05,3530.0,3620.0,1000000,283.29,NEXT_DAY,2.55,25496.0,1025496.0
GOLD,MDKA.JK,3,1.0,10,2026-03-27,2.11,2026-03-30,2026-04-14,3100.0,3210.0,1000000,322.58,NEXT_DAY,3.55,35484.0,1035484.0
GOLD,MDKA.JK,3,1.0,10,2026-05-06,1.12,2026-05-07,2026-05-21,3200.0,2180.0,1000000,312.5,NEXT_DAY,-31.87,-318750.0,681250.0
GOLD,MDKA.JK,3,1.0,10,2026-05-29,1.34,2026-06-02,2026-06-17,2640.0,2730.0,1000000,378.79,NEXT_DAY,3.41,34091.0,1034091.0
GOLD,ANTM.JK,3,1.0,10,2026-01-07,3.13,2026-01-08,2026-01-23,3490.0,4290.0,1000000,286.53,NEXT_DAY,22.92,229226.0,1229226.0
GOLD,ANTM.JK,3,1.0,10,2026-01-28,6.54,2026-01-29,2026-02-12,4320.0,4120.0,1000000,231.48,NEXT_DAY,-4.63,-46296.0,953704.0
GOLD,ANTM.JK,3,1.0,10,2026-02-18,1.28,2026-02-19,2026-03-05,4230.0,4130.0,1000000,236.41,NEXT_DAY,-2.36,-23641.0,976359.0
GOLD,ANTM.JK,3,1.0,10,2026-03-27,2.11,2026-03-30,2026-04-14,3500.0,3900.0,1000000,285.71,NEXT_DAY,11.43,114286.0,1114286.0
GOLD,ANTM.JK,3,1.0,10,2026-05-06,1.12,2026-05-07,2026-05-21,3880.0,2970.0,1000000,257.73,NEXT_DAY,-23.45,-234536.0,765464.0
GOLD,ANTM.JK,3,1.0,10,2026-05-29,1.34,2026-06-02,2026-06-17,2960.0,3160.0,1000000,337.84,NEXT_DAY,6.76,67568.0,1067568.0
GOLD,BRMS.JK,3,1.0,10,2026-01-07,3.13,2026-01-08,2026-01-23,1205.0,1250.0,1000000,829.88,NEXT_DAY,3.73,37344.0,1037344.0
GOLD,BRMS.JK,3,1.0,10,2026-01-28,6.54,2026-01-29,2026-02-12,1070.0,1070.0,1000000,934.58,NEXT_DAY,0.0,0.0,1000000.0
GOLD,BRMS.JK,3,1.0,10,2026-02-18,1.28,2026-02-19,2026-03-05,1055.0,855.0,1000000,947.87,NEXT_DAY,-18.96,-189573.0,810427.0
GOLD,BRMS.JK,3,1.0,10,2026-03-27,2.11,2026-03-30,2026-04-14,765.0,860.0,1000000,1307.19,NEXT_DAY,12.42,124183.0,1124183.0
GOLD,BRMS.JK,3,1.0,10,2026-05-06,1.12,2026-05-07,2026-05-21,835.0,565.0,1000000,1197.6,NEXT_DAY,-32.34,-323353.0,676647.0
GOLD,BRMS.JK,3,1.0,10,2026-05-29,1.34,2026-06-02,2026-06-17,580.0,665.0,1000000,1724.14,NEXT_DAY,14.66,146552.0,1146552.0
GOLD,PSAB.JK,3,1.0,10,2026-01-07,3.13,2026-01-08,2026-01-23,580.0,620.0,1000000,1724.14,NEXT_DAY,6.9,68966.0,1068966.0
GOLD,PSAB.JK,3,1.0,10,2026-01-28,6.54,2026-01-29,2026-02-12,595.0,555.0,1000000,1680.67,NEXT_DAY,-6.72,-67227.0,932773.0
GOLD,PSAB.JK,3,1.0,10,2026-02-18,1.28,2026-02-19,2026-03-05,560.0,525.0,1000000,1785.71,NEXT_DAY,-6.25,-62500.0,937500.0
GOLD,PSAB.JK,3,1.0,10,2026-03-27,2.11,2026-03-30,2026-04-14,466.0,530.0,1000000,2145.92,NEXT_DAY,13.73,137339.0,1137339.0
GOLD,PSAB.JK,3,1.0,10,2026-05-06,1.12,2026-05-07,2026-05-21,560.0,372.0,1000000,1785.71,NEXT_DAY,-33.57,-335714.0,664286.0
GOLD,PSAB.JK,3,1.0,10,2026-05-29,1.34,2026-06-02,2026-06-17,545.0,448.0,1000000,1834.86,NEXT_DAY,-17.8,-177982.0,822018.0
GOLD,HRTA.JK,3,1.5,1,2026-01-07,3.13,2026-01-08,2026-01-09,2220.0,2380.0,1000000,450.45,NEXT_DAY,7.21,72072.0,1072072.0
GOLD,HRTA.JK,3,1.5,1,2026-01-28,6.54,2026-01-29,2026-01-30,2330.0,2230.0,1000000,429.18,NEXT_DAY,-4.29,-42918.0,957082.0
GOLD,HRTA.JK,3,1.5,1,2026-02-20,3.61,2026-02-23,2026-02-24,2850.0,2830.0,1000000,350.88,NEXT_DAY,-0.7,-7018.0,992982.0
GOLD,HRTA.JK,3,1.5,1,2026-03-27,2.11,2026-03-30,2026-03-31,2200.0,2180.0,1000000,454.55,NEXT_DAY,-0.91,-9091.0,990909.0
GOLD,HRTA.JK,3,1.5,1,2026-05-07,3.99,2026-05-08,2026-05-11,2700.0,2670.0,1000000,370.37,NEXT_DAY,-1.11,-11111.0,988889.0
GOLD,HRTA.JK,3,1.5,1,2026-06-15,5.35,2026-06-17,2026-06-18,2250.0,2170.0,1000000,444.44,NEXT_DAY,-3.56,-35556.0,964444.0
GOLD,MDKA.JK,3,1.5,1,2026-01-07,3.13,2026-01-08,2026-01-09,2560.0,2700.0,1000000,390.62,NEXT_DAY,5.47,54688.0,1054688.0
GOLD,MDKA.JK,3,1.5,1,2026-01-28,6.54,2026-01-29,2026-01-30,3170.0,3210.0,1000000,315.46,NEXT_DAY,1.26,12618.0,1012618.0
GOLD,MDKA.JK,3,1.5,1,2026-02-20,3.61,2026-02-23,2026-02-24,3740.0,3790.0,1000000,267.38,NEXT_DAY,1.34,13369.0,1013369.0
GOLD,MDKA.JK,3,1.5,1,2026-03-27,2.11,2026-03-30,2026-03-31,3100.0,3140.0,1000000,322.58,NEXT_DAY,1.29,12903.0,1012903.0
GOLD,MDKA.JK,3,1.5,1,2026-05-07,3.99,2026-05-08,2026-05-11,2780.0,2870.0,1000000,359.71,NEXT_DAY,3.24,32374.0,1032374.0
GOLD,MDKA.JK,3,1.5,1,2026-06-15,5.35,2026-06-17,2026-06-18,2730.0,2860.0,1000000,366.3,NEXT_DAY,4.76,47619.0,1047619.0
GOLD,ANTM.JK,3,1.5,1,2026-01-07,3.13,2026-01-08,2026-01-09,3490.0,3630.0,1000000,286.53,NEXT_DAY,4.01,40115.0,1040115.0
GOLD,ANTM.JK,3,1.5,1,2026-01-28,6.54,2026-01-29,2026-01-30,4320.0,4210.0,1000000,231.48,NEXT_DAY,-2.55,-25463.0,974537.0
GOLD,ANTM.JK,3,1.5,1,2026-02-20,3.61,2026-02-23,2026-02-24,4390.0,4380.0,1000000,227.79,NEXT_DAY,-0.23,-2278.0,997722.0
GOLD,ANTM.JK,3,1.5,1,2026-03-27,2.11,2026-03-30,2026-03-31,3500.0,3500.0,1000000,285.71,NEXT_DAY,0.0,0.0,1000000.0
GOLD,ANTM.JK,3,1.5,1,2026-05-07,3.99,2026-05-08,2026-05-11,3630.0,3700.0,1000000,275.48,NEXT_DAY,1.93,19284.0,1019284.0
GOLD,ANTM.JK,3,1.5,1,2026-06-15,5.35,2026-06-17,2026-06-18,3160.0,3170.0,1000000,316.46,NEXT_DAY,0.32,3165.0,1003165.0
GOLD,BRMS.JK,3,1.5,1,2026-01-07,3.13,2026-01-08,2026-01-09,1205.0,1230.0,1000000,829.88,NEXT_DAY,2.07,20747.0,1020747.0
GOLD,BRMS.JK,3,1.5,1,2026-01-28,6.54,2026-01-29,2026-01-30,1070.0,1080.0,1000000,934.58,NEXT_DAY,0.93,9346.0,1009346.0
GOLD,BRMS.JK,3,1.5,1,2026-02-20,3.61,2026-02-23,2026-02-24,1060.0,1010.0,1000000,943.4,NEXT_DAY,-4.72,-47170.0,952830.0
GOLD,BRMS.JK,3,1.5,1,2026-03-27,2.11,2026-03-30,2026-03-31,765.0,730.0,1000000,1307.19,NEXT_DAY,-4.58,-45752.0,954248.0
GOLD,BRMS.JK,3,1.5,1,2026-05-07,3.99,2026-05-08,2026-05-11,750.0,750.0,1000000,1333.33,NEXT_DAY,0.0,0.0,1000000.0
GOLD,BRMS.JK,3,1.5,1,2026-06-15,5.35,2026-06-17,2026-06-18,665.0,670.0,1000000,1503.76,NEXT_DAY,0.75,7519.0,1007519.0
GOLD,PSAB.JK,3,1.5,1,2026-01-07,3.13,2026-01-08,2026-01-09,580.0,600.0,1000000,1724.14,NEXT_DAY,3.45,34483.0,1034483.0
GOLD,PSAB.JK,3,1.5,1,2026-01-28,6.54,2026-01-29,2026-01-30,595.0,550.0,1000000,1680.67,NEXT_DAY,-7.56,-75630.0,924370.0
GOLD,PSAB.JK,3,1.5,1,2026-02-20,3.61,2026-02-23,2026-02-24,570.0,555.0,1000000,1754.39,NEXT_DAY,-2.63,-26316.0,973684.0
GOLD,PSAB.JK,3,1.5,1,2026-03-27,2.11,2026-03-30,2026-03-31,466.0,460.0,1000000,2145.92,NEXT_DAY,-1.29,-12876.0,987124.0
GOLD,PSAB.JK,3,1.5,1,2026-05-07,3.99,2026-05-08,2026-05-11,510.0,510.0,1000000,1960.78,NEXT_DAY,0.0,0.0,1000000.0
GOLD,PSAB.JK,3,1.5,1,2026-06-15,5.35,2026-06-17,2026-06-18,448.0,448.0,1000000,2232.14,NEXT_DAY,0.0,0.0,1000000.0
GOLD,HRTA.JK,3,1.5,2,2026-01-07,3.13,2026-01-08,2026-01-12,2220.0,2770.0,1000000,450.45,NEXT_DAY,24.77,247748.0,1247748.0
GOLD,HRTA.JK,3,1.5,2,2026-01-28,6.54,2026-01-29,2026-02-02,2330.0,1900.0,1000000,429.18,NEXT_DAY,-18.45,-184549.0,815451.0
GOLD,HRTA.JK,3,1.5,2,2026-02-20,3.61,2026-02-23,2026-02-25,2850.0,2980.0,1000000,350.88,NEXT_DAY,4.56,45614.0,1045614.0
GOLD,HRTA.JK,3,1.5,2,2026-03-27,2.11,2026-03-30,2026-04-01,2200.0,2540.0,1000000,454.55,NEXT_DAY,15.45,154545.0,1154545.0
GOLD,HRTA.JK,3,1.5,2,2026-05-07,3.99,2026-05-08,2026-05-12,2700.0,2670.0,1000000,370.37,NEXT_DAY,-1.11,-11111.0,988889.0
GOLD,HRTA.JK,3,1.5,2,2026-06-15,5.35,2026-06-17,2026-06-19,2250.0,2120.0,1000000,444.44,NEXT_DAY,-5.78,-57778.0,942222.0
GOLD,MDKA.JK,3,1.5,2,2026-01-07,3.13,2026-01-08,2026-01-12,2560.0,2890.0,1000000,390.62,NEXT_DAY,12.89,128906.0,1128906.0
GOLD,MDKA.JK,3,1.5,2,2026-01-28,6.54,2026-01-29,2026-02-02,3170.0,2730.0,1000000,315.46,NEXT_DAY,-13.88,-138801.0,861199.0
GOLD,MDKA.JK,3,1.5,2,2026-02-20,3.61,2026-02-23,2026-02-25,3740.0,3820.0,1000000,267.38,NEXT_DAY,2.14,21390.0,1021390.0
GOLD,MDKA.JK,3,1.5,2,2026-03-27,2.11,2026-03-30,2026-04-01,3100.0,3340.0,1000000,322.58,NEXT_DAY,7.74,77419.0,1077419.0
GOLD,MDKA.JK,3,1.5,2,2026-05-07,3.99,2026-05-08,2026-05-12,2780.0,2870.0,1000000,359.71,NEXT_DAY,3.24,32374.0,1032374.0
GOLD,MDKA.JK,3,1.5,2,2026-06-15,5.35,2026-06-17,2026-06-19,2730.0,2930.0,1000000,366.3,NEXT_DAY,7.33,73260.0,1073260.0
GOLD,ANTM.JK,3,1.5,2,2026-01-07,3.13,2026-01-08,2026-01-12,3490.0,3830.0,1000000,286.53,NEXT_DAY,9.74,97421.0,1097421.0
GOLD,ANTM.JK,3,1.5,2,2026-01-28,6.54,2026-01-29,2026-02-02,4320.0,3810.0,1000000,231.48,NEXT_DAY,-11.81,-118056.0,881944.0
GOLD,ANTM.JK,3,1.5,2,2026-02-20,3.61,2026-02-23,2026-02-25,4390.0,4460.0,1000000,227.79,NEXT_DAY,1.59,15945.0,1015945.0
GOLD,ANTM.JK,3,1.5,2,2026-03-27,2.11,2026-03-30,2026-04-01,3500.0,3710.0,1000000,285.71,NEXT_DAY,6.0,60000.0,1060000.0
GOLD,ANTM.JK,3,1.5,2,2026-05-07,3.99,2026-05-08,2026-05-12,3630.0,3570.0,1000000,275.48,NEXT_DAY,-1.65,-16529.0,983471.0
GOLD,ANTM.JK,3,1.5,2,2026-06-15,5.35,2026-06-17,2026-06-19,3160.0,3080.0,1000000,316.46,NEXT_DAY,-2.53,-25316.0,974684.0
GOLD,BRMS.JK,3,1.5,2,2026-01-07,3.13,2026-01-08,2026-01-12,1205.0,1260.0,1000000,829.88,NEXT_DAY,4.56,45643.0,1045643.0
GOLD,BRMS.JK,3,1.5,2,2026-01-28,6.54,2026-01-29,2026-02-02,1070.0,920.0,1000000,934.58,NEXT_DAY,-14.02,-140187.0,859813.0
GOLD,BRMS.JK,3,1.5,2,2026-02-20,3.61,2026-02-23,2026-02-25,1060.0,980.0,1000000,943.4,NEXT_DAY,-7.55,-75472.0,924528.0
GOLD,BRMS.JK,3,1.5,2,2026-03-27,2.11,2026-03-30,2026-04-01,765.0,780.0,1000000,1307.19,NEXT_DAY,1.96,19608.0,1019608.0
GOLD,BRMS.JK,3,1.5,2,2026-05-07,3.99,2026-05-08,2026-05-12,750.0,760.0,1000000,1333.33,NEXT_DAY,1.33,13333.0,1013333.0
GOLD,BRMS.JK,3,1.5,2,2026-06-15,5.35,2026-06-17,2026-06-19,665.0,660.0,1000000,1503.76,NEXT_DAY,-0.75,-7519.0,992481.0
GOLD,PSAB.JK,3,1.5,2,2026-01-07,3.13,2026-01-08,2026-01-12,580.0,610.0,1000000,1724.14,NEXT_DAY,5.17,51724.0,1051724.0
GOLD,PSAB.JK,3,1.5,2,2026-01-28,6.54,2026-01-29,2026-02-02,595.0,468.0,1000000,1680.67,NEXT_DAY,-21.34,-213445.0,786555.0
GOLD,PSAB.JK,3,1.5,2,2026-02-20,3.61,2026-02-23,2026-02-25,570.0,570.0,1000000,1754.39,NEXT_DAY,0.0,0.0,1000000.0
GOLD,PSAB.JK,3,1.5,2,2026-03-27,2.11,2026-03-30,2026-04-01,466.0,525.0,1000000,2145.92,NEXT_DAY,12.66,126609.0,1126609.0
GOLD,PSAB.JK,3,1.5,2,2026-05-07,3.99,2026-05-08,2026-05-12,510.0,520.0,1000000,1960.78,NEXT_DAY,1.96,19608.0,1019608.0
GOLD,PSAB.JK,3,1.5,2,2026-06-15,5.35,2026-06-17,2026-06-19,448.0,440.0,1000000,2232.14,NEXT_DAY,-1.79,-17857.0,982143.0
GOLD,HRTA.JK,3,1.5,3,2026-01-07,3.13,2026-01-08,2026-01-13,2220.0,2580.0,1000000,450.45,NEXT_DAY,16.22,162162.0,1162162.0
GOLD,HRTA.JK,3,1.5,3,2026-01-28,6.54,2026-01-29,2026-02-03,2330.0,2160.0,1000000,429.18,NEXT_DAY,-7.3,-72961.0,927039.0
GOLD,HRTA.JK,3,1.5,3,2026-02-20,3.61,2026-02-23,2026-02-26,2850.0,3200.0,1000000,350.88,NEXT_DAY,12.28,122807.0,1122807.0
GOLD,HRTA.JK,3,1.5,3,2026-03-27,2.11,2026-03-30,2026-04-02,2200.0,2340.0,1000000,454.55,NEXT_DAY,6.36,63636.0,1063636.0
GOLD,HRTA.JK,3,1.5,3,2026-05-07,3.99,2026-05-08,2026-05-13,2700.0,2660.0,1000000,370.37,NEXT_DAY,-1.48,-14815.0,985185.0
GOLD,HRTA.JK,3,1.5,3,2026-06-15,5.35,2026-06-17,2026-06-22,2250.0,2100.0,1000000,444.44,NEXT_DAY,-6.67,-66667.0,933333.0
GOLD,MDKA.JK,3,1.5,3,2026-01-07,3.13,2026-01-08,2026-01-13,2560.0,3120.0,1000000,390.62,NEXT_DAY,21.88,218750.0,1218750.0
GOLD,MDKA.JK,3,1.5,3,2026-01-28,6.54,2026-01-29,2026-02-03,3170.0,2950.0,1000000,315.46,NEXT_DAY,-6.94,-69401.0,930599.0
GOLD,MDKA.JK,3,1.5,3,2026-02-20,3.61,2026-02-23,2026-02-26,3740.0,3640.0,1000000,267.38,NEXT_DAY,-2.67,-26738.0,973262.0
GOLD,MDKA.JK,3,1.5,3,2026-03-27,2.11,2026-03-30,2026-04-02,3100.0,3260.0,1000000,322.58,NEXT_DAY,5.16,51613.0,1051613.0
GOLD,MDKA.JK,3,1.5,3,2026-05-07,3.99,2026-05-08,2026-05-13,2780.0,2730.0,1000000,359.71,NEXT_DAY,-1.8,-17986.0,982014.0
GOLD,MDKA.JK,3,1.5,3,2026-06-15,5.35,2026-06-17,2026-06-22,2730.0,2940.0,1000000,366.3,NEXT_DAY,7.69,76923.0,1076923.0
GOLD,ANTM.JK,3,1.5,3,2026-01-07,3.13,2026-01-08,2026-01-13,3490.0,3880.0,1000000,286.53,NEXT_DAY,11.17,111748.0,1111748.0
GOLD,ANTM.JK,3,1.5,3,2026-01-28,6.54,2026-01-29,2026-02-03,4320.0,3930.0,1000000,231.48,NEXT_DAY,-9.03,-90278.0,909722.0
GOLD,ANTM.JK,3,1.5,3,2026-02-20,3.61,2026-02-23,2026-02-26,4390.0,4330.0,1000000,227.79,NEXT_DAY,-1.37,-13667.0,986333.0
GOLD,ANTM.JK,3,1.5,3,2026-03-27,2.11,2026-03-30,2026-04-02,3500.0,3640.0,1000000,285.71,NEXT_DAY,4.0,40000.0,1040000.0
GOLD,ANTM.JK,3,1.5,3,2026-05-07,3.99,2026-05-08,2026-05-13,3630.0,3500.0,1000000,275.48,NEXT_DAY,-3.58,-35813.0,964187.0
GOLD,ANTM.JK,3,1.5,3,2026-06-15,5.35,2026-06-17,2026-06-22,3160.0,2960.0,1000000,316.46,NEXT_DAY,-6.33,-63291.0,936709.0
GOLD,BRMS.JK,3,1.5,3,2026-01-07,3.13,2026-01-08,2026-01-13,1205.0,1195.0,1000000,829.88,NEXT_DAY,-0.83,-8299.0,991701.0
GOLD,BRMS.JK,3,1.5,3,2026-01-28,6.54,2026-01-29,2026-02-03,1070.0,955.0,1000000,934.58,NEXT_DAY,-10.75,-107477.0,892523.0
GOLD,BRMS.JK,3,1.5,3,2026-02-20,3.61,2026-02-23,2026-02-26,1060.0,960.0,1000000,943.4,NEXT_DAY,-9.43,-94340.0,905660.0
GOLD,BRMS.JK,3,1.5,3,2026-03-27,2.11,2026-03-30,2026-04-02,765.0,735.0,1000000,1307.19,NEXT_DAY,-3.92,-39216.0,960784.0
GOLD,BRMS.JK,3,1.5,3,2026-05-07,3.99,2026-05-08,2026-05-13,750.0,770.0,1000000,1333.33,NEXT_DAY,2.67,26667.0,1026667.0
GOLD,BRMS.JK,3,1.5,3,2026-06-15,5.35,2026-06-17,2026-06-22,665.0,635.0,1000000,1503.76,NEXT_DAY,-4.51,-45113.0,954887.0
GOLD,PSAB.JK,3,1.5,3,2026-01-07,3.13,2026-01-08,2026-01-13,580.0,590.0,1000000,1724.14,NEXT_DAY,1.72,17241.0,1017241.0
GOLD,PSAB.JK,3,1.5,3,2026-01-28,6.54,2026-01-29,2026-02-03,595.0,510.0,1000000,1680.67,NEXT_DAY,-14.29,-142857.0,857143.0
GOLD,PSAB.JK,3,1.5,3,2026-02-20,3.61,2026-02-23,2026-02-26,570.0,540.0,1000000,1754.39,NEXT_DAY,-5.26,-52632.0,947368.0
GOLD,PSAB.JK,3,1.5,3,2026-03-27,2.11,2026-03-30,2026-04-02,466.0,510.0,1000000,2145.92,NEXT_DAY,9.44,94421.0,1094421.0
GOLD,PSAB.JK,3,1.5,3,2026-05-07,3.99,2026-05-08,2026-05-13,510.0,500.0,1000000,1960.78,NEXT_DAY,-1.96,-19608.0,980392.0
GOLD,PSAB.JK,3,1.5,3,2026-06-15,5.35,2026-06-17,2026-06-22,448.0,426.0,1000000,2232.14,NEXT_DAY,-4.91,-49107.0,950893.0
GOLD,HRTA.JK,3,1.5,5,2026-01-07,3.13,2026-01-08,2026-01-15,2220.0,2520.0,1000000,450.45,NEXT_DAY,13.51,135135.0,1135135.0
GOLD,HRTA.JK,3,1.5,5,2026-01-28,6.54,2026-01-29,2026-02-05,2330.0,2120.0,1000000,429.18,NEXT_DAY,-9.01,-90129.0,909871.0
GOLD,HRTA.JK,3,1.5,5,2026-02-20,3.61,2026-02-23,2026-03-02,2850.0,3250.0,1000000,350.88,NEXT_DAY,14.04,140351.0,1140351.0
GOLD,HRTA.JK,3,1.5,5,2026-03-27,2.11,2026-03-30,2026-04-07,2200.0,2420.0,1000000,454.55,NEXT_DAY,10.0,100000.0,1100000.0
GOLD,HRTA.JK,3,1.5,5,2026-05-07,3.99,2026-05-08,2026-05-15,2700.0,2660.0,1000000,370.37,NEXT_DAY,-1.48,-14815.0,985185.0
GOLD,HRTA.JK,3,1.5,5,2026-06-15,5.35,2026-06-17,2026-06-24,2250.0,1945.0,1000000,444.44,NEXT_DAY,-13.56,-135556.0,864444.0
GOLD,MDKA.JK,3,1.5,5,2026-01-07,3.13,2026-01-08,2026-01-15,2560.0,2990.0,1000000,390.62,NEXT_DAY,16.8,167969.0,1167969.0
GOLD,MDKA.JK,3,1.5,5,2026-01-28,6.54,2026-01-29,2026-02-05,3170.0,3060.0,1000000,315.46,NEXT_DAY,-3.47,-34700.0,965300.0
GOLD,MDKA.JK,3,1.5,5,2026-02-20,3.61,2026-02-23,2026-03-02,3740.0,3940.0,1000000,267.38,NEXT_DAY,5.35,53476.0,1053476.0
GOLD,MDKA.JK,3,1.5,5,2026-03-27,2.11,2026-03-30,2026-04-07,3100.0,3160.0,1000000,322.58,NEXT_DAY,1.94,19355.0,1019355.0
GOLD,MDKA.JK,3,1.5,5,2026-05-07,3.99,2026-05-08,2026-05-15,2780.0,2730.0,1000000,359.71,NEXT_DAY,-1.8,-17986.0,982014.0
GOLD,MDKA.JK,3,1.5,5,2026-06-15,5.35,2026-06-17,2026-06-24,2730.0,2720.0,1000000,366.3,NEXT_DAY,-0.37,-3663.0,996337.0
GOLD,ANTM.JK,3,1.5,5,2026-01-07,3.13,2026-01-08,2026-01-15,3490.0,4050.0,1000000,286.53,NEXT_DAY,16.05,160458.0,1160458.0
GOLD,ANTM.JK,3,1.5,5,2026-01-28,6.54,2026-01-29,2026-02-05,4320.0,3810.0,1000000,231.48,NEXT_DAY,-11.81,-118056.0,881944.0
GOLD,ANTM.JK,3,1.5,5,2026-02-20,3.61,2026-02-23,2026-03-02,4390.0,4610.0,1000000,227.79,NEXT_DAY,5.01,50114.0,1050114.0
GOLD,ANTM.JK,3,1.5,5,2026-03-27,2.11,2026-03-30,2026-04-07,3500.0,3470.0,1000000,285.71,NEXT_DAY,-0.86,-8571.0,991429.0
GOLD,ANTM.JK,3,1.5,5,2026-05-07,3.99,2026-05-08,2026-05-15,3630.0,3500.0,1000000,275.48,NEXT_DAY,-3.58,-35813.0,964187.0
GOLD,ANTM.JK,3,1.5,5,2026-06-15,5.35,2026-06-17,2026-06-24,3160.0,2750.0,1000000,316.46,NEXT_DAY,-12.97,-129747.0,870253.0
GOLD,BRMS.JK,3,1.5,5,2026-01-07,3.13,2026-01-08,2026-01-15,1205.0,1225.0,1000000,829.88,NEXT_DAY,1.66,16598.0,1016598.0
GOLD,BRMS.JK,3,1.5,5,2026-01-28,6.54,2026-01-29,2026-02-05,1070.0,980.0,1000000,934.58,NEXT_DAY,-8.41,-84112.0,915888.0
GOLD,BRMS.JK,3,1.5,5,2026-02-20,3.61,2026-02-23,2026-03-02,1060.0,1010.0,1000000,943.4,NEXT_DAY,-4.72,-47170.0,952830.0
GOLD,BRMS.JK,3,1.5,5,2026-03-27,2.11,2026-03-30,2026-04-07,765.0,760.0,1000000,1307.19,NEXT_DAY,-0.65,-6536.0,993464.0
GOLD,BRMS.JK,3,1.5,5,2026-05-07,3.99,2026-05-08,2026-05-15,750.0,770.0,1000000,1333.33,NEXT_DAY,2.67,26667.0,1026667.0
GOLD,BRMS.JK,3,1.5,5,2026-06-15,5.35,2026-06-17,2026-06-24,665.0,550.0,1000000,1503.76,NEXT_DAY,-17.29,-172932.0,827068.0
GOLD,PSAB.JK,3,1.5,5,2026-01-07,3.13,2026-01-08,2026-01-15,580.0,625.0,1000000,1724.14,NEXT_DAY,7.76,77586.0,1077586.0
GOLD,PSAB.JK,3,1.5,5,2026-01-28,6.54,2026-01-29,2026-02-05,595.0,494.0,1000000,1680.67,NEXT_DAY,-16.97,-169748.0,830252.0
GOLD,PSAB.JK,3,1.5,5,2026-02-20,3.61,2026-02-23,2026-03-02,570.0,580.0,1000000,1754.39,NEXT_DAY,1.75,17544.0,1017544.0
GOLD,PSAB.JK,3,1.5,5,2026-03-27,2.11,2026-03-30,2026-04-07,466.0,505.0,1000000,2145.92,NEXT_DAY,8.37,83691.0,1083691.0
GOLD,PSAB.JK,3,1.5,5,2026-05-07,3.99,2026-05-08,2026-05-15,510.0,500.0,1000000,1960.78,NEXT_DAY,-1.96,-19608.0,980392.0
GOLD,PSAB.JK,3,1.5,5,2026-06-15,5.35,2026-06-17,2026-06-24,448.0,406.0,1000000,2232.14,NEXT_DAY,-9.37,-93750.0,906250.0
GOLD,HRTA.JK,3,1.5,10,2026-01-07,3.13,2026-01-08,2026-01-23,2220.0,2330.0,1000000,450.45,NEXT_DAY,4.95,49550.0,1049550.0
GOLD,HRTA.JK,3,1.5,10,2026-01-28,6.54,2026-01-29,2026-02-12,2330.0,2650.0,1000000,429.18,NEXT_DAY,13.73,137339.0,1137339.0
GOLD,HRTA.JK,3,1.5,10,2026-02-20,3.61,2026-02-23,2026-03-09,2850.0,2600.0,1000000,350.88,NEXT_DAY,-8.77,-87719.0,912281.0
GOLD,HRTA.JK,3,1.5,10,2026-03-27,2.11,2026-03-30,2026-04-14,2200.0,2550.0,1000000,454.55,NEXT_DAY,15.91,159091.0,1159091.0
GOLD,HRTA.JK,3,1.5,10,2026-05-07,3.99,2026-05-08,2026-05-22,2700.0,2330.0,1000000,370.37,NEXT_DAY,-13.7,-137037.0,862963.0
GOLD,HRTA.JK,3,1.5,10,2026-06-15,5.35,2026-06-17,2026-07-01,2250.0,1665.0,1000000,444.44,NEXT_DAY,-26.0,-260000.0,740000.0
GOLD,MDKA.JK,3,1.5,10,2026-01-07,3.13,2026-01-08,2026-01-23,2560.0,3300.0,1000000,390.62,NEXT_DAY,28.91,289062.0,1289062.0
GOLD,MDKA.JK,3,1.5,10,2026-01-28,6.54,2026-01-29,2026-02-12,3170.0,3190.0,1000000,315.46,NEXT_DAY,0.63,6309.0,1006309.0
GOLD,MDKA.JK,3,1.5,10,2026-02-20,3.61,2026-02-23,2026-03-09,3740.0,3330.0,1000000,267.38,NEXT_DAY,-10.96,-109626.0,890374.0
GOLD,MDKA.JK,3,1.5,10,2026-03-27,2.11,2026-03-30,2026-04-14,3100.0,3210.0,1000000,322.58,NEXT_DAY,3.55,35484.0,1035484.0
GOLD,MDKA.JK,3,1.5,10,2026-05-07,3.99,2026-05-08,2026-05-22,2780.0,2720.0,1000000,359.71,NEXT_DAY,-2.16,-21583.0,978417.0
GOLD,MDKA.JK,3,1.5,10,2026-06-15,5.35,2026-06-17,2026-07-01,2730.0,2540.0,1000000,366.3,NEXT_DAY,-6.96,-69597.0,930403.0
GOLD,ANTM.JK,3,1.5,10,2026-01-07,3.13,2026-01-08,2026-01-23,3490.0,4290.0,1000000,286.53,NEXT_DAY,22.92,229226.0,1229226.0
GOLD,ANTM.JK,3,1.5,10,2026-01-28,6.54,2026-01-29,2026-02-12,4320.0,4120.0,1000000,231.48,NEXT_DAY,-4.63,-46296.0,953704.0
GOLD,ANTM.JK,3,1.5,10,2026-02-20,3.61,2026-02-23,2026-03-09,4390.0,3820.0,1000000,227.79,NEXT_DAY,-12.98,-129841.0,870159.0
GOLD,ANTM.JK,3,1.5,10,2026-03-27,2.11,2026-03-30,2026-04-14,3500.0,3900.0,1000000,285.71,NEXT_DAY,11.43,114286.0,1114286.0
GOLD,ANTM.JK,3,1.5,10,2026-05-07,3.99,2026-05-08,2026-05-22,3630.0,3090.0,1000000,275.48,NEXT_DAY,-14.88,-148760.0,851240.0
GOLD,ANTM.JK,3,1.5,10,2026-06-15,5.35,2026-06-17,2026-07-01,3160.0,2610.0,1000000,316.46,NEXT_DAY,-17.41,-174051.0,825949.0
GOLD,BRMS.JK,3,1.5,10,2026-01-07,3.13,2026-01-08,2026-01-23,1205.0,1250.0,1000000,829.88,NEXT_DAY,3.73,37344.0,1037344.0
GOLD,BRMS.JK,3,1.5,10,2026-01-28,6.54,2026-01-29,2026-02-12,1070.0,1070.0,1000000,934.58,NEXT_DAY,0.0,0.0,1000000.0
GOLD,BRMS.JK,3,1.5,10,2026-02-20,3.61,2026-02-23,2026-03-09,1060.0,755.0,1000000,943.4,NEXT_DAY,-28.77,-287736.0,712264.0
GOLD,BRMS.JK,3,1.5,10,2026-03-27,2.11,2026-03-30,2026-04-14,765.0,860.0,1000000,1307.19,NEXT_DAY,12.42,124183.0,1124183.0
GOLD,BRMS.JK,3,1.5,10,2026-05-07,3.99,2026-05-08,2026-05-22,750.0,630.0,1000000,1333.33,NEXT_DAY,-16.0,-160000.0,840000.0
GOLD,BRMS.JK,3,1.5,10,2026-06-15,5.35,2026-06-17,2026-07-01,665.0,476.0,1000000,1503.76,NEXT_DAY,-28.42,-284211.0,715789.0
GOLD,PSAB.JK,3,1.5,10,2026-01-07,3.13,2026-01-08,2026-01-23,580.0,620.0,1000000,1724.14,NEXT_DAY,6.9,68966.0,1068966.0
GOLD,PSAB.JK,3,1.5,10,2026-01-28,6.54,2026-01-29,2026-02-12,595.0,555.0,1000000,1680.67,NEXT_DAY,-6.72,-67227.0,932773.0
GOLD,PSAB.JK,3,1.5,10,2026-02-20,3.61,2026-02-23,2026-03-09,570.0,476.0,1000000,1754.39,NEXT_DAY,-16.49,-164912.0,835088.0
GOLD,PSAB.JK,3,1.5,10,2026-03-27,2.11,2026-03-30,2026-04-14,466.0,530.0,1000000,2145.92,NEXT_DAY,13.73,137339.0,1137339.0
GOLD,PSAB.JK,3,1.5,10,2026-05-07,3.99,2026-05-08,2026-05-22,510.0,426.0,1000000,1960.78,NEXT_DAY,-16.47,-164706.0,835294.0
GOLD,PSAB.JK,3,1.5,10,2026-06-15,5.35,2026-06-17,2026-07-01,448.0,386.0,1000000,2232.14,NEXT_DAY,-13.84,-138393.0,861607.0
GOLD,HRTA.JK,3,2.0,1,2026-01-07,3.13,2026-01-08,2026-01-09,2220.0,2380.0,1000000,450.45,NEXT_DAY,7.21,72072.0,1072072.0
GOLD,HRTA.JK,3,2.0,1,2026-01-28,6.54,2026-01-29,2026-01-30,2330.0,2230.0,1000000,429.18,NEXT_DAY,-4.29,-42918.0,957082.0
GOLD,HRTA.JK,3,2.0,1,2026-02-20,3.61,2026-02-23,2026-02-24,2850.0,2830.0,1000000,350.88,NEXT_DAY,-0.7,-7018.0,992982.0
GOLD,HRTA.JK,3,2.0,1,2026-03-27,2.11,2026-03-30,2026-03-31,2200.0,2180.0,1000000,454.55,NEXT_DAY,-0.91,-9091.0,990909.0
GOLD,HRTA.JK,3,2.0,1,2026-05-07,3.99,2026-05-08,2026-05-11,2700.0,2670.0,1000000,370.37,NEXT_DAY,-1.11,-11111.0,988889.0
GOLD,HRTA.JK,3,2.0,1,2026-06-15,5.35,2026-06-17,2026-06-18,2250.0,2170.0,1000000,444.44,NEXT_DAY,-3.56,-35556.0,964444.0
GOLD,MDKA.JK,3,2.0,1,2026-01-07,3.13,2026-01-08,2026-01-09,2560.0,2700.0,1000000,390.62,NEXT_DAY,5.47,54688.0,1054688.0
GOLD,MDKA.JK,3,2.0,1,2026-01-28,6.54,2026-01-29,2026-01-30,3170.0,3210.0,1000000,315.46,NEXT_DAY,1.26,12618.0,1012618.0
GOLD,MDKA.JK,3,2.0,1,2026-02-20,3.61,2026-02-23,2026-02-24,3740.0,3790.0,1000000,267.38,NEXT_DAY,1.34,13369.0,1013369.0
GOLD,MDKA.JK,3,2.0,1,2026-03-27,2.11,2026-03-30,2026-03-31,3100.0,3140.0,1000000,322.58,NEXT_DAY,1.29,12903.0,1012903.0
GOLD,MDKA.JK,3,2.0,1,2026-05-07,3.99,2026-05-08,2026-05-11,2780.0,2870.0,1000000,359.71,NEXT_DAY,3.24,32374.0,1032374.0
GOLD,MDKA.JK,3,2.0,1,2026-06-15,5.35,2026-06-17,2026-06-18,2730.0,2860.0,1000000,366.3,NEXT_DAY,4.76,47619.0,1047619.0
GOLD,ANTM.JK,3,2.0,1,2026-01-07,3.13,2026-01-08,2026-01-09,3490.0,3630.0,1000000,286.53,NEXT_DAY,4.01,40115.0,1040115.0
GOLD,ANTM.JK,3,2.0,1,2026-01-28,6.54,2026-01-29,2026-01-30,4320.0,4210.0,1000000,231.48,NEXT_DAY,-2.55,-25463.0,974537.0
GOLD,ANTM.JK,3,2.0,1,2026-02-20,3.61,2026-02-23,2026-02-24,4390.0,4380.0,1000000,227.79,NEXT_DAY,-0.23,-2278.0,997722.0
GOLD,ANTM.JK,3,2.0,1,2026-03-27,2.11,2026-03-30,2026-03-31,3500.0,3500.0,1000000,285.71,NEXT_DAY,0.0,0.0,1000000.0
GOLD,ANTM.JK,3,2.0,1,2026-05-07,3.99,2026-05-08,2026-05-11,3630.0,3700.0,1000000,275.48,NEXT_DAY,1.93,19284.0,1019284.0
GOLD,ANTM.JK,3,2.0,1,2026-06-15,5.35,2026-06-17,2026-06-18,3160.0,3170.0,1000000,316.46,NEXT_DAY,0.32,3165.0,1003165.0
GOLD,BRMS.JK,3,2.0,1,2026-01-07,3.13,2026-01-08,2026-01-09,1205.0,1230.0,1000000,829.88,NEXT_DAY,2.07,20747.0,1020747.0
GOLD,BRMS.JK,3,2.0,1,2026-01-28,6.54,2026-01-29,2026-01-30,1070.0,1080.0,1000000,934.58,NEXT_DAY,0.93,9346.0,1009346.0
GOLD,BRMS.JK,3,2.0,1,2026-02-20,3.61,2026-02-23,2026-02-24,1060.0,1010.0,1000000,943.4,NEXT_DAY,-4.72,-47170.0,952830.0
GOLD,BRMS.JK,3,2.0,1,2026-03-27,2.11,2026-03-30,2026-03-31,765.0,730.0,1000000,1307.19,NEXT_DAY,-4.58,-45752.0,954248.0
GOLD,BRMS.JK,3,2.0,1,2026-05-07,3.99,2026-05-08,2026-05-11,750.0,750.0,1000000,1333.33,NEXT_DAY,0.0,0.0,1000000.0
GOLD,BRMS.JK,3,2.0,1,2026-06-15,5.35,2026-06-17,2026-06-18,665.0,670.0,1000000,1503.76,NEXT_DAY,0.75,7519.0,1007519.0
GOLD,PSAB.JK,3,2.0,1,2026-01-07,3.13,2026-01-08,2026-01-09,580.0,600.0,1000000,1724.14,NEXT_DAY,3.45,34483.0,1034483.0
GOLD,PSAB.JK,3,2.0,1,2026-01-28,6.54,2026-01-29,2026-01-30,595.0,550.0,1000000,1680.67,NEXT_DAY,-7.56,-75630.0,924370.0
GOLD,PSAB.JK,3,2.0,1,2026-02-20,3.61,2026-02-23,2026-02-24,570.0,555.0,1000000,1754.39,NEXT_DAY,-2.63,-26316.0,973684.0
GOLD,PSAB.JK,3,2.0,1,2026-03-27,2.11,2026-03-30,2026-03-31,466.0,460.0,1000000,2145.92,NEXT_DAY,-1.29,-12876.0,987124.0
GOLD,PSAB.JK,3,2.0,1,2026-05-07,3.99,2026-05-08,2026-05-11,510.0,510.0,1000000,1960.78,NEXT_DAY,0.0,0.0,1000000.0
GOLD,PSAB.JK,3,2.0,1,2026-06-15,5.35,2026-06-17,2026-06-18,448.0,448.0,1000000,2232.14,NEXT_DAY,0.0,0.0,1000000.0
GOLD,HRTA.JK,3,2.0,2,2026-01-07,3.13,2026-01-08,2026-01-12,2220.0,2770.0,1000000,450.45,NEXT_DAY,24.77,247748.0,1247748.0
GOLD,HRTA.JK,3,2.0,2,2026-01-28,6.54,2026-01-29,2026-02-02,2330.0,1900.0,1000000,429.18,NEXT_DAY,-18.45,-184549.0,815451.0
GOLD,HRTA.JK,3,2.0,2,2026-02-20,3.61,2026-02-23,2026-02-25,2850.0,2980.0,1000000,350.88,NEXT_DAY,4.56,45614.0,1045614.0
GOLD,HRTA.JK,3,2.0,2,2026-03-27,2.11,2026-03-30,2026-04-01,2200.0,2540.0,1000000,454.55,NEXT_DAY,15.45,154545.0,1154545.0
GOLD,HRTA.JK,3,2.0,2,2026-05-07,3.99,2026-05-08,2026-05-12,2700.0,2670.0,1000000,370.37,NEXT_DAY,-1.11,-11111.0,988889.0
GOLD,HRTA.JK,3,2.0,2,2026-06-15,5.35,2026-06-17,2026-06-19,2250.0,2120.0,1000000,444.44,NEXT_DAY,-5.78,-57778.0,942222.0
GOLD,MDKA.JK,3,2.0,2,2026-01-07,3.13,2026-01-08,2026-01-12,2560.0,2890.0,1000000,390.62,NEXT_DAY,12.89,128906.0,1128906.0
GOLD,MDKA.JK,3,2.0,2,2026-01-28,6.54,2026-01-29,2026-02-02,3170.0,2730.0,1000000,315.46,NEXT_DAY,-13.88,-138801.0,861199.0
GOLD,MDKA.JK,3,2.0,2,2026-02-20,3.61,2026-02-23,2026-02-25,3740.0,3820.0,1000000,267.38,NEXT_DAY,2.14,21390.0,1021390.0
GOLD,MDKA.JK,3,2.0,2,2026-03-27,2.11,2026-03-30,2026-04-01,3100.0,3340.0,1000000,322.58,NEXT_DAY,7.74,77419.0,1077419.0
GOLD,MDKA.JK,3,2.0,2,2026-05-07,3.99,2026-05-08,2026-05-12,2780.0,2870.0,1000000,359.71,NEXT_DAY,3.24,32374.0,1032374.0
GOLD,MDKA.JK,3,2.0,2,2026-06-15,5.35,2026-06-17,2026-06-19,2730.0,2930.0,1000000,366.3,NEXT_DAY,7.33,73260.0,1073260.0
GOLD,ANTM.JK,3,2.0,2,2026-01-07,3.13,2026-01-08,2026-01-12,3490.0,3830.0,1000000,286.53,NEXT_DAY,9.74,97421.0,1097421.0
GOLD,ANTM.JK,3,2.0,2,2026-01-28,6.54,2026-01-29,2026-02-02,4320.0,3810.0,1000000,231.48,NEXT_DAY,-11.81,-118056.0,881944.0
GOLD,ANTM.JK,3,2.0,2,2026-02-20,3.61,2026-02-23,2026-02-25,4390.0,4460.0,1000000,227.79,NEXT_DAY,1.59,15945.0,1015945.0
GOLD,ANTM.JK,3,2.0,2,2026-03-27,2.11,2026-03-30,2026-04-01,3500.0,3710.0,1000000,285.71,NEXT_DAY,6.0,60000.0,1060000.0
GOLD,ANTM.JK,3,2.0,2,2026-05-07,3.99,2026-05-08,2026-05-12,3630.0,3570.0,1000000,275.48,NEXT_DAY,-1.65,-16529.0,983471.0
GOLD,ANTM.JK,3,2.0,2,2026-06-15,5.35,2026-06-17,2026-06-19,3160.0,3080.0,1000000,316.46,NEXT_DAY,-2.53,-25316.0,974684.0
GOLD,BRMS.JK,3,2.0,2,2026-01-07,3.13,2026-01-08,2026-01-12,1205.0,1260.0,1000000,829.88,NEXT_DAY,4.56,45643.0,1045643.0
GOLD,BRMS.JK,3,2.0,2,2026-01-28,6.54,2026-01-29,2026-02-02,1070.0,920.0,1000000,934.58,NEXT_DAY,-14.02,-140187.0,859813.0
GOLD,BRMS.JK,3,2.0,2,2026-02-20,3.61,2026-02-23,2026-02-25,1060.0,980.0,1000000,943.4,NEXT_DAY,-7.55,-75472.0,924528.0
GOLD,BRMS.JK,3,2.0,2,2026-03-27,2.11,2026-03-30,2026-04-01,765.0,780.0,1000000,1307.19,NEXT_DAY,1.96,19608.0,1019608.0
GOLD,BRMS.JK,3,2.0,2,2026-05-07,3.99,2026-05-08,2026-05-12,750.0,760.0,1000000,1333.33,NEXT_DAY,1.33,13333.0,1013333.0
GOLD,BRMS.JK,3,2.0,2,2026-06-15,5.35,2026-06-17,2026-06-19,665.0,660.0,1000000,1503.76,NEXT_DAY,-0.75,-7519.0,992481.0
GOLD,PSAB.JK,3,2.0,2,2026-01-07,3.13,2026-01-08,2026-01-12,580.0,610.0,1000000,1724.14,NEXT_DAY,5.17,51724.0,1051724.0
GOLD,PSAB.JK,3,2.0,2,2026-01-28,6.54,2026-01-29,2026-02-02,595.0,468.0,1000000,1680.67,NEXT_DAY,-21.34,-213445.0,786555.0
GOLD,PSAB.JK,3,2.0,2,2026-02-20,3.61,2026-02-23,2026-02-25,570.0,570.0,1000000,1754.39,NEXT_DAY,0.0,0.0,1000000.0
GOLD,PSAB.JK,3,2.0,2,2026-03-27,2.11,2026-03-30,2026-04-01,466.0,525.0,1000000,2145.92,NEXT_DAY,12.66,126609.0,1126609.0
GOLD,PSAB.JK,3,2.0,2,2026-05-07,3.99,2026-05-08,2026-05-12,510.0,520.0,1000000,1960.78,NEXT_DAY,1.96,19608.0,1019608.0
GOLD,PSAB.JK,3,2.0,2,2026-06-15,5.35,2026-06-17,2026-06-19,448.0,440.0,1000000,2232.14,NEXT_DAY,-1.79,-17857.0,982143.0
GOLD,HRTA.JK,3,2.0,3,2026-01-07,3.13,2026-01-08,2026-01-13,2220.0,2580.0,1000000,450.45,NEXT_DAY,16.22,162162.0,1162162.0
GOLD,HRTA.JK,3,2.0,3,2026-01-28,6.54,2026-01-29,2026-02-03,2330.0,2160.0,1000000,429.18,NEXT_DAY,-7.3,-72961.0,927039.0
GOLD,HRTA.JK,3,2.0,3,2026-02-20,3.61,2026-02-23,2026-02-26,2850.0,3200.0,1000000,350.88,NEXT_DAY,12.28,122807.0,1122807.0
GOLD,HRTA.JK,3,2.0,3,2026-03-27,2.11,2026-03-30,2026-04-02,2200.0,2340.0,1000000,454.55,NEXT_DAY,6.36,63636.0,1063636.0
GOLD,HRTA.JK,3,2.0,3,2026-05-07,3.99,2026-05-08,2026-05-13,2700.0,2660.0,1000000,370.37,NEXT_DAY,-1.48,-14815.0,985185.0
GOLD,HRTA.JK,3,2.0,3,2026-06-15,5.35,2026-06-17,2026-06-22,2250.0,2100.0,1000000,444.44,NEXT_DAY,-6.67,-66667.0,933333.0
GOLD,MDKA.JK,3,2.0,3,2026-01-07,3.13,2026-01-08,2026-01-13,2560.0,3120.0,1000000,390.62,NEXT_DAY,21.88,218750.0,1218750.0
GOLD,MDKA.JK,3,2.0,3,2026-01-28,6.54,2026-01-29,2026-02-03,3170.0,2950.0,1000000,315.46,NEXT_DAY,-6.94,-69401.0,930599.0
GOLD,MDKA.JK,3,2.0,3,2026-02-20,3.61,2026-02-23,2026-02-26,3740.0,3640.0,1000000,267.38,NEXT_DAY,-2.67,-26738.0,973262.0
GOLD,MDKA.JK,3,2.0,3,2026-03-27,2.11,2026-03-30,2026-04-02,3100.0,3260.0,1000000,322.58,NEXT_DAY,5.16,51613.0,1051613.0
GOLD,MDKA.JK,3,2.0,3,2026-05-07,3.99,2026-05-08,2026-05-13,2780.0,2730.0,1000000,359.71,NEXT_DAY,-1.8,-17986.0,982014.0
GOLD,MDKA.JK,3,2.0,3,2026-06-15,5.35,2026-06-17,2026-06-22,2730.0,2940.0,1000000,366.3,NEXT_DAY,7.69,76923.0,1076923.0
GOLD,ANTM.JK,3,2.0,3,2026-01-07,3.13,2026-01-08,2026-01-13,3490.0,3880.0,1000000,286.53,NEXT_DAY,11.17,111748.0,1111748.0
GOLD,ANTM.JK,3,2.0,3,2026-01-28,6.54,2026-01-29,2026-02-03,4320.0,3930.0,1000000,231.48,NEXT_DAY,-9.03,-90278.0,909722.0
GOLD,ANTM.JK,3,2.0,3,2026-02-20,3.61,2026-02-23,2026-02-26,4390.0,4330.0,1000000,227.79,NEXT_DAY,-1.37,-13667.0,986333.0
GOLD,ANTM.JK,3,2.0,3,2026-03-27,2.11,2026-03-30,2026-04-02,3500.0,3640.0,1000000,285.71,NEXT_DAY,4.0,40000.0,1040000.0
GOLD,ANTM.JK,3,2.0,3,2026-05-07,3.99,2026-05-08,2026-05-13,3630.0,3500.0,1000000,275.48,NEXT_DAY,-3.58,-35813.0,964187.0
GOLD,ANTM.JK,3,2.0,3,2026-06-15,5.35,2026-06-17,2026-06-22,3160.0,2960.0,1000000,316.46,NEXT_DAY,-6.33,-63291.0,936709.0
GOLD,BRMS.JK,3,2.0,3,2026-01-07,3.13,2026-01-08,2026-01-13,1205.0,1195.0,1000000,829.88,NEXT_DAY,-0.83,-8299.0,991701.0
GOLD,BRMS.JK,3,2.0,3,2026-01-28,6.54,2026-01-29,2026-02-03,1070.0,955.0,1000000,934.58,NEXT_DAY,-10.75,-107477.0,892523.0
GOLD,BRMS.JK,3,2.0,3,2026-02-20,3.61,2026-02-23,2026-02-26,1060.0,960.0,1000000,943.4,NEXT_DAY,-9.43,-94340.0,905660.0
GOLD,BRMS.JK,3,2.0,3,2026-03-27,2.11,2026-03-30,2026-04-02,765.0,735.0,1000000,1307.19,NEXT_DAY,-3.92,-39216.0,960784.0
GOLD,BRMS.JK,3,2.0,3,2026-05-07,3.99,2026-05-08,2026-05-13,750.0,770.0,1000000,1333.33,NEXT_DAY,2.67,26667.0,1026667.0
GOLD,BRMS.JK,3,2.0,3,2026-06-15,5.35,2026-06-17,2026-06-22,665.0,635.0,1000000,1503.76,NEXT_DAY,-4.51,-45113.0,954887.0
GOLD,PSAB.JK,3,2.0,3,2026-01-07,3.13,2026-01-08,2026-01-13,580.0,590.0,1000000,1724.14,NEXT_DAY,1.72,17241.0,1017241.0
GOLD,PSAB.JK,3,2.0,3,2026-01-28,6.54,2026-01-29,2026-02-03,595.0,510.0,1000000,1680.67,NEXT_DAY,-14.29,-142857.0,857143.0
GOLD,PSAB.JK,3,2.0,3,2026-02-20,3.61,2026-02-23,2026-02-26,570.0,540.0,1000000,1754.39,NEXT_DAY,-5.26,-52632.0,947368.0
GOLD,PSAB.JK,3,2.0,3,2026-03-27,2.11,2026-03-30,2026-04-02,466.0,510.0,1000000,2145.92,NEXT_DAY,9.44,94421.0,1094421.0
GOLD,PSAB.JK,3,2.0,3,2026-05-07,3.99,2026-05-08,2026-05-13,510.0,500.0,1000000,1960.78,NEXT_DAY,-1.96,-19608.0,980392.0
GOLD,PSAB.JK,3,2.0,3,2026-06-15,5.35,2026-06-17,2026-06-22,448.0,426.0,1000000,2232.14,NEXT_DAY,-4.91,-49107.0,950893.0
GOLD,HRTA.JK,3,2.0,5,2026-01-07,3.13,2026-01-08,2026-01-15,2220.0,2520.0,1000000,450.45,NEXT_DAY,13.51,135135.0,1135135.0
GOLD,HRTA.JK,3,2.0,5,2026-01-28,6.54,2026-01-29,2026-02-05,2330.0,2120.0,1000000,429.18,NEXT_DAY,-9.01,-90129.0,909871.0
GOLD,HRTA.JK,3,2.0,5,2026-02-20,3.61,2026-02-23,2026-03-02,2850.0,3250.0,1000000,350.88,NEXT_DAY,14.04,140351.0,1140351.0
GOLD,HRTA.JK,3,2.0,5,2026-03-27,2.11,2026-03-30,2026-04-07,2200.0,2420.0,1000000,454.55,NEXT_DAY,10.0,100000.0,1100000.0
GOLD,HRTA.JK,3,2.0,5,2026-05-07,3.99,2026-05-08,2026-05-15,2700.0,2660.0,1000000,370.37,NEXT_DAY,-1.48,-14815.0,985185.0
GOLD,HRTA.JK,3,2.0,5,2026-06-15,5.35,2026-06-17,2026-06-24,2250.0,1945.0,1000000,444.44,NEXT_DAY,-13.56,-135556.0,864444.0
GOLD,MDKA.JK,3,2.0,5,2026-01-07,3.13,2026-01-08,2026-01-15,2560.0,2990.0,1000000,390.62,NEXT_DAY,16.8,167969.0,1167969.0
GOLD,MDKA.JK,3,2.0,5,2026-01-28,6.54,2026-01-29,2026-02-05,3170.0,3060.0,1000000,315.46,NEXT_DAY,-3.47,-34700.0,965300.0
GOLD,MDKA.JK,3,2.0,5,2026-02-20,3.61,2026-02-23,2026-03-02,3740.0,3940.0,1000000,267.38,NEXT_DAY,5.35,53476.0,1053476.0
GOLD,MDKA.JK,3,2.0,5,2026-03-27,2.11,2026-03-30,2026-04-07,3100.0,3160.0,1000000,322.58,NEXT_DAY,1.94,19355.0,1019355.0
GOLD,MDKA.JK,3,2.0,5,2026-05-07,3.99,2026-05-08,2026-05-15,2780.0,2730.0,1000000,359.71,NEXT_DAY,-1.8,-17986.0,982014.0
GOLD,MDKA.JK,3,2.0,5,2026-06-15,5.35,2026-06-17,2026-06-24,2730.0,2720.0,1000000,366.3,NEXT_DAY,-0.37,-3663.0,996337.0
GOLD,ANTM.JK,3,2.0,5,2026-01-07,3.13,2026-01-08,2026-01-15,3490.0,4050.0,1000000,286.53,NEXT_DAY,16.05,160458.0,1160458.0
GOLD,ANTM.JK,3,2.0,5,2026-01-28,6.54,2026-01-29,2026-02-05,4320.0,3810.0,1000000,231.48,NEXT_DAY,-11.81,-118056.0,881944.0
GOLD,ANTM.JK,3,2.0,5,2026-02-20,3.61,2026-02-23,2026-03-02,4390.0,4610.0,1000000,227.79,NEXT_DAY,5.01,50114.0,1050114.0
GOLD,ANTM.JK,3,2.0,5,2026-03-27,2.11,2026-03-30,2026-04-07,3500.0,3470.0,1000000,285.71,NEXT_DAY,-0.86,-8571.0,991429.0
GOLD,ANTM.JK,3,2.0,5,2026-05-07,3.99,2026-05-08,2026-05-15,3630.0,3500.0,1000000,275.48,NEXT_DAY,-3.58,-35813.0,964187.0
GOLD,ANTM.JK,3,2.0,5,2026-06-15,5.35,2026-06-17,2026-06-24,3160.0,2750.0,1000000,316.46,NEXT_DAY,-12.97,-129747.0,870253.0
GOLD,BRMS.JK,3,2.0,5,2026-01-07,3.13,2026-01-08,2026-01-15,1205.0,1225.0,1000000,829.88,NEXT_DAY,1.66,16598.0,1016598.0
GOLD,BRMS.JK,3,2.0,5,2026-01-28,6.54,2026-01-29,2026-02-05,1070.0,980.0,1000000,934.58,NEXT_DAY,-8.41,-84112.0,915888.0
GOLD,BRMS.JK,3,2.0,5,2026-02-20,3.61,2026-02-23,2026-03-02,1060.0,1010.0,1000000,943.4,NEXT_DAY,-4.72,-47170.0,952830.0
GOLD,BRMS.JK,3,2.0,5,2026-03-27,2.11,2026-03-30,2026-04-07,765.0,760.0,1000000,1307.19,NEXT_DAY,-0.65,-6536.0,993464.0
GOLD,BRMS.JK,3,2.0,5,2026-05-07,3.99,2026-05-08,2026-05-15,750.0,770.0,1000000,1333.33,NEXT_DAY,2.67,26667.0,1026667.0
GOLD,BRMS.JK,3,2.0,5,2026-06-15,5.35,2026-06-17,2026-06-24,665.0,550.0,1000000,1503.76,NEXT_DAY,-17.29,-172932.0,827068.0
GOLD,PSAB.JK,3,2.0,5,2026-01-07,3.13,2026-01-08,2026-01-15,580.0,625.0,1000000,1724.14,NEXT_DAY,7.76,77586.0,1077586.0
GOLD,PSAB.JK,3,2.0,5,2026-01-28,6.54,2026-01-29,2026-02-05,595.0,494.0,1000000,1680.67,NEXT_DAY,-16.97,-169748.0,830252.0
GOLD,PSAB.JK,3,2.0,5,2026-02-20,3.61,2026-02-23,2026-03-02,570.0,580.0,1000000,1754.39,NEXT_DAY,1.75,17544.0,1017544.0
GOLD,PSAB.JK,3,2.0,5,2026-03-27,2.11,2026-03-30,2026-04-07,466.0,505.0,1000000,2145.92,NEXT_DAY,8.37,83691.0,1083691.0
GOLD,PSAB.JK,3,2.0,5,2026-05-07,3.99,2026-05-08,2026-05-15,510.0,500.0,1000000,1960.78,NEXT_DAY,-1.96,-19608.0,980392.0
GOLD,PSAB.JK,3,2.0,5,2026-06-15,5.35,2026-06-17,2026-06-24,448.0,406.0,1000000,2232.14,NEXT_DAY,-9.37,-93750.0,906250.0
GOLD,HRTA.JK,3,2.0,10,2026-01-07,3.13,2026-01-08,2026-01-23,2220.0,2330.0,1000000,450.45,NEXT_DAY,4.95,49550.0,1049550.0
GOLD,HRTA.JK,3,2.0,10,2026-01-28,6.54,2026-01-29,2026-02-12,2330.0,2650.0,1000000,429.18,NEXT_DAY,13.73,137339.0,1137339.0
GOLD,HRTA.JK,3,2.0,10,2026-02-20,3.61,2026-02-23,2026-03-09,2850.0,2600.0,1000000,350.88,NEXT_DAY,-8.77,-87719.0,912281.0
GOLD,HRTA.JK,3,2.0,10,2026-03-27,2.11,2026-03-30,2026-04-14,2200.0,2550.0,1000000,454.55,NEXT_DAY,15.91,159091.0,1159091.0
GOLD,HRTA.JK,3,2.0,10,2026-05-07,3.99,2026-05-08,2026-05-22,2700.0,2330.0,1000000,370.37,NEXT_DAY,-13.7,-137037.0,862963.0
GOLD,HRTA.JK,3,2.0,10,2026-06-15,5.35,2026-06-17,2026-07-01,2250.0,1665.0,1000000,444.44,NEXT_DAY,-26.0,-260000.0,740000.0
GOLD,MDKA.JK,3,2.0,10,2026-01-07,3.13,2026-01-08,2026-01-23,2560.0,3300.0,1000000,390.62,NEXT_DAY,28.91,289062.0,1289062.0
GOLD,MDKA.JK,3,2.0,10,2026-01-28,6.54,2026-01-29,2026-02-12,3170.0,3190.0,1000000,315.46,NEXT_DAY,0.63,6309.0,1006309.0
GOLD,MDKA.JK,3,2.0,10,2026-02-20,3.61,2026-02-23,2026-03-09,3740.0,3330.0,1000000,267.38,NEXT_DAY,-10.96,-109626.0,890374.0
GOLD,MDKA.JK,3,2.0,10,2026-03-27,2.11,2026-03-30,2026-04-14,3100.0,3210.0,1000000,322.58,NEXT_DAY,3.55,35484.0,1035484.0
GOLD,MDKA.JK,3,2.0,10,2026-05-07,3.99,2026-05-08,2026-05-22,2780.0,2720.0,1000000,359.71,NEXT_DAY,-2.16,-21583.0,978417.0
GOLD,MDKA.JK,3,2.0,10,2026-06-15,5.35,2026-06-17,2026-07-01,2730.0,2540.0,1000000,366.3,NEXT_DAY,-6.96,-69597.0,930403.0
GOLD,ANTM.JK,3,2.0,10,2026-01-07,3.13,2026-01-08,2026-01-23,3490.0,4290.0,1000000,286.53,NEXT_DAY,22.92,229226.0,1229226.0
GOLD,ANTM.JK,3,2.0,10,2026-01-28,6.54,2026-01-29,2026-02-12,4320.0,4120.0,1000000,231.48,NEXT_DAY,-4.63,-46296.0,953704.0
GOLD,ANTM.JK,3,2.0,10,2026-02-20,3.61,2026-02-23,2026-03-09,4390.0,3820.0,1000000,227.79,NEXT_DAY,-12.98,-129841.0,870159.0
GOLD,ANTM.JK,3,2.0,10,2026-03-27,2.11,2026-03-30,2026-04-14,3500.0,3900.0,1000000,285.71,NEXT_DAY,11.43,114286.0,1114286.0
GOLD,ANTM.JK,3,2.0,10,2026-05-07,3.99,2026-05-08,2026-05-22,3630.0,3090.0,1000000,275.48,NEXT_DAY,-14.88,-148760.0,851240.0
GOLD,ANTM.JK,3,2.0,10,2026-06-15,5.35,2026-06-17,2026-07-01,3160.0,2610.0,1000000,316.46,NEXT_DAY,-17.41,-174051.0,825949.0
GOLD,BRMS.JK,3,2.0,10,2026-01-07,3.13,2026-01-08,2026-01-23,1205.0,1250.0,1000000,829.88,NEXT_DAY,3.73,37344.0,1037344.0
GOLD,BRMS.JK,3,2.0,10,2026-01-28,6.54,2026-01-29,2026-02-12,1070.0,1070.0,1000000,934.58,NEXT_DAY,0.0,0.0,1000000.0
GOLD,BRMS.JK,3,2.0,10,2026-02-20,3.61,2026-02-23,2026-03-09,1060.0,755.0,1000000,943.4,NEXT_DAY,-28.77,-287736.0,712264.0
GOLD,BRMS.JK,3,2.0,10,2026-03-27,2.11,2026-03-30,2026-04-14,765.0,860.0,1000000,1307.19,NEXT_DAY,12.42,124183.0,1124183.0
GOLD,BRMS.JK,3,2.0,10,2026-05-07,3.99,2026-05-08,2026-05-22,750.0,630.0,1000000,1333.33,NEXT_DAY,-16.0,-160000.0,840000.0
GOLD,BRMS.JK,3,2.0,10,2026-06-15,5.35,2026-06-17,2026-07-01,665.0,476.0,1000000,1503.76,NEXT_DAY,-28.42,-284211.0,715789.0
GOLD,PSAB.JK,3,2.0,10,2026-01-07,3.13,2026-01-08,2026-01-23,580.0,620.0,1000000,1724.14,NEXT_DAY,6.9,68966.0,1068966.0
GOLD,PSAB.JK,3,2.0,10,2026-01-28,6.54,2026-01-29,2026-02-12,595.0,555.0,1000000,1680.67,NEXT_DAY,-6.72,-67227.0,932773.0
GOLD,PSAB.JK,3,2.0,10,2026-02-20,3.61,2026-02-23,2026-03-09,570.0,476.0,1000000,1754.39,NEXT_DAY,-16.49,-164912.0,835088.0
GOLD,PSAB.JK,3,2.0,10,2026-03-27,2.11,2026-03-30,2026-04-14,466.0,530.0,1000000,2145.92,NEXT_DAY,13.73,137339.0,1137339.0
GOLD,PSAB.JK,3,2.0,10,2026-05-07,3.99,2026-05-08,2026-05-22,510.0,426.0,1000000,1960.78,NEXT_DAY,-16.47,-164706.0,835294.0
GOLD,PSAB.JK,3,2.0,10,2026-06-15,5.35,2026-06-17,2026-07-01,448.0,386.0,1000000,2232.14,NEXT_DAY,-13.84,-138393.0,861607.0
GOLD,HRTA.JK,3,2.5,1,2026-01-07,3.13,2026-01-08,2026-01-09,2220.0,2380.0,1000000,450.45,NEXT_DAY,7.21,72072.0,1072072.0
GOLD,HRTA.JK,3,2.5,1,2026-01-28,6.54,2026-01-29,2026-01-30,2330.0,2230.0,1000000,429.18,NEXT_DAY,-4.29,-42918.0,957082.0
GOLD,HRTA.JK,3,2.5,1,2026-02-20,3.61,2026-02-23,2026-02-24,2850.0,2830.0,1000000,350.88,NEXT_DAY,-0.7,-7018.0,992982.0
GOLD,HRTA.JK,3,2.5,1,2026-03-31,6.22,2026-04-01,2026-04-02,2540.0,2340.0,1000000,393.7,NEXT_DAY,-7.87,-78740.0,921260.0
GOLD,HRTA.JK,3,2.5,1,2026-05-07,3.99,2026-05-08,2026-05-11,2700.0,2670.0,1000000,370.37,NEXT_DAY,-1.11,-11111.0,988889.0
GOLD,HRTA.JK,3,2.5,1,2026-06-15,5.35,2026-06-17,2026-06-18,2250.0,2170.0,1000000,444.44,NEXT_DAY,-3.56,-35556.0,964444.0
GOLD,MDKA.JK,3,2.5,1,2026-01-07,3.13,2026-01-08,2026-01-09,2560.0,2700.0,1000000,390.62,NEXT_DAY,5.47,54688.0,1054688.0
GOLD,MDKA.JK,3,2.5,1,2026-01-28,6.54,2026-01-29,2026-01-30,3170.0,3210.0,1000000,315.46,NEXT_DAY,1.26,12618.0,1012618.0
GOLD,MDKA.JK,3,2.5,1,2026-02-20,3.61,2026-02-23,2026-02-24,3740.0,3790.0,1000000,267.38,NEXT_DAY,1.34,13369.0,1013369.0
GOLD,MDKA.JK,3,2.5,1,2026-03-31,6.22,2026-04-01,2026-04-02,3340.0,3260.0,1000000,299.4,NEXT_DAY,-2.4,-23952.0,976048.0
GOLD,MDKA.JK,3,2.5,1,2026-05-07,3.99,2026-05-08,2026-05-11,2780.0,2870.0,1000000,359.71,NEXT_DAY,3.24,32374.0,1032374.0
GOLD,MDKA.JK,3,2.5,1,2026-06-15,5.35,2026-06-17,2026-06-18,2730.0,2860.0,1000000,366.3,NEXT_DAY,4.76,47619.0,1047619.0
GOLD,ANTM.JK,3,2.5,1,2026-01-07,3.13,2026-01-08,2026-01-09,3490.0,3630.0,1000000,286.53,NEXT_DAY,4.01,40115.0,1040115.0
GOLD,ANTM.JK,3,2.5,1,2026-01-28,6.54,2026-01-29,2026-01-30,4320.0,4210.0,1000000,231.48,NEXT_DAY,-2.55,-25463.0,974537.0
GOLD,ANTM.JK,3,2.5,1,2026-02-20,3.61,2026-02-23,2026-02-24,4390.0,4380.0,1000000,227.79,NEXT_DAY,-0.23,-2278.0,997722.0
GOLD,ANTM.JK,3,2.5,1,2026-03-31,6.22,2026-04-01,2026-04-02,3710.0,3640.0,1000000,269.54,NEXT_DAY,-1.89,-18868.0,981132.0
GOLD,ANTM.JK,3,2.5,1,2026-05-07,3.99,2026-05-08,2026-05-11,3630.0,3700.0,1000000,275.48,NEXT_DAY,1.93,19284.0,1019284.0
GOLD,ANTM.JK,3,2.5,1,2026-06-15,5.35,2026-06-17,2026-06-18,3160.0,3170.0,1000000,316.46,NEXT_DAY,0.32,3165.0,1003165.0
GOLD,BRMS.JK,3,2.5,1,2026-01-07,3.13,2026-01-08,2026-01-09,1205.0,1230.0,1000000,829.88,NEXT_DAY,2.07,20747.0,1020747.0
GOLD,BRMS.JK,3,2.5,1,2026-01-28,6.54,2026-01-29,2026-01-30,1070.0,1080.0,1000000,934.58,NEXT_DAY,0.93,9346.0,1009346.0
GOLD,BRMS.JK,3,2.5,1,2026-02-20,3.61,2026-02-23,2026-02-24,1060.0,1010.0,1000000,943.4,NEXT_DAY,-4.72,-47170.0,952830.0
GOLD,BRMS.JK,3,2.5,1,2026-03-31,6.22,2026-04-01,2026-04-02,780.0,735.0,1000000,1282.05,NEXT_DAY,-5.77,-57692.0,942308.0
GOLD,BRMS.JK,3,2.5,1,2026-05-07,3.99,2026-05-08,2026-05-11,750.0,750.0,1000000,1333.33,NEXT_DAY,0.0,0.0,1000000.0
GOLD,BRMS.JK,3,2.5,1,2026-06-15,5.35,2026-06-17,2026-06-18,665.0,670.0,1000000,1503.76,NEXT_DAY,0.75,7519.0,1007519.0
GOLD,PSAB.JK,3,2.5,1,2026-01-07,3.13,2026-01-08,2026-01-09,580.0,600.0,1000000,1724.14,NEXT_DAY,3.45,34483.0,1034483.0
GOLD,PSAB.JK,3,2.5,1,2026-01-28,6.54,2026-01-29,2026-01-30,595.0,550.0,1000000,1680.67,NEXT_DAY,-7.56,-75630.0,924370.0
GOLD,PSAB.JK,3,2.5,1,2026-02-20,3.61,2026-02-23,2026-02-24,570.0,555.0,1000000,1754.39,NEXT_DAY,-2.63,-26316.0,973684.0
GOLD,PSAB.JK,3,2.5,1,2026-03-31,6.22,2026-04-01,2026-04-02,525.0,510.0,1000000,1904.76,NEXT_DAY,-2.86,-28571.0,971429.0
GOLD,PSAB.JK,3,2.5,1,2026-05-07,3.99,2026-05-08,2026-05-11,510.0,510.0,1000000,1960.78,NEXT_DAY,0.0,0.0,1000000.0
GOLD,PSAB.JK,3,2.5,1,2026-06-15,5.35,2026-06-17,2026-06-18,448.0,448.0,1000000,2232.14,NEXT_DAY,0.0,0.0,1000000.0
GOLD,HRTA.JK,3,2.5,2,2026-01-07,3.13,2026-01-08,2026-01-12,2220.0,2770.0,1000000,450.45,NEXT_DAY,24.77,247748.0,1247748.0
GOLD,HRTA.JK,3,2.5,2,2026-01-28,6.54,2026-01-29,2026-02-02,2330.0,1900.0,1000000,429.18,NEXT_DAY,-18.45,-184549.0,815451.0
GOLD,HRTA.JK,3,2.5,2,2026-02-20,3.61,2026-02-23,2026-02-25,2850.0,2980.0,1000000,350.88,NEXT_DAY,4.56,45614.0,1045614.0
GOLD,HRTA.JK,3,2.5,2,2026-03-31,6.22,2026-04-01,2026-04-06,2540.0,2430.0,1000000,393.7,NEXT_DAY,-4.33,-43307.0,956693.0
GOLD,HRTA.JK,3,2.5,2,2026-05-07,3.99,2026-05-08,2026-05-12,2700.0,2670.0,1000000,370.37,NEXT_DAY,-1.11,-11111.0,988889.0
GOLD,HRTA.JK,3,2.5,2,2026-06-15,5.35,2026-06-17,2026-06-19,2250.0,2120.0,1000000,444.44,NEXT_DAY,-5.78,-57778.0,942222.0
GOLD,MDKA.JK,3,2.5,2,2026-01-07,3.13,2026-01-08,2026-01-12,2560.0,2890.0,1000000,390.62,NEXT_DAY,12.89,128906.0,1128906.0
GOLD,MDKA.JK,3,2.5,2,2026-01-28,6.54,2026-01-29,2026-02-02,3170.0,2730.0,1000000,315.46,NEXT_DAY,-13.88,-138801.0,861199.0
GOLD,MDKA.JK,3,2.5,2,2026-02-20,3.61,2026-02-23,2026-02-25,3740.0,3820.0,1000000,267.38,NEXT_DAY,2.14,21390.0,1021390.0
GOLD,MDKA.JK,3,2.5,2,2026-03-31,6.22,2026-04-01,2026-04-06,3340.0,3250.0,1000000,299.4,NEXT_DAY,-2.69,-26946.0,973054.0
GOLD,MDKA.JK,3,2.5,2,2026-05-07,3.99,2026-05-08,2026-05-12,2780.0,2870.0,1000000,359.71,NEXT_DAY,3.24,32374.0,1032374.0
GOLD,MDKA.JK,3,2.5,2,2026-06-15,5.35,2026-06-17,2026-06-19,2730.0,2930.0,1000000,366.3,NEXT_DAY,7.33,73260.0,1073260.0
GOLD,ANTM.JK,3,2.5,2,2026-01-07,3.13,2026-01-08,2026-01-12,3490.0,3830.0,1000000,286.53,NEXT_DAY,9.74,97421.0,1097421.0
GOLD,ANTM.JK,3,2.5,2,2026-01-28,6.54,2026-01-29,2026-02-02,4320.0,3810.0,1000000,231.48,NEXT_DAY,-11.81,-118056.0,881944.0
GOLD,ANTM.JK,3,2.5,2,2026-02-20,3.61,2026-02-23,2026-02-25,4390.0,4460.0,1000000,227.79,NEXT_DAY,1.59,15945.0,1015945.0
GOLD,ANTM.JK,3,2.5,2,2026-03-31,6.22,2026-04-01,2026-04-06,3710.0,3650.0,1000000,269.54,NEXT_DAY,-1.62,-16173.0,983827.0
GOLD,ANTM.JK,3,2.5,2,2026-05-07,3.99,2026-05-08,2026-05-12,3630.0,3570.0,1000000,275.48,NEXT_DAY,-1.65,-16529.0,983471.0
GOLD,ANTM.JK,3,2.5,2,2026-06-15,5.35,2026-06-17,2026-06-19,3160.0,3080.0,1000000,316.46,NEXT_DAY,-2.53,-25316.0,974684.0
GOLD,BRMS.JK,3,2.5,2,2026-01-07,3.13,2026-01-08,2026-01-12,1205.0,1260.0,1000000,829.88,NEXT_DAY,4.56,45643.0,1045643.0
GOLD,BRMS.JK,3,2.5,2,2026-01-28,6.54,2026-01-29,2026-02-02,1070.0,920.0,1000000,934.58,NEXT_DAY,-14.02,-140187.0,859813.0
GOLD,BRMS.JK,3,2.5,2,2026-02-20,3.61,2026-02-23,2026-02-25,1060.0,980.0,1000000,943.4,NEXT_DAY,-7.55,-75472.0,924528.0
GOLD,BRMS.JK,3,2.5,2,2026-03-31,6.22,2026-04-01,2026-04-06,780.0,760.0,1000000,1282.05,NEXT_DAY,-2.56,-25641.0,974359.0
GOLD,BRMS.JK,3,2.5,2,2026-05-07,3.99,2026-05-08,2026-05-12,750.0,760.0,1000000,1333.33,NEXT_DAY,1.33,13333.0,1013333.0
GOLD,BRMS.JK,3,2.5,2,2026-06-15,5.35,2026-06-17,2026-06-19,665.0,660.0,1000000,1503.76,NEXT_DAY,-0.75,-7519.0,992481.0
GOLD,PSAB.JK,3,2.5,2,2026-01-07,3.13,2026-01-08,2026-01-12,580.0,610.0,1000000,1724.14,NEXT_DAY,5.17,51724.0,1051724.0
GOLD,PSAB.JK,3,2.5,2,2026-01-28,6.54,2026-01-29,2026-02-02,595.0,468.0,1000000,1680.67,NEXT_DAY,-21.34,-213445.0,786555.0
GOLD,PSAB.JK,3,2.5,2,2026-02-20,3.61,2026-02-23,2026-02-25,570.0,570.0,1000000,1754.39,NEXT_DAY,0.0,0.0,1000000.0
GOLD,PSAB.JK,3,2.5,2,2026-03-31,6.22,2026-04-01,2026-04-06,525.0,525.0,1000000,1904.76,NEXT_DAY,0.0,0.0,1000000.0
GOLD,PSAB.JK,3,2.5,2,2026-05-07,3.99,2026-05-08,2026-05-12,510.0,520.0,1000000,1960.78,NEXT_DAY,1.96,19608.0,1019608.0
GOLD,PSAB.JK,3,2.5,2,2026-06-15,5.35,2026-06-17,2026-06-19,448.0,440.0,1000000,2232.14,NEXT_DAY,-1.79,-17857.0,982143.0
GOLD,HRTA.JK,3,2.5,3,2026-01-07,3.13,2026-01-08,2026-01-13,2220.0,2580.0,1000000,450.45,NEXT_DAY,16.22,162162.0,1162162.0
GOLD,HRTA.JK,3,2.5,3,2026-01-28,6.54,2026-01-29,2026-02-03,2330.0,2160.0,1000000,429.18,NEXT_DAY,-7.3,-72961.0,927039.0
GOLD,HRTA.JK,3,2.5,3,2026-02-20,3.61,2026-02-23,2026-02-26,2850.0,3200.0,1000000,350.88,NEXT_DAY,12.28,122807.0,1122807.0
GOLD,HRTA.JK,3,2.5,3,2026-03-31,6.22,2026-04-01,2026-04-07,2540.0,2420.0,1000000,393.7,NEXT_DAY,-4.72,-47244.0,952756.0
GOLD,HRTA.JK,3,2.5,3,2026-05-07,3.99,2026-05-08,2026-05-13,2700.0,2660.0,1000000,370.37,NEXT_DAY,-1.48,-14815.0,985185.0
GOLD,HRTA.JK,3,2.5,3,2026-06-15,5.35,2026-06-17,2026-06-22,2250.0,2100.0,1000000,444.44,NEXT_DAY,-6.67,-66667.0,933333.0
GOLD,MDKA.JK,3,2.5,3,2026-01-07,3.13,2026-01-08,2026-01-13,2560.0,3120.0,1000000,390.62,NEXT_DAY,21.88,218750.0,1218750.0
GOLD,MDKA.JK,3,2.5,3,2026-01-28,6.54,2026-01-29,2026-02-03,3170.0,2950.0,1000000,315.46,NEXT_DAY,-6.94,-69401.0,930599.0
GOLD,MDKA.JK,3,2.5,3,2026-02-20,3.61,2026-02-23,2026-02-26,3740.0,3640.0,1000000,267.38,NEXT_DAY,-2.67,-26738.0,973262.0
GOLD,MDKA.JK,3,2.5,3,2026-03-31,6.22,2026-04-01,2026-04-07,3340.0,3160.0,1000000,299.4,NEXT_DAY,-5.39,-53892.0,946108.0
GOLD,MDKA.JK,3,2.5,3,2026-05-07,3.99,2026-05-08,2026-05-13,2780.0,2730.0,1000000,359.71,NEXT_DAY,-1.8,-17986.0,982014.0
GOLD,MDKA.JK,3,2.5,3,2026-06-15,5.35,2026-06-17,2026-06-22,2730.0,2940.0,1000000,366.3,NEXT_DAY,7.69,76923.0,1076923.0
GOLD,ANTM.JK,3,2.5,3,2026-01-07,3.13,2026-01-08,2026-01-13,3490.0,3880.0,1000000,286.53,NEXT_DAY,11.17,111748.0,1111748.0
GOLD,ANTM.JK,3,2.5,3,2026-01-28,6.54,2026-01-29,2026-02-03,4320.0,3930.0,1000000,231.48,NEXT_DAY,-9.03,-90278.0,909722.0
GOLD,ANTM.JK,3,2.5,3,2026-02-20,3.61,2026-02-23,2026-02-26,4390.0,4330.0,1000000,227.79,NEXT_DAY,-1.37,-13667.0,986333.0
GOLD,ANTM.JK,3,2.5,3,2026-03-31,6.22,2026-04-01,2026-04-07,3710.0,3470.0,1000000,269.54,NEXT_DAY,-6.47,-64690.0,935310.0
GOLD,ANTM.JK,3,2.5,3,2026-05-07,3.99,2026-05-08,2026-05-13,3630.0,3500.0,1000000,275.48,NEXT_DAY,-3.58,-35813.0,964187.0
GOLD,ANTM.JK,3,2.5,3,2026-06-15,5.35,2026-06-17,2026-06-22,3160.0,2960.0,1000000,316.46,NEXT_DAY,-6.33,-63291.0,936709.0
GOLD,BRMS.JK,3,2.5,3,2026-01-07,3.13,2026-01-08,2026-01-13,1205.0,1195.0,1000000,829.88,NEXT_DAY,-0.83,-8299.0,991701.0
GOLD,BRMS.JK,3,2.5,3,2026-01-28,6.54,2026-01-29,2026-02-03,1070.0,955.0,1000000,934.58,NEXT_DAY,-10.75,-107477.0,892523.0
GOLD,BRMS.JK,3,2.5,3,2026-02-20,3.61,2026-02-23,2026-02-26,1060.0,960.0,1000000,943.4,NEXT_DAY,-9.43,-94340.0,905660.0
GOLD,BRMS.JK,3,2.5,3,2026-03-31,6.22,2026-04-01,2026-04-07,780.0,760.0,1000000,1282.05,NEXT_DAY,-2.56,-25641.0,974359.0
GOLD,BRMS.JK,3,2.5,3,2026-05-07,3.99,2026-05-08,2026-05-13,750.0,770.0,1000000,1333.33,NEXT_DAY,2.67,26667.0,1026667.0
GOLD,BRMS.JK,3,2.5,3,2026-06-15,5.35,2026-06-17,2026-06-22,665.0,635.0,1000000,1503.76,NEXT_DAY,-4.51,-45113.0,954887.0
GOLD,PSAB.JK,3,2.5,3,2026-01-07,3.13,2026-01-08,2026-01-13,580.0,590.0,1000000,1724.14,NEXT_DAY,1.72,17241.0,1017241.0
GOLD,PSAB.JK,3,2.5,3,2026-01-28,6.54,2026-01-29,2026-02-03,595.0,510.0,1000000,1680.67,NEXT_DAY,-14.29,-142857.0,857143.0
GOLD,PSAB.JK,3,2.5,3,2026-02-20,3.61,2026-02-23,2026-02-26,570.0,540.0,1000000,1754.39,NEXT_DAY,-5.26,-52632.0,947368.0
GOLD,PSAB.JK,3,2.5,3,2026-03-31,6.22,2026-04-01,2026-04-07,525.0,505.0,1000000,1904.76,NEXT_DAY,-3.81,-38095.0,961905.0
GOLD,PSAB.JK,3,2.5,3,2026-05-07,3.99,2026-05-08,2026-05-13,510.0,500.0,1000000,1960.78,NEXT_DAY,-1.96,-19608.0,980392.0
GOLD,PSAB.JK,3,2.5,3,2026-06-15,5.35,2026-06-17,2026-06-22,448.0,426.0,1000000,2232.14,NEXT_DAY,-4.91,-49107.0,950893.0
GOLD,HRTA.JK,3,2.5,5,2026-01-07,3.13,2026-01-08,2026-01-15,2220.0,2520.0,1000000,450.45,NEXT_DAY,13.51,135135.0,1135135.0
GOLD,HRTA.JK,3,2.5,5,2026-01-28,6.54,2026-01-29,2026-02-05,2330.0,2120.0,1000000,429.18,NEXT_DAY,-9.01,-90129.0,909871.0
GOLD,HRTA.JK,3,2.5,5,2026-02-20,3.61,2026-02-23,2026-03-02,2850.0,3250.0,1000000,350.88,NEXT_DAY,14.04,140351.0,1140351.0
GOLD,HRTA.JK,3,2.5,5,2026-03-31,6.22,2026-04-01,2026-04-09,2540.0,2590.0,1000000,393.7,NEXT_DAY,1.97,19685.0,1019685.0
GOLD,HRTA.JK,3,2.5,5,2026-05-07,3.99,2026-05-08,2026-05-15,2700.0,2660.0,1000000,370.37,NEXT_DAY,-1.48,-14815.0,985185.0
GOLD,HRTA.JK,3,2.5,5,2026-06-15,5.35,2026-06-17,2026-06-24,2250.0,1945.0,1000000,444.44,NEXT_DAY,-13.56,-135556.0,864444.0
GOLD,MDKA.JK,3,2.5,5,2026-01-07,3.13,2026-01-08,2026-01-15,2560.0,2990.0,1000000,390.62,NEXT_DAY,16.8,167969.0,1167969.0
GOLD,MDKA.JK,3,2.5,5,2026-01-28,6.54,2026-01-29,2026-02-05,3170.0,3060.0,1000000,315.46,NEXT_DAY,-3.47,-34700.0,965300.0
GOLD,MDKA.JK,3,2.5,5,2026-02-20,3.61,2026-02-23,2026-03-02,3740.0,3940.0,1000000,267.38,NEXT_DAY,5.35,53476.0,1053476.0
GOLD,MDKA.JK,3,2.5,5,2026-03-31,6.22,2026-04-01,2026-04-09,3340.0,3230.0,1000000,299.4,NEXT_DAY,-3.29,-32934.0,967066.0
GOLD,MDKA.JK,3,2.5,5,2026-05-07,3.99,2026-05-08,2026-05-15,2780.0,2730.0,1000000,359.71,NEXT_DAY,-1.8,-17986.0,982014.0
GOLD,MDKA.JK,3,2.5,5,2026-06-15,5.35,2026-06-17,2026-06-24,2730.0,2720.0,1000000,366.3,NEXT_DAY,-0.37,-3663.0,996337.0
GOLD,ANTM.JK,3,2.5,5,2026-01-07,3.13,2026-01-08,2026-01-15,3490.0,4050.0,1000000,286.53,NEXT_DAY,16.05,160458.0,1160458.0
GOLD,ANTM.JK,3,2.5,5,2026-01-28,6.54,2026-01-29,2026-02-05,4320.0,3810.0,1000000,231.48,NEXT_DAY,-11.81,-118056.0,881944.0
GOLD,ANTM.JK,3,2.5,5,2026-02-20,3.61,2026-02-23,2026-03-02,4390.0,4610.0,1000000,227.79,NEXT_DAY,5.01,50114.0,1050114.0
GOLD,ANTM.JK,3,2.5,5,2026-03-31,6.22,2026-04-01,2026-04-09,3710.0,3750.0,1000000,269.54,NEXT_DAY,1.08,10782.0,1010782.0
GOLD,ANTM.JK,3,2.5,5,2026-05-07,3.99,2026-05-08,2026-05-15,3630.0,3500.0,1000000,275.48,NEXT_DAY,-3.58,-35813.0,964187.0
GOLD,ANTM.JK,3,2.5,5,2026-06-15,5.35,2026-06-17,2026-06-24,3160.0,2750.0,1000000,316.46,NEXT_DAY,-12.97,-129747.0,870253.0
GOLD,BRMS.JK,3,2.5,5,2026-01-07,3.13,2026-01-08,2026-01-15,1205.0,1225.0,1000000,829.88,NEXT_DAY,1.66,16598.0,1016598.0
GOLD,BRMS.JK,3,2.5,5,2026-01-28,6.54,2026-01-29,2026-02-05,1070.0,980.0,1000000,934.58,NEXT_DAY,-8.41,-84112.0,915888.0
GOLD,BRMS.JK,3,2.5,5,2026-02-20,3.61,2026-02-23,2026-03-02,1060.0,1010.0,1000000,943.4,NEXT_DAY,-4.72,-47170.0,952830.0
GOLD,BRMS.JK,3,2.5,5,2026-03-31,6.22,2026-04-01,2026-04-09,780.0,845.0,1000000,1282.05,NEXT_DAY,8.33,83333.0,1083333.0
GOLD,BRMS.JK,3,2.5,5,2026-05-07,3.99,2026-05-08,2026-05-15,750.0,770.0,1000000,1333.33,NEXT_DAY,2.67,26667.0,1026667.0
GOLD,BRMS.JK,3,2.5,5,2026-06-15,5.35,2026-06-17,2026-06-24,665.0,550.0,1000000,1503.76,NEXT_DAY,-17.29,-172932.0,827068.0
GOLD,PSAB.JK,3,2.5,5,2026-01-07,3.13,2026-01-08,2026-01-15,580.0,625.0,1000000,1724.14,NEXT_DAY,7.76,77586.0,1077586.0
GOLD,PSAB.JK,3,2.5,5,2026-01-28,6.54,2026-01-29,2026-02-05,595.0,494.0,1000000,1680.67,NEXT_DAY,-16.97,-169748.0,830252.0
GOLD,PSAB.JK,3,2.5,5,2026-02-20,3.61,2026-02-23,2026-03-02,570.0,580.0,1000000,1754.39,NEXT_DAY,1.75,17544.0,1017544.0
GOLD,PSAB.JK,3,2.5,5,2026-03-31,6.22,2026-04-01,2026-04-09,525.0,510.0,1000000,1904.76,NEXT_DAY,-2.86,-28571.0,971429.0
GOLD,PSAB.JK,3,2.5,5,2026-05-07,3.99,2026-05-08,2026-05-15,510.0,500.0,1000000,1960.78,NEXT_DAY,-1.96,-19608.0,980392.0
GOLD,PSAB.JK,3,2.5,5,2026-06-15,5.35,2026-06-17,2026-06-24,448.0,406.0,1000000,2232.14,NEXT_DAY,-9.37,-93750.0,906250.0
GOLD,HRTA.JK,3,2.5,10,2026-01-07,3.13,2026-01-08,2026-01-23,2220.0,2330.0,1000000,450.45,NEXT_DAY,4.95,49550.0,1049550.0
GOLD,HRTA.JK,3,2.5,10,2026-01-28,6.54,2026-01-29,2026-02-12,2330.0,2650.0,1000000,429.18,NEXT_DAY,13.73,137339.0,1137339.0
GOLD,HRTA.JK,3,2.5,10,2026-02-20,3.61,2026-02-23,2026-03-09,2850.0,2600.0,1000000,350.88,NEXT_DAY,-8.77,-87719.0,912281.0
GOLD,HRTA.JK,3,2.5,10,2026-03-31,6.22,2026-04-01,2026-04-16,2540.0,2740.0,1000000,393.7,NEXT_DAY,7.87,78740.0,1078740.0
GOLD,HRTA.JK,3,2.5,10,2026-05-07,3.99,2026-05-08,2026-05-22,2700.0,2330.0,1000000,370.37,NEXT_DAY,-13.7,-137037.0,862963.0
GOLD,HRTA.JK,3,2.5,10,2026-06-15,5.35,2026-06-17,2026-07-01,2250.0,1665.0,1000000,444.44,NEXT_DAY,-26.0,-260000.0,740000.0
GOLD,MDKA.JK,3,2.5,10,2026-01-07,3.13,2026-01-08,2026-01-23,2560.0,3300.0,1000000,390.62,NEXT_DAY,28.91,289062.0,1289062.0
GOLD,MDKA.JK,3,2.5,10,2026-01-28,6.54,2026-01-29,2026-02-12,3170.0,3190.0,1000000,315.46,NEXT_DAY,0.63,6309.0,1006309.0
GOLD,MDKA.JK,3,2.5,10,2026-02-20,3.61,2026-02-23,2026-03-09,3740.0,3330.0,1000000,267.38,NEXT_DAY,-10.96,-109626.0,890374.0
GOLD,MDKA.JK,3,2.5,10,2026-03-31,6.22,2026-04-01,2026-04-16,3340.0,3320.0,1000000,299.4,NEXT_DAY,-0.6,-5988.0,994012.0
GOLD,MDKA.JK,3,2.5,10,2026-05-07,3.99,2026-05-08,2026-05-22,2780.0,2720.0,1000000,359.71,NEXT_DAY,-2.16,-21583.0,978417.0
GOLD,MDKA.JK,3,2.5,10,2026-06-15,5.35,2026-06-17,2026-07-01,2730.0,2540.0,1000000,366.3,NEXT_DAY,-6.96,-69597.0,930403.0
GOLD,ANTM.JK,3,2.5,10,2026-01-07,3.13,2026-01-08,2026-01-23,3490.0,4290.0,1000000,286.53,NEXT_DAY,22.92,229226.0,1229226.0
GOLD,ANTM.JK,3,2.5,10,2026-01-28,6.54,2026-01-29,2026-02-12,4320.0,4120.0,1000000,231.48,NEXT_DAY,-4.63,-46296.0,953704.0
GOLD,ANTM.JK,3,2.5,10,2026-02-20,3.61,2026-02-23,2026-03-09,4390.0,3820.0,1000000,227.79,NEXT_DAY,-12.98,-129841.0,870159.0
GOLD,ANTM.JK,3,2.5,10,2026-03-31,6.22,2026-04-01,2026-04-16,3710.0,4060.0,1000000,269.54,NEXT_DAY,9.43,94340.0,1094340.0
GOLD,ANTM.JK,3,2.5,10,2026-05-07,3.99,2026-05-08,2026-05-22,3630.0,3090.0,1000000,275.48,NEXT_DAY,-14.88,-148760.0,851240.0
GOLD,ANTM.JK,3,2.5,10,2026-06-15,5.35,2026-06-17,2026-07-01,3160.0,2610.0,1000000,316.46,NEXT_DAY,-17.41,-174051.0,825949.0
GOLD,BRMS.JK,3,2.5,10,2026-01-07,3.13,2026-01-08,2026-01-23,1205.0,1250.0,1000000,829.88,NEXT_DAY,3.73,37344.0,1037344.0
GOLD,BRMS.JK,3,2.5,10,2026-01-28,6.54,2026-01-29,2026-02-12,1070.0,1070.0,1000000,934.58,NEXT_DAY,0.0,0.0,1000000.0
GOLD,BRMS.JK,3,2.5,10,2026-02-20,3.61,2026-02-23,2026-03-09,1060.0,755.0,1000000,943.4,NEXT_DAY,-28.77,-287736.0,712264.0
GOLD,BRMS.JK,3,2.5,10,2026-03-31,6.22,2026-04-01,2026-04-16,780.0,855.0,1000000,1282.05,NEXT_DAY,9.62,96154.0,1096154.0
GOLD,BRMS.JK,3,2.5,10,2026-05-07,3.99,2026-05-08,2026-05-22,750.0,630.0,1000000,1333.33,NEXT_DAY,-16.0,-160000.0,840000.0
GOLD,BRMS.JK,3,2.5,10,2026-06-15,5.35,2026-06-17,2026-07-01,665.0,476.0,1000000,1503.76,NEXT_DAY,-28.42,-284211.0,715789.0
GOLD,PSAB.JK,3,2.5,10,2026-01-07,3.13,2026-01-08,2026-01-23,580.0,620.0,1000000,1724.14,NEXT_DAY,6.9,68966.0,1068966.0
GOLD,PSAB.JK,3,2.5,10,2026-01-28,6.54,2026-01-29,2026-02-12,595.0,555.0,1000000,1680.67,NEXT_DAY,-6.72,-67227.0,932773.0
GOLD,PSAB.JK,3,2.5,10,2026-02-20,3.61,2026-02-23,2026-03-09,570.0,476.0,1000000,1754.39,NEXT_DAY,-16.49,-164912.0,835088.0
GOLD,PSAB.JK,3,2.5,10,2026-03-31,6.22,2026-04-01,2026-04-16,525.0,565.0,1000000,1904.76,NEXT_DAY,7.62,76190.0,1076190.0
GOLD,PSAB.JK,3,2.5,10,2026-05-07,3.99,2026-05-08,2026-05-22,510.0,426.0,1000000,1960.78,NEXT_DAY,-16.47,-164706.0,835294.0
GOLD,PSAB.JK,3,2.5,10,2026-06-15,5.35,2026-06-17,2026-07-01,448.0,386.0,1000000,2232.14,NEXT_DAY,-13.84,-138393.0,861607.0
GOLD,HRTA.JK,3,3.0,1,2026-01-07,3.13,2026-01-08,2026-01-09,2220.0,2380.0,1000000,450.45,NEXT_DAY,7.21,72072.0,1072072.0
GOLD,HRTA.JK,3,3.0,1,2026-01-28,6.54,2026-01-29,2026-01-30,2330.0,2230.0,1000000,429.18,NEXT_DAY,-4.29,-42918.0,957082.0
GOLD,HRTA.JK,3,3.0,1,2026-02-20,3.61,2026-02-23,2026-02-24,2850.0,2830.0,1000000,350.88,NEXT_DAY,-0.7,-7018.0,992982.0
GOLD,HRTA.JK,3,3.0,1,2026-03-31,6.22,2026-04-01,2026-04-02,2540.0,2340.0,1000000,393.7,NEXT_DAY,-7.87,-78740.0,921260.0
GOLD,HRTA.JK,3,3.0,1,2026-05-07,3.99,2026-05-08,2026-05-11,2700.0,2670.0,1000000,370.37,NEXT_DAY,-1.11,-11111.0,988889.0
GOLD,HRTA.JK,3,3.0,1,2026-06-15,5.35,2026-06-17,2026-06-18,2250.0,2170.0,1000000,444.44,NEXT_DAY,-3.56,-35556.0,964444.0
GOLD,MDKA.JK,3,3.0,1,2026-01-07,3.13,2026-01-08,2026-01-09,2560.0,2700.0,1000000,390.62,NEXT_DAY,5.47,54688.0,1054688.0
GOLD,MDKA.JK,3,3.0,1,2026-01-28,6.54,2026-01-29,2026-01-30,3170.0,3210.0,1000000,315.46,NEXT_DAY,1.26,12618.0,1012618.0
GOLD,MDKA.JK,3,3.0,1,2026-02-20,3.61,2026-02-23,2026-02-24,3740.0,3790.0,1000000,267.38,NEXT_DAY,1.34,13369.0,1013369.0
GOLD,MDKA.JK,3,3.0,1,2026-03-31,6.22,2026-04-01,2026-04-02,3340.0,3260.0,1000000,299.4,NEXT_DAY,-2.4,-23952.0,976048.0
GOLD,MDKA.JK,3,3.0,1,2026-05-07,3.99,2026-05-08,2026-05-11,2780.0,2870.0,1000000,359.71,NEXT_DAY,3.24,32374.0,1032374.0
GOLD,MDKA.JK,3,3.0,1,2026-06-15,5.35,2026-06-17,2026-06-18,2730.0,2860.0,1000000,366.3,NEXT_DAY,4.76,47619.0,1047619.0
GOLD,ANTM.JK,3,3.0,1,2026-01-07,3.13,2026-01-08,2026-01-09,3490.0,3630.0,1000000,286.53,NEXT_DAY,4.01,40115.0,1040115.0
GOLD,ANTM.JK,3,3.0,1,2026-01-28,6.54,2026-01-29,2026-01-30,4320.0,4210.0,1000000,231.48,NEXT_DAY,-2.55,-25463.0,974537.0
GOLD,ANTM.JK,3,3.0,1,2026-02-20,3.61,2026-02-23,2026-02-24,4390.0,4380.0,1000000,227.79,NEXT_DAY,-0.23,-2278.0,997722.0
GOLD,ANTM.JK,3,3.0,1,2026-03-31,6.22,2026-04-01,2026-04-02,3710.0,3640.0,1000000,269.54,NEXT_DAY,-1.89,-18868.0,981132.0
GOLD,ANTM.JK,3,3.0,1,2026-05-07,3.99,2026-05-08,2026-05-11,3630.0,3700.0,1000000,275.48,NEXT_DAY,1.93,19284.0,1019284.0
GOLD,ANTM.JK,3,3.0,1,2026-06-15,5.35,2026-06-17,2026-06-18,3160.0,3170.0,1000000,316.46,NEXT_DAY,0.32,3165.0,1003165.0
GOLD,BRMS.JK,3,3.0,1,2026-01-07,3.13,2026-01-08,2026-01-09,1205.0,1230.0,1000000,829.88,NEXT_DAY,2.07,20747.0,1020747.0
GOLD,BRMS.JK,3,3.0,1,2026-01-28,6.54,2026-01-29,2026-01-30,1070.0,1080.0,1000000,934.58,NEXT_DAY,0.93,9346.0,1009346.0
GOLD,BRMS.JK,3,3.0,1,2026-02-20,3.61,2026-02-23,2026-02-24,1060.0,1010.0,1000000,943.4,NEXT_DAY,-4.72,-47170.0,952830.0
GOLD,BRMS.JK,3,3.0,1,2026-03-31,6.22,2026-04-01,2026-04-02,780.0,735.0,1000000,1282.05,NEXT_DAY,-5.77,-57692.0,942308.0
GOLD,BRMS.JK,3,3.0,1,2026-05-07,3.99,2026-05-08,2026-05-11,750.0,750.0,1000000,1333.33,NEXT_DAY,0.0,0.0,1000000.0
GOLD,BRMS.JK,3,3.0,1,2026-06-15,5.35,2026-06-17,2026-06-18,665.0,670.0,1000000,1503.76,NEXT_DAY,0.75,7519.0,1007519.0
GOLD,PSAB.JK,3,3.0,1,2026-01-07,3.13,2026-01-08,2026-01-09,580.0,600.0,1000000,1724.14,NEXT_DAY,3.45,34483.0,1034483.0
GOLD,PSAB.JK,3,3.0,1,2026-01-28,6.54,2026-01-29,2026-01-30,595.0,550.0,1000000,1680.67,NEXT_DAY,-7.56,-75630.0,924370.0
GOLD,PSAB.JK,3,3.0,1,2026-02-20,3.61,2026-02-23,2026-02-24,570.0,555.0,1000000,1754.39,NEXT_DAY,-2.63,-26316.0,973684.0
GOLD,PSAB.JK,3,3.0,1,2026-03-31,6.22,2026-04-01,2026-04-02,525.0,510.0,1000000,1904.76,NEXT_DAY,-2.86,-28571.0,971429.0
GOLD,PSAB.JK,3,3.0,1,2026-05-07,3.99,2026-05-08,2026-05-11,510.0,510.0,1000000,1960.78,NEXT_DAY,0.0,0.0,1000000.0
GOLD,PSAB.JK,3,3.0,1,2026-06-15,5.35,2026-06-17,2026-06-18,448.0,448.0,1000000,2232.14,NEXT_DAY,0.0,0.0,1000000.0
GOLD,HRTA.JK,3,3.0,2,2026-01-07,3.13,2026-01-08,2026-01-12,2220.0,2770.0,1000000,450.45,NEXT_DAY,24.77,247748.0,1247748.0
GOLD,HRTA.JK,3,3.0,2,2026-01-28,6.54,2026-01-29,2026-02-02,2330.0,1900.0,1000000,429.18,NEXT_DAY,-18.45,-184549.0,815451.0
GOLD,HRTA.JK,3,3.0,2,2026-02-20,3.61,2026-02-23,2026-02-25,2850.0,2980.0,1000000,350.88,NEXT_DAY,4.56,45614.0,1045614.0
GOLD,HRTA.JK,3,3.0,2,2026-03-31,6.22,2026-04-01,2026-04-06,2540.0,2430.0,1000000,393.7,NEXT_DAY,-4.33,-43307.0,956693.0
GOLD,HRTA.JK,3,3.0,2,2026-05-07,3.99,2026-05-08,2026-05-12,2700.0,2670.0,1000000,370.37,NEXT_DAY,-1.11,-11111.0,988889.0
GOLD,HRTA.JK,3,3.0,2,2026-06-15,5.35,2026-06-17,2026-06-19,2250.0,2120.0,1000000,444.44,NEXT_DAY,-5.78,-57778.0,942222.0
GOLD,MDKA.JK,3,3.0,2,2026-01-07,3.13,2026-01-08,2026-01-12,2560.0,2890.0,1000000,390.62,NEXT_DAY,12.89,128906.0,1128906.0
GOLD,MDKA.JK,3,3.0,2,2026-01-28,6.54,2026-01-29,2026-02-02,3170.0,2730.0,1000000,315.46,NEXT_DAY,-13.88,-138801.0,861199.0
GOLD,MDKA.JK,3,3.0,2,2026-02-20,3.61,2026-02-23,2026-02-25,3740.0,3820.0,1000000,267.38,NEXT_DAY,2.14,21390.0,1021390.0
GOLD,MDKA.JK,3,3.0,2,2026-03-31,6.22,2026-04-01,2026-04-06,3340.0,3250.0,1000000,299.4,NEXT_DAY,-2.69,-26946.0,973054.0
GOLD,MDKA.JK,3,3.0,2,2026-05-07,3.99,2026-05-08,2026-05-12,2780.0,2870.0,1000000,359.71,NEXT_DAY,3.24,32374.0,1032374.0
GOLD,MDKA.JK,3,3.0,2,2026-06-15,5.35,2026-06-17,2026-06-19,2730.0,2930.0,1000000,366.3,NEXT_DAY,7.33,73260.0,1073260.0
GOLD,ANTM.JK,3,3.0,2,2026-01-07,3.13,2026-01-08,2026-01-12,3490.0,3830.0,1000000,286.53,NEXT_DAY,9.74,97421.0,1097421.0
GOLD,ANTM.JK,3,3.0,2,2026-01-28,6.54,2026-01-29,2026-02-02,4320.0,3810.0,1000000,231.48,NEXT_DAY,-11.81,-118056.0,881944.0
GOLD,ANTM.JK,3,3.0,2,2026-02-20,3.61,2026-02-23,2026-02-25,4390.0,4460.0,1000000,227.79,NEXT_DAY,1.59,15945.0,1015945.0
GOLD,ANTM.JK,3,3.0,2,2026-03-31,6.22,2026-04-01,2026-04-06,3710.0,3650.0,1000000,269.54,NEXT_DAY,-1.62,-16173.0,983827.0
GOLD,ANTM.JK,3,3.0,2,2026-05-07,3.99,2026-05-08,2026-05-12,3630.0,3570.0,1000000,275.48,NEXT_DAY,-1.65,-16529.0,983471.0
GOLD,ANTM.JK,3,3.0,2,2026-06-15,5.35,2026-06-17,2026-06-19,3160.0,3080.0,1000000,316.46,NEXT_DAY,-2.53,-25316.0,974684.0
GOLD,BRMS.JK,3,3.0,2,2026-01-07,3.13,2026-01-08,2026-01-12,1205.0,1260.0,1000000,829.88,NEXT_DAY,4.56,45643.0,1045643.0
GOLD,BRMS.JK,3,3.0,2,2026-01-28,6.54,2026-01-29,2026-02-02,1070.0,920.0,1000000,934.58,NEXT_DAY,-14.02,-140187.0,859813.0
GOLD,BRMS.JK,3,3.0,2,2026-02-20,3.61,2026-02-23,2026-02-25,1060.0,980.0,1000000,943.4,NEXT_DAY,-7.55,-75472.0,924528.0
GOLD,BRMS.JK,3,3.0,2,2026-03-31,6.22,2026-04-01,2026-04-06,780.0,760.0,1000000,1282.05,NEXT_DAY,-2.56,-25641.0,974359.0
GOLD,BRMS.JK,3,3.0,2,2026-05-07,3.99,2026-05-08,2026-05-12,750.0,760.0,1000000,1333.33,NEXT_DAY,1.33,13333.0,1013333.0
GOLD,BRMS.JK,3,3.0,2,2026-06-15,5.35,2026-06-17,2026-06-19,665.0,660.0,1000000,1503.76,NEXT_DAY,-0.75,-7519.0,992481.0
GOLD,PSAB.JK,3,3.0,2,2026-01-07,3.13,2026-01-08,2026-01-12,580.0,610.0,1000000,1724.14,NEXT_DAY,5.17,51724.0,1051724.0
GOLD,PSAB.JK,3,3.0,2,2026-01-28,6.54,2026-01-29,2026-02-02,595.0,468.0,1000000,1680.67,NEXT_DAY,-21.34,-213445.0,786555.0
GOLD,PSAB.JK,3,3.0,2,2026-02-20,3.61,2026-02-23,2026-02-25,570.0,570.0,1000000,1754.39,NEXT_DAY,0.0,0.0,1000000.0
GOLD,PSAB.JK,3,3.0,2,2026-03-31,6.22,2026-04-01,2026-04-06,525.0,525.0,1000000,1904.76,NEXT_DAY,0.0,0.0,1000000.0
GOLD,PSAB.JK,3,3.0,2,2026-05-07,3.99,2026-05-08,2026-05-12,510.0,520.0,1000000,1960.78,NEXT_DAY,1.96,19608.0,1019608.0
GOLD,PSAB.JK,3,3.0,2,2026-06-15,5.35,2026-06-17,2026-06-19,448.0,440.0,1000000,2232.14,NEXT_DAY,-1.79,-17857.0,982143.0
GOLD,HRTA.JK,3,3.0,3,2026-01-07,3.13,2026-01-08,2026-01-13,2220.0,2580.0,1000000,450.45,NEXT_DAY,16.22,162162.0,1162162.0
GOLD,HRTA.JK,3,3.0,3,2026-01-28,6.54,2026-01-29,2026-02-03,2330.0,2160.0,1000000,429.18,NEXT_DAY,-7.3,-72961.0,927039.0
GOLD,HRTA.JK,3,3.0,3,2026-02-20,3.61,2026-02-23,2026-02-26,2850.0,3200.0,1000000,350.88,NEXT_DAY,12.28,122807.0,1122807.0
GOLD,HRTA.JK,3,3.0,3,2026-03-31,6.22,2026-04-01,2026-04-07,2540.0,2420.0,1000000,393.7,NEXT_DAY,-4.72,-47244.0,952756.0
GOLD,HRTA.JK,3,3.0,3,2026-05-07,3.99,2026-05-08,2026-05-13,2700.0,2660.0,1000000,370.37,NEXT_DAY,-1.48,-14815.0,985185.0
GOLD,HRTA.JK,3,3.0,3,2026-06-15,5.35,2026-06-17,2026-06-22,2250.0,2100.0,1000000,444.44,NEXT_DAY,-6.67,-66667.0,933333.0
GOLD,MDKA.JK,3,3.0,3,2026-01-07,3.13,2026-01-08,2026-01-13,2560.0,3120.0,1000000,390.62,NEXT_DAY,21.88,218750.0,1218750.0
GOLD,MDKA.JK,3,3.0,3,2026-01-28,6.54,2026-01-29,2026-02-03,3170.0,2950.0,1000000,315.46,NEXT_DAY,-6.94,-69401.0,930599.0
GOLD,MDKA.JK,3,3.0,3,2026-02-20,3.61,2026-02-23,2026-02-26,3740.0,3640.0,1000000,267.38,NEXT_DAY,-2.67,-26738.0,973262.0
GOLD,MDKA.JK,3,3.0,3,2026-03-31,6.22,2026-04-01,2026-04-07,3340.0,3160.0,1000000,299.4,NEXT_DAY,-5.39,-53892.0,946108.0
GOLD,MDKA.JK,3,3.0,3,2026-05-07,3.99,2026-05-08,2026-05-13,2780.0,2730.0,1000000,359.71,NEXT_DAY,-1.8,-17986.0,982014.0
GOLD,MDKA.JK,3,3.0,3,2026-06-15,5.35,2026-06-17,2026-06-22,2730.0,2940.0,1000000,366.3,NEXT_DAY,7.69,76923.0,1076923.0
GOLD,ANTM.JK,3,3.0,3,2026-01-07,3.13,2026-01-08,2026-01-13,3490.0,3880.0,1000000,286.53,NEXT_DAY,11.17,111748.0,1111748.0
GOLD,ANTM.JK,3,3.0,3,2026-01-28,6.54,2026-01-29,2026-02-03,4320.0,3930.0,1000000,231.48,NEXT_DAY,-9.03,-90278.0,909722.0
GOLD,ANTM.JK,3,3.0,3,2026-02-20,3.61,2026-02-23,2026-02-26,4390.0,4330.0,1000000,227.79,NEXT_DAY,-1.37,-13667.0,986333.0
GOLD,ANTM.JK,3,3.0,3,2026-03-31,6.22,2026-04-01,2026-04-07,3710.0,3470.0,1000000,269.54,NEXT_DAY,-6.47,-64690.0,935310.0
GOLD,ANTM.JK,3,3.0,3,2026-05-07,3.99,2026-05-08,2026-05-13,3630.0,3500.0,1000000,275.48,NEXT_DAY,-3.58,-35813.0,964187.0
GOLD,ANTM.JK,3,3.0,3,2026-06-15,5.35,2026-06-17,2026-06-22,3160.0,2960.0,1000000,316.46,NEXT_DAY,-6.33,-63291.0,936709.0
GOLD,BRMS.JK,3,3.0,3,2026-01-07,3.13,2026-01-08,2026-01-13,1205.0,1195.0,1000000,829.88,NEXT_DAY,-0.83,-8299.0,991701.0
GOLD,BRMS.JK,3,3.0,3,2026-01-28,6.54,2026-01-29,2026-02-03,1070.0,955.0,1000000,934.58,NEXT_DAY,-10.75,-107477.0,892523.0
GOLD,BRMS.JK,3,3.0,3,2026-02-20,3.61,2026-02-23,2026-02-26,1060.0,960.0,1000000,943.4,NEXT_DAY,-9.43,-94340.0,905660.0
GOLD,BRMS.JK,3,3.0,3,2026-03-31,6.22,2026-04-01,2026-04-07,780.0,760.0,1000000,1282.05,NEXT_DAY,-2.56,-25641.0,974359.0
GOLD,BRMS.JK,3,3.0,3,2026-05-07,3.99,2026-05-08,2026-05-13,750.0,770.0,1000000,1333.33,NEXT_DAY,2.67,26667.0,1026667.0
GOLD,BRMS.JK,3,3.0,3,2026-06-15,5.35,2026-06-17,2026-06-22,665.0,635.0,1000000,1503.76,NEXT_DAY,-4.51,-45113.0,954887.0
GOLD,PSAB.JK,3,3.0,3,2026-01-07,3.13,2026-01-08,2026-01-13,580.0,590.0,1000000,1724.14,NEXT_DAY,1.72,17241.0,1017241.0
GOLD,PSAB.JK,3,3.0,3,2026-01-28,6.54,2026-01-29,2026-02-03,595.0,510.0,1000000,1680.67,NEXT_DAY,-14.29,-142857.0,857143.0
GOLD,PSAB.JK,3,3.0,3,2026-02-20,3.61,2026-02-23,2026-02-26,570.0,540.0,1000000,1754.39,NEXT_DAY,-5.26,-52632.0,947368.0
GOLD,PSAB.JK,3,3.0,3,2026-03-31,6.22,2026-04-01,2026-04-07,525.0,505.0,1000000,1904.76,NEXT_DAY,-3.81,-38095.0,961905.0
GOLD,PSAB.JK,3,3.0,3,2026-05-07,3.99,2026-05-08,2026-05-13,510.0,500.0,1000000,1960.78,NEXT_DAY,-1.96,-19608.0,980392.0
GOLD,PSAB.JK,3,3.0,3,2026-06-15,5.35,2026-06-17,2026-06-22,448.0,426.0,1000000,2232.14,NEXT_DAY,-4.91,-49107.0,950893.0
GOLD,HRTA.JK,3,3.0,5,2026-01-07,3.13,2026-01-08,2026-01-15,2220.0,2520.0,1000000,450.45,NEXT_DAY,13.51,135135.0,1135135.0
GOLD,HRTA.JK,3,3.0,5,2026-01-28,6.54,2026-01-29,2026-02-05,2330.0,2120.0,1000000,429.18,NEXT_DAY,-9.01,-90129.0,909871.0
GOLD,HRTA.JK,3,3.0,5,2026-02-20,3.61,2026-02-23,2026-03-02,2850.0,3250.0,1000000,350.88,NEXT_DAY,14.04,140351.0,1140351.0
GOLD,HRTA.JK,3,3.0,5,2026-03-31,6.22,2026-04-01,2026-04-09,2540.0,2590.0,1000000,393.7,NEXT_DAY,1.97,19685.0,1019685.0
GOLD,HRTA.JK,3,3.0,5,2026-05-07,3.99,2026-05-08,2026-05-15,2700.0,2660.0,1000000,370.37,NEXT_DAY,-1.48,-14815.0,985185.0
GOLD,HRTA.JK,3,3.0,5,2026-06-15,5.35,2026-06-17,2026-06-24,2250.0,1945.0,1000000,444.44,NEXT_DAY,-13.56,-135556.0,864444.0
GOLD,MDKA.JK,3,3.0,5,2026-01-07,3.13,2026-01-08,2026-01-15,2560.0,2990.0,1000000,390.62,NEXT_DAY,16.8,167969.0,1167969.0
GOLD,MDKA.JK,3,3.0,5,2026-01-28,6.54,2026-01-29,2026-02-05,3170.0,3060.0,1000000,315.46,NEXT_DAY,-3.47,-34700.0,965300.0
GOLD,MDKA.JK,3,3.0,5,2026-02-20,3.61,2026-02-23,2026-03-02,3740.0,3940.0,1000000,267.38,NEXT_DAY,5.35,53476.0,1053476.0
GOLD,MDKA.JK,3,3.0,5,2026-03-31,6.22,2026-04-01,2026-04-09,3340.0,3230.0,1000000,299.4,NEXT_DAY,-3.29,-32934.0,967066.0
GOLD,MDKA.JK,3,3.0,5,2026-05-07,3.99,2026-05-08,2026-05-15,2780.0,2730.0,1000000,359.71,NEXT_DAY,-1.8,-17986.0,982014.0
GOLD,MDKA.JK,3,3.0,5,2026-06-15,5.35,2026-06-17,2026-06-24,2730.0,2720.0,1000000,366.3,NEXT_DAY,-0.37,-3663.0,996337.0
GOLD,ANTM.JK,3,3.0,5,2026-01-07,3.13,2026-01-08,2026-01-15,3490.0,4050.0,1000000,286.53,NEXT_DAY,16.05,160458.0,1160458.0
GOLD,ANTM.JK,3,3.0,5,2026-01-28,6.54,2026-01-29,2026-02-05,4320.0,3810.0,1000000,231.48,NEXT_DAY,-11.81,-118056.0,881944.0
GOLD,ANTM.JK,3,3.0,5,2026-02-20,3.61,2026-02-23,2026-03-02,4390.0,4610.0,1000000,227.79,NEXT_DAY,5.01,50114.0,1050114.0
GOLD,ANTM.JK,3,3.0,5,2026-03-31,6.22,2026-04-01,2026-04-09,3710.0,3750.0,1000000,269.54,NEXT_DAY,1.08,10782.0,1010782.0
GOLD,ANTM.JK,3,3.0,5,2026-05-07,3.99,2026-05-08,2026-05-15,3630.0,3500.0,1000000,275.48,NEXT_DAY,-3.58,-35813.0,964187.0
GOLD,ANTM.JK,3,3.0,5,2026-06-15,5.35,2026-06-17,2026-06-24,3160.0,2750.0,1000000,316.46,NEXT_DAY,-12.97,-129747.0,870253.0
GOLD,BRMS.JK,3,3.0,5,2026-01-07,3.13,2026-01-08,2026-01-15,1205.0,1225.0,1000000,829.88,NEXT_DAY,1.66,16598.0,1016598.0
GOLD,BRMS.JK,3,3.0,5,2026-01-28,6.54,2026-01-29,2026-02-05,1070.0,980.0,1000000,934.58,NEXT_DAY,-8.41,-84112.0,915888.0
GOLD,BRMS.JK,3,3.0,5,2026-02-20,3.61,2026-02-23,2026-03-02,1060.0,1010.0,1000000,943.4,NEXT_DAY,-4.72,-47170.0,952830.0
GOLD,BRMS.JK,3,3.0,5,2026-03-31,6.22,2026-04-01,2026-04-09,780.0,845.0,1000000,1282.05,NEXT_DAY,8.33,83333.0,1083333.0
GOLD,BRMS.JK,3,3.0,5,2026-05-07,3.99,2026-05-08,2026-05-15,750.0,770.0,1000000,1333.33,NEXT_DAY,2.67,26667.0,1026667.0
GOLD,BRMS.JK,3,3.0,5,2026-06-15,5.35,2026-06-17,2026-06-24,665.0,550.0,1000000,1503.76,NEXT_DAY,-17.29,-172932.0,827068.0
GOLD,PSAB.JK,3,3.0,5,2026-01-07,3.13,2026-01-08,2026-01-15,580.0,625.0,1000000,1724.14,NEXT_DAY,7.76,77586.0,1077586.0
GOLD,PSAB.JK,3,3.0,5,2026-01-28,6.54,2026-01-29,2026-02-05,595.0,494.0,1000000,1680.67,NEXT_DAY,-16.97,-169748.0,830252.0
GOLD,PSAB.JK,3,3.0,5,2026-02-20,3.61,2026-02-23,2026-03-02,570.0,580.0,1000000,1754.39,NEXT_DAY,1.75,17544.0,1017544.0
GOLD,PSAB.JK,3,3.0,5,2026-03-31,6.22,2026-04-01,2026-04-09,525.0,510.0,1000000,1904.76,NEXT_DAY,-2.86,-28571.0,971429.0
GOLD,PSAB.JK,3,3.0,5,2026-05-07,3.99,2026-05-08,2026-05-15,510.0,500.0,1000000,1960.78,NEXT_DAY,-1.96,-19608.0,980392.0
GOLD,PSAB.JK,3,3.0,5,2026-06-15,5.35,2026-06-17,2026-06-24,448.0,406.0,1000000,2232.14,NEXT_DAY,-9.37,-93750.0,906250.0
GOLD,HRTA.JK,3,3.0,10,2026-01-07,3.13,2026-01-08,2026-01-23,2220.0,2330.0,1000000,450.45,NEXT_DAY,4.95,49550.0,1049550.0
GOLD,HRTA.JK,3,3.0,10,2026-01-28,6.54,2026-01-29,2026-02-12,2330.0,2650.0,1000000,429.18,NEXT_DAY,13.73,137339.0,1137339.0
GOLD,HRTA.JK,3,3.0,10,2026-02-20,3.61,2026-02-23,2026-03-09,2850.0,2600.0,1000000,350.88,NEXT_DAY,-8.77,-87719.0,912281.0
GOLD,HRTA.JK,3,3.0,10,2026-03-31,6.22,2026-04-01,2026-04-16,2540.0,2740.0,1000000,393.7,NEXT_DAY,7.87,78740.0,1078740.0
GOLD,HRTA.JK,3,3.0,10,2026-05-07,3.99,2026-05-08,2026-05-22,2700.0,2330.0,1000000,370.37,NEXT_DAY,-13.7,-137037.0,862963.0
GOLD,HRTA.JK,3,3.0,10,2026-06-15,5.35,2026-06-17,2026-07-01,2250.0,1665.0,1000000,444.44,NEXT_DAY,-26.0,-260000.0,740000.0
GOLD,MDKA.JK,3,3.0,10,2026-01-07,3.13,2026-01-08,2026-01-23,2560.0,3300.0,1000000,390.62,NEXT_DAY,28.91,289062.0,1289062.0
GOLD,MDKA.JK,3,3.0,10,2026-01-28,6.54,2026-01-29,2026-02-12,3170.0,3190.0,1000000,315.46,NEXT_DAY,0.63,6309.0,1006309.0
GOLD,MDKA.JK,3,3.0,10,2026-02-20,3.61,2026-02-23,2026-03-09,3740.0,3330.0,1000000,267.38,NEXT_DAY,-10.96,-109626.0,890374.0
GOLD,MDKA.JK,3,3.0,10,2026-03-31,6.22,2026-04-01,2026-04-16,3340.0,3320.0,1000000,299.4,NEXT_DAY,-0.6,-5988.0,994012.0
GOLD,MDKA.JK,3,3.0,10,2026-05-07,3.99,2026-05-08,2026-05-22,2780.0,2720.0,1000000,359.71,NEXT_DAY,-2.16,-21583.0,978417.0
GOLD,MDKA.JK,3,3.0,10,2026-06-15,5.35,2026-06-17,2026-07-01,2730.0,2540.0,1000000,366.3,NEXT_DAY,-6.96,-69597.0,930403.0
GOLD,ANTM.JK,3,3.0,10,2026-01-07,3.13,2026-01-08,2026-01-23,3490.0,4290.0,1000000,286.53,NEXT_DAY,22.92,229226.0,1229226.0
GOLD,ANTM.JK,3,3.0,10,2026-01-28,6.54,2026-01-29,2026-02-12,4320.0,4120.0,1000000,231.48,NEXT_DAY,-4.63,-46296.0,953704.0
GOLD,ANTM.JK,3,3.0,10,2026-02-20,3.61,2026-02-23,2026-03-09,4390.0,3820.0,1000000,227.79,NEXT_DAY,-12.98,-129841.0,870159.0
GOLD,ANTM.JK,3,3.0,10,2026-03-31,6.22,2026-04-01,2026-04-16,3710.0,4060.0,1000000,269.54,NEXT_DAY,9.43,94340.0,1094340.0
GOLD,ANTM.JK,3,3.0,10,2026-05-07,3.99,2026-05-08,2026-05-22,3630.0,3090.0,1000000,275.48,NEXT_DAY,-14.88,-148760.0,851240.0
GOLD,ANTM.JK,3,3.0,10,2026-06-15,5.35,2026-06-17,2026-07-01,3160.0,2610.0,1000000,316.46,NEXT_DAY,-17.41,-174051.0,825949.0
GOLD,BRMS.JK,3,3.0,10,2026-01-07,3.13,2026-01-08,2026-01-23,1205.0,1250.0,1000000,829.88,NEXT_DAY,3.73,37344.0,1037344.0
GOLD,BRMS.JK,3,3.0,10,2026-01-28,6.54,2026-01-29,2026-02-12,1070.0,1070.0,1000000,934.58,NEXT_DAY,0.0,0.0,1000000.0
GOLD,BRMS.JK,3,3.0,10,2026-02-20,3.61,2026-02-23,2026-03-09,1060.0,755.0,1000000,943.4,NEXT_DAY,-28.77,-287736.0,712264.0
GOLD,BRMS.JK,3,3.0,10,2026-03-31,6.22,2026-04-01,2026-04-16,780.0,855.0,1000000,1282.05,NEXT_DAY,9.62,96154.0,1096154.0
GOLD,BRMS.JK,3,3.0,10,2026-05-07,3.99,2026-05-08,2026-05-22,750.0,630.0,1000000,1333.33,NEXT_DAY,-16.0,-160000.0,840000.0
GOLD,BRMS.JK,3,3.0,10,2026-06-15,5.35,2026-06-17,2026-07-01,665.0,476.0,1000000,1503.76,NEXT_DAY,-28.42,-284211.0,715789.0
GOLD,PSAB.JK,3,3.0,10,2026-01-07,3.13,2026-01-08,2026-01-23,580.0,620.0,1000000,1724.14,NEXT_DAY,6.9,68966.0,1068966.0
GOLD,PSAB.JK,3,3.0,10,2026-01-28,6.54,2026-01-29,2026-02-12,595.0,555.0,1000000,1680.67,NEXT_DAY,-6.72,-67227.0,932773.0
GOLD,PSAB.JK,3,3.0,10,2026-02-20,3.61,2026-02-23,2026-03-09,570.0,476.0,1000000,1754.39,NEXT_DAY,-16.49,-164912.0,835088.0
GOLD,PSAB.JK,3,3.0,10,2026-03-31,6.22,2026-04-01,2026-04-16,525.0,565.0,1000000,1904.76,NEXT_DAY,7.62,76190.0,1076190.0
GOLD,PSAB.JK,3,3.0,10,2026-05-07,3.99,2026-05-08,2026-05-22,510.0,426.0,1000000,1960.78,NEXT_DAY,-16.47,-164706.0,835294.0
GOLD,PSAB.JK,3,3.0,10,2026-06-15,5.35,2026-06-17,2026-07-01,448.0,386.0,1000000,2232.14,NEXT_DAY,-13.84,-138393.0,861607.0
GOLD,HRTA.JK,3,5.0,1,2026-01-22,6.98,2026-01-23,2026-01-26,2330.0,2440.0,1000000,429.18,NEXT_DAY,4.72,47210.0,1047210.0
GOLD,HRTA.JK,3,5.0,1,2026-03-31,6.22,2026-04-01,2026-04-02,2540.0,2340.0,1000000,393.7,NEXT_DAY,-7.87,-78740.0,921260.0
GOLD,HRTA.JK,3,5.0,1,2026-06-15,5.35,2026-06-17,2026-06-18,2250.0,2170.0,1000000,444.44,NEXT_DAY,-3.56,-35556.0,964444.0
GOLD,MDKA.JK,3,5.0,1,2026-01-22,6.98,2026-01-23,2026-01-26,3300.0,3450.0,1000000,303.03,NEXT_DAY,4.55,45455.0,1045455.0
GOLD,MDKA.JK,3,5.0,1,2026-03-31,6.22,2026-04-01,2026-04-02,3340.0,3260.0,1000000,299.4,NEXT_DAY,-2.4,-23952.0,976048.0
GOLD,MDKA.JK,3,5.0,1,2026-06-15,5.35,2026-06-17,2026-06-18,2730.0,2860.0,1000000,366.3,NEXT_DAY,4.76,47619.0,1047619.0
GOLD,ANTM.JK,3,5.0,1,2026-01-22,6.98,2026-01-23,2026-01-26,4290.0,4760.0,1000000,233.1,NEXT_DAY,10.96,109557.0,1109557.0
GOLD,ANTM.JK,3,5.0,1,2026-03-31,6.22,2026-04-01,2026-04-02,3710.0,3640.0,1000000,269.54,NEXT_DAY,-1.89,-18868.0,981132.0
GOLD,ANTM.JK,3,5.0,1,2026-06-15,5.35,2026-06-17,2026-06-18,3160.0,3170.0,1000000,316.46,NEXT_DAY,0.32,3165.0,1003165.0
GOLD,BRMS.JK,3,5.0,1,2026-01-22,6.98,2026-01-23,2026-01-26,1250.0,1280.0,1000000,800.0,NEXT_DAY,2.4,24000.0,1024000.0
GOLD,BRMS.JK,3,5.0,1,2026-03-31,6.22,2026-04-01,2026-04-02,780.0,735.0,1000000,1282.05,NEXT_DAY,-5.77,-57692.0,942308.0
GOLD,BRMS.JK,3,5.0,1,2026-06-15,5.35,2026-06-17,2026-06-18,665.0,670.0,1000000,1503.76,NEXT_DAY,0.75,7519.0,1007519.0
GOLD,PSAB.JK,3,5.0,1,2026-01-22,6.98,2026-01-23,2026-01-26,620.0,635.0,1000000,1612.9,NEXT_DAY,2.42,24194.0,1024194.0
GOLD,PSAB.JK,3,5.0,1,2026-03-31,6.22,2026-04-01,2026-04-02,525.0,510.0,1000000,1904.76,NEXT_DAY,-2.86,-28571.0,971429.0
GOLD,PSAB.JK,3,5.0,1,2026-06-15,5.35,2026-06-17,2026-06-18,448.0,448.0,1000000,2232.14,NEXT_DAY,0.0,0.0,1000000.0
GOLD,HRTA.JK,3,5.0,2,2026-01-22,6.98,2026-01-23,2026-01-27,2330.0,2410.0,1000000,429.18,NEXT_DAY,3.43,34335.0,1034335.0
GOLD,HRTA.JK,3,5.0,2,2026-03-31,6.22,2026-04-01,2026-04-06,2540.0,2430.0,1000000,393.7,NEXT_DAY,-4.33,-43307.0,956693.0
GOLD,HRTA.JK,3,5.0,2,2026-06-15,5.35,2026-06-17,2026-06-19,2250.0,2120.0,1000000,444.44,NEXT_DAY,-5.78,-57778.0,942222.0
GOLD,MDKA.JK,3,5.0,2,2026-01-22,6.98,2026-01-23,2026-01-27,3300.0,3210.0,1000000,303.03,NEXT_DAY,-2.73,-27273.0,972727.0
GOLD,MDKA.JK,3,5.0,2,2026-03-31,6.22,2026-04-01,2026-04-06,3340.0,3250.0,1000000,299.4,NEXT_DAY,-2.69,-26946.0,973054.0
GOLD,MDKA.JK,3,5.0,2,2026-06-15,5.35,2026-06-17,2026-06-19,2730.0,2930.0,1000000,366.3,NEXT_DAY,7.33,73260.0,1073260.0
GOLD,ANTM.JK,3,5.0,2,2026-01-22,6.98,2026-01-23,2026-01-27,4290.0,4610.0,1000000,233.1,NEXT_DAY,7.46,74592.0,1074592.0
GOLD,ANTM.JK,3,5.0,2,2026-03-31,6.22,2026-04-01,2026-04-06,3710.0,3650.0,1000000,269.54,NEXT_DAY,-1.62,-16173.0,983827.0
GOLD,ANTM.JK,3,5.0,2,2026-06-15,5.35,2026-06-17,2026-06-19,3160.0,3080.0,1000000,316.46,NEXT_DAY,-2.53,-25316.0,974684.0
GOLD,BRMS.JK,3,5.0,2,2026-01-22,6.98,2026-01-23,2026-01-27,1250.0,1295.0,1000000,800.0,NEXT_DAY,3.6,36000.0,1036000.0
GOLD,BRMS.JK,3,5.0,2,2026-03-31,6.22,2026-04-01,2026-04-06,780.0,760.0,1000000,1282.05,NEXT_DAY,-2.56,-25641.0,974359.0
GOLD,BRMS.JK,3,5.0,2,2026-06-15,5.35,2026-06-17,2026-06-19,665.0,660.0,1000000,1503.76,NEXT_DAY,-0.75,-7519.0,992481.0
GOLD,PSAB.JK,3,5.0,2,2026-01-22,6.98,2026-01-23,2026-01-27,620.0,625.0,1000000,1612.9,NEXT_DAY,0.81,8065.0,1008065.0
GOLD,PSAB.JK,3,5.0,2,2026-03-31,6.22,2026-04-01,2026-04-06,525.0,525.0,1000000,1904.76,NEXT_DAY,0.0,0.0,1000000.0
GOLD,PSAB.JK,3,5.0,2,2026-06-15,5.35,2026-06-17,2026-06-19,448.0,440.0,1000000,2232.14,NEXT_DAY,-1.79,-17857.0,982143.0
GOLD,HRTA.JK,3,5.0,3,2026-01-22,6.98,2026-01-23,2026-01-28,2330.0,2400.0,1000000,429.18,NEXT_DAY,3.0,30043.0,1030043.0
GOLD,HRTA.JK,3,5.0,3,2026-03-31,6.22,2026-04-01,2026-04-07,2540.0,2420.0,1000000,393.7,NEXT_DAY,-4.72,-47244.0,952756.0
GOLD,HRTA.JK,3,5.0,3,2026-06-15,5.35,2026-06-17,2026-06-22,2250.0,2100.0,1000000,444.44,NEXT_DAY,-6.67,-66667.0,933333.0
GOLD,MDKA.JK,3,5.0,3,2026-01-22,6.98,2026-01-23,2026-01-28,3300.0,3240.0,1000000,303.03,NEXT_DAY,-1.82,-18182.0,981818.0
GOLD,MDKA.JK,3,5.0,3,2026-03-31,6.22,2026-04-01,2026-04-07,3340.0,3160.0,1000000,299.4,NEXT_DAY,-5.39,-53892.0,946108.0
GOLD,MDKA.JK,3,5.0,3,2026-06-15,5.35,2026-06-17,2026-06-22,2730.0,2940.0,1000000,366.3,NEXT_DAY,7.69,76923.0,1076923.0
GOLD,ANTM.JK,3,5.0,3,2026-01-22,6.98,2026-01-23,2026-01-28,4290.0,4420.0,1000000,233.1,NEXT_DAY,3.03,30303.0,1030303.0
GOLD,ANTM.JK,3,5.0,3,2026-03-31,6.22,2026-04-01,2026-04-07,3710.0,3470.0,1000000,269.54,NEXT_DAY,-6.47,-64690.0,935310.0
GOLD,ANTM.JK,3,5.0,3,2026-06-15,5.35,2026-06-17,2026-06-22,3160.0,2960.0,1000000,316.46,NEXT_DAY,-6.33,-63291.0,936709.0
GOLD,BRMS.JK,3,5.0,3,2026-01-22,6.98,2026-01-23,2026-01-28,1250.0,1105.0,1000000,800.0,NEXT_DAY,-11.6,-116000.0,884000.0
GOLD,BRMS.JK,3,5.0,3,2026-03-31,6.22,2026-04-01,2026-04-07,780.0,760.0,1000000,1282.05,NEXT_DAY,-2.56,-25641.0,974359.0
GOLD,BRMS.JK,3,5.0,3,2026-06-15,5.35,2026-06-17,2026-06-22,665.0,635.0,1000000,1503.76,NEXT_DAY,-4.51,-45113.0,954887.0
GOLD,PSAB.JK,3,5.0,3,2026-01-22,6.98,2026-01-23,2026-01-28,620.0,600.0,1000000,1612.9,NEXT_DAY,-3.23,-32258.0,967742.0
GOLD,PSAB.JK,3,5.0,3,2026-03-31,6.22,2026-04-01,2026-04-07,525.0,505.0,1000000,1904.76,NEXT_DAY,-3.81,-38095.0,961905.0
GOLD,PSAB.JK,3,5.0,3,2026-06-15,5.35,2026-06-17,2026-06-22,448.0,426.0,1000000,2232.14,NEXT_DAY,-4.91,-49107.0,950893.0
GOLD,HRTA.JK,3,5.0,5,2026-01-22,6.98,2026-01-23,2026-01-30,2330.0,2230.0,1000000,429.18,NEXT_DAY,-4.29,-42918.0,957082.0
GOLD,HRTA.JK,3,5.0,5,2026-03-31,6.22,2026-04-01,2026-04-09,2540.0,2590.0,1000000,393.7,NEXT_DAY,1.97,19685.0,1019685.0
GOLD,HRTA.JK,3,5.0,5,2026-06-15,5.35,2026-06-17,2026-06-24,2250.0,1945.0,1000000,444.44,NEXT_DAY,-13.56,-135556.0,864444.0
GOLD,MDKA.JK,3,5.0,5,2026-01-22,6.98,2026-01-23,2026-01-30,3300.0,3210.0,1000000,303.03,NEXT_DAY,-2.73,-27273.0,972727.0
GOLD,MDKA.JK,3,5.0,5,2026-03-31,6.22,2026-04-01,2026-04-09,3340.0,3230.0,1000000,299.4,NEXT_DAY,-3.29,-32934.0,967066.0
GOLD,MDKA.JK,3,5.0,5,2026-06-15,5.35,2026-06-17,2026-06-24,2730.0,2720.0,1000000,366.3,NEXT_DAY,-0.37,-3663.0,996337.0
GOLD,ANTM.JK,3,5.0,5,2026-01-22,6.98,2026-01-23,2026-01-30,4290.0,4210.0,1000000,233.1,NEXT_DAY,-1.86,-18648.0,981352.0
GOLD,ANTM.JK,3,5.0,5,2026-03-31,6.22,2026-04-01,2026-04-09,3710.0,3750.0,1000000,269.54,NEXT_DAY,1.08,10782.0,1010782.0
GOLD,ANTM.JK,3,5.0,5,2026-06-15,5.35,2026-06-17,2026-06-24,3160.0,2750.0,1000000,316.46,NEXT_DAY,-12.97,-129747.0,870253.0
GOLD,BRMS.JK,3,5.0,5,2026-01-22,6.98,2026-01-23,2026-01-30,1250.0,1080.0,1000000,800.0,NEXT_DAY,-13.6,-136000.0,864000.0
GOLD,BRMS.JK,3,5.0,5,2026-03-31,6.22,2026-04-01,2026-04-09,780.0,845.0,1000000,1282.05,NEXT_DAY,8.33,83333.0,1083333.0
GOLD,BRMS.JK,3,5.0,5,2026-06-15,5.35,2026-06-17,2026-06-24,665.0,550.0,1000000,1503.76,NEXT_DAY,-17.29,-172932.0,827068.0
GOLD,PSAB.JK,3,5.0,5,2026-01-22,6.98,2026-01-23,2026-01-30,620.0,550.0,1000000,1612.9,NEXT_DAY,-11.29,-112903.0,887097.0
GOLD,PSAB.JK,3,5.0,5,2026-03-31,6.22,2026-04-01,2026-04-09,525.0,510.0,1000000,1904.76,NEXT_DAY,-2.86,-28571.0,971429.0
GOLD,PSAB.JK,3,5.0,5,2026-06-15,5.35,2026-06-17,2026-06-24,448.0,406.0,1000000,2232.14,NEXT_DAY,-9.37,-93750.0,906250.0
GOLD,HRTA.JK,3,5.0,10,2026-01-22,6.98,2026-01-23,2026-02-06,2330.0,2260.0,1000000,429.18,NEXT_DAY,-3.0,-30043.0,969957.0
GOLD,HRTA.JK,3,5.0,10,2026-03-31,6.22,2026-04-01,2026-04-16,2540.0,2740.0,1000000,393.7,NEXT_DAY,7.87,78740.0,1078740.0
GOLD,HRTA.JK,3,5.0,10,2026-06-15,5.35,2026-06-17,2026-07-01,2250.0,1665.0,1000000,444.44,NEXT_DAY,-26.0,-260000.0,740000.0
GOLD,MDKA.JK,3,5.0,10,2026-01-22,6.98,2026-01-23,2026-02-06,3300.0,2850.0,1000000,303.03,NEXT_DAY,-13.64,-136364.0,863636.0
GOLD,MDKA.JK,3,5.0,10,2026-03-31,6.22,2026-04-01,2026-04-16,3340.0,3320.0,1000000,299.4,NEXT_DAY,-0.6,-5988.0,994012.0
GOLD,MDKA.JK,3,5.0,10,2026-06-15,5.35,2026-06-17,2026-07-01,2730.0,2540.0,1000000,366.3,NEXT_DAY,-6.96,-69597.0,930403.0
GOLD,ANTM.JK,3,5.0,10,2026-01-22,6.98,2026-01-23,2026-02-06,4290.0,3710.0,1000000,233.1,NEXT_DAY,-13.52,-135198.0,864802.0
GOLD,ANTM.JK,3,5.0,10,2026-03-31,6.22,2026-04-01,2026-04-16,3710.0,4060.0,1000000,269.54,NEXT_DAY,9.43,94340.0,1094340.0
GOLD,ANTM.JK,3,5.0,10,2026-06-15,5.35,2026-06-17,2026-07-01,3160.0,2610.0,1000000,316.46,NEXT_DAY,-17.41,-174051.0,825949.0
GOLD,BRMS.JK,3,5.0,10,2026-01-22,6.98,2026-01-23,2026-02-06,1250.0,945.0,1000000,800.0,NEXT_DAY,-24.4,-244000.0,756000.0
GOLD,BRMS.JK,3,5.0,10,2026-03-31,6.22,2026-04-01,2026-04-16,780.0,855.0,1000000,1282.05,NEXT_DAY,9.62,96154.0,1096154.0
GOLD,BRMS.JK,3,5.0,10,2026-06-15,5.35,2026-06-17,2026-07-01,665.0,476.0,1000000,1503.76,NEXT_DAY,-28.42,-284211.0,715789.0
GOLD,PSAB.JK,3,5.0,10,2026-01-22,6.98,2026-01-23,2026-02-06,620.0,488.0,1000000,1612.9,NEXT_DAY,-21.29,-212903.0,787097.0
GOLD,PSAB.JK,3,5.0,10,2026-03-31,6.22,2026-04-01,2026-04-16,525.0,565.0,1000000,1904.76,NEXT_DAY,7.62,76190.0,1076190.0
GOLD,PSAB.JK,3,5.0,10,2026-06-15,5.35,2026-06-17,2026-07-01,448.0,386.0,1000000,2232.14,NEXT_DAY,-13.84,-138393.0,861607.0
GOLD,HRTA.JK,5,0.5,1,2026-01-09,4.08,2026-01-12,2026-01-13,2770.0,2580.0,1000000,361.01,NEXT_DAY,-6.86,-68592.0,931408.0
GOLD,HRTA.JK,5,0.5,1,2026-02-06,5.03,2026-02-09,2026-02-10,2250.0,2500.0,1000000,444.44,NEXT_DAY,11.11,111111.0,1111111.0
GOLD,HRTA.JK,5,0.5,1,2026-02-27,3.38,2026-03-02,2026-03-03,3250.0,3090.0,1000000,307.69,NEXT_DAY,-4.92,-49231.0,950769.0
GOLD,HRTA.JK,5,0.5,1,2026-03-30,2.77,2026-03-31,2026-04-01,2180.0,2540.0,1000000,458.72,NEXT_DAY,16.51,165138.0,1165138.0
GOLD,HRTA.JK,5,0.5,1,2026-04-20,1.35,2026-04-21,2026-04-22,2970.0,3040.0,1000000,336.7,NEXT_DAY,2.36,23569.0,1023569.0
GOLD,HRTA.JK,5,0.5,1,2026-05-11,4.41,2026-05-12,2026-05-13,2670.0,2660.0,1000000,374.53,NEXT_DAY,-0.37,-3745.0,996255.0
GOLD,HRTA.JK,5,0.5,1,2026-06-16,1.66,2026-06-18,2026-06-19,2170.0,2120.0,1000000,460.83,NEXT_DAY,-2.3,-23041.0,976959.0
GOLD,MDKA.JK,5,0.5,1,2026-01-09,4.08,2026-01-12,2026-01-13,2890.0,3120.0,1000000,346.02,NEXT_DAY,7.96,79585.0,1079585.0
GOLD,MDKA.JK,5,0.5,1,2026-02-06,5.03,2026-02-09,2026-02-10,3040.0,3090.0,1000000,328.95,NEXT_DAY,1.64,16447.0,1016447.0
GOLD,MDKA.JK,5,0.5,1,2026-02-27,3.38,2026-03-02,2026-03-03,3940.0,3660.0,1000000,253.81,NEXT_DAY,-7.11,-71066.0,928934.0
GOLD,MDKA.JK,5,0.5,1,2026-03-30,2.77,2026-03-31,2026-04-01,3140.0,3340.0,1000000,318.47,NEXT_DAY,6.37,63694.0,1063694.0
GOLD,MDKA.JK,5,0.5,1,2026-04-20,1.35,2026-04-21,2026-04-22,3370.0,3400.0,1000000,296.74,NEXT_DAY,0.89,8902.0,1008902.0
GOLD,MDKA.JK,5,0.5,1,2026-05-11,4.41,2026-05-12,2026-05-13,2870.0,2730.0,1000000,348.43,NEXT_DAY,-4.88,-48780.0,951220.0
GOLD,MDKA.JK,5,0.5,1,2026-06-16,1.66,2026-06-18,2026-06-19,2860.0,2930.0,1000000,349.65,NEXT_DAY,2.45,24476.0,1024476.0
GOLD,ANTM.JK,5,0.5,1,2026-01-09,4.08,2026-01-12,2026-01-13,3830.0,3880.0,1000000,261.1,NEXT_DAY,1.31,13055.0,1013055.0
GOLD,ANTM.JK,5,0.5,1,2026-02-06,5.03,2026-02-09,2026-02-10,3890.0,3890.0,1000000,257.07,NEXT_DAY,0.0,0.0,1000000.0
GOLD,ANTM.JK,5,0.5,1,2026-02-27,3.38,2026-03-02,2026-03-03,4610.0,4410.0,1000000,216.92,NEXT_DAY,-4.34,-43384.0,956616.0
GOLD,ANTM.JK,5,0.5,1,2026-03-30,2.77,2026-03-31,2026-04-01,3500.0,3710.0,1000000,285.71,NEXT_DAY,6.0,60000.0,1060000.0
GOLD,ANTM.JK,5,0.5,1,2026-04-20,1.35,2026-04-21,2026-04-22,4030.0,4100.0,1000000,248.14,NEXT_DAY,1.74,17370.0,1017370.0
GOLD,ANTM.JK,5,0.5,1,2026-05-11,4.41,2026-05-12,2026-05-13,3570.0,3500.0,1000000,280.11,NEXT_DAY,-1.96,-19608.0,980392.0
GOLD,ANTM.JK,5,0.5,1,2026-06-16,1.66,2026-06-18,2026-06-19,3170.0,3080.0,1000000,315.46,NEXT_DAY,-2.84,-28391.0,971609.0
GOLD,BRMS.JK,5,0.5,1,2026-01-09,4.08,2026-01-12,2026-01-13,1260.0,1195.0,1000000,793.65,NEXT_DAY,-5.16,-51587.0,948413.0
GOLD,BRMS.JK,5,0.5,1,2026-02-06,5.03,2026-02-09,2026-02-10,1010.0,1045.0,1000000,990.1,NEXT_DAY,3.47,34653.0,1034653.0
GOLD,BRMS.JK,5,0.5,1,2026-02-27,3.38,2026-03-02,2026-03-03,1010.0,980.0,1000000,990.1,NEXT_DAY,-2.97,-29703.0,970297.0
GOLD,BRMS.JK,5,0.5,1,2026-03-30,2.77,2026-03-31,2026-04-01,730.0,780.0,1000000,1369.86,NEXT_DAY,6.85,68493.0,1068493.0
GOLD,BRMS.JK,5,0.5,1,2026-04-20,1.35,2026-04-21,2026-04-22,900.0,905.0,1000000,1111.11,NEXT_DAY,0.56,5556.0,1005556.0
GOLD,BRMS.JK,5,0.5,1,2026-05-11,4.41,2026-05-12,2026-05-13,760.0,770.0,1000000,1315.79,NEXT_DAY,1.32,13158.0,1013158.0
GOLD,BRMS.JK,5,0.5,1,2026-06-16,1.66,2026-06-18,2026-06-19,670.0,660.0,1000000,1492.54,NEXT_DAY,-1.49,-14925.0,985075.0
GOLD,PSAB.JK,5,0.5,1,2026-01-09,4.08,2026-01-12,2026-01-13,610.0,590.0,1000000,1639.34,NEXT_DAY,-3.28,-32787.0,967213.0
GOLD,PSAB.JK,5,0.5,1,2026-02-06,5.03,2026-02-09,2026-02-10,505.0,515.0,1000000,1980.2,NEXT_DAY,1.98,19802.0,1019802.0
GOLD,PSAB.JK,5,0.5,1,2026-02-27,3.38,2026-03-02,2026-03-03,580.0,570.0,1000000,1724.14,NEXT_DAY,-1.72,-17241.0,982759.0
GOLD,PSAB.JK,5,0.5,1,2026-03-30,2.77,2026-03-31,2026-04-01,460.0,525.0,1000000,2173.91,NEXT_DAY,14.13,141304.0,1141304.0
GOLD,PSAB.JK,5,0.5,1,2026-04-20,1.35,2026-04-21,2026-04-22,575.0,575.0,1000000,1739.13,NEXT_DAY,0.0,0.0,1000000.0
GOLD,PSAB.JK,5,0.5,1,2026-05-11,4.41,2026-05-12,2026-05-13,520.0,500.0,1000000,1923.08,NEXT_DAY,-3.85,-38462.0,961538.0
GOLD,PSAB.JK,5,0.5,1,2026-06-16,1.66,2026-06-18,2026-06-19,448.0,440.0,1000000,2232.14,NEXT_DAY,-1.79,-17857.0,982143.0
GOLD,HRTA.JK,5,0.5,2,2026-01-09,4.08,2026-01-12,2026-01-14,2770.0,2600.0,1000000,361.01,NEXT_DAY,-6.14,-61372.0,938628.0
GOLD,HRTA.JK,5,0.5,2,2026-02-06,5.03,2026-02-09,2026-02-11,2250.0,2530.0,1000000,444.44,NEXT_DAY,12.44,124444.0,1124444.0
GOLD,HRTA.JK,5,0.5,2,2026-02-27,3.38,2026-03-02,2026-03-04,3250.0,3000.0,1000000,307.69,NEXT_DAY,-7.69,-76923.0,923077.0
GOLD,HRTA.JK,5,0.5,2,2026-03-30,2.77,2026-03-31,2026-04-02,2180.0,2340.0,1000000,458.72,NEXT_DAY,7.34,73394.0,1073394.0
GOLD,HRTA.JK,5,0.5,2,2026-04-20,1.35,2026-04-21,2026-04-23,2970.0,3010.0,1000000,336.7,NEXT_DAY,1.35,13468.0,1013468.0
GOLD,HRTA.JK,5,0.5,2,2026-05-11,4.41,2026-05-12,2026-05-14,2670.0,2660.0,1000000,374.53,NEXT_DAY,-0.37,-3745.0,996255.0
GOLD,HRTA.JK,5,0.5,2,2026-06-16,1.66,2026-06-18,2026-06-22,2170.0,2100.0,1000000,460.83,NEXT_DAY,-3.23,-32258.0,967742.0
GOLD,MDKA.JK,5,0.5,2,2026-01-09,4.08,2026-01-12,2026-01-14,2890.0,3060.0,1000000,346.02,NEXT_DAY,5.88,58824.0,1058824.0
GOLD,MDKA.JK,5,0.5,2,2026-02-06,5.03,2026-02-09,2026-02-11,3040.0,3160.0,1000000,328.95,NEXT_DAY,3.95,39474.0,1039474.0
GOLD,MDKA.JK,5,0.5,2,2026-02-27,3.38,2026-03-02,2026-03-04,3940.0,3430.0,1000000,253.81,NEXT_DAY,-12.94,-129442.0,870558.0
GOLD,MDKA.JK,5,0.5,2,2026-03-30,2.77,2026-03-31,2026-04-02,3140.0,3260.0,1000000,318.47,NEXT_DAY,3.82,38217.0,1038217.0
GOLD,MDKA.JK,5,0.5,2,2026-04-20,1.35,2026-04-21,2026-04-23,3370.0,3380.0,1000000,296.74,NEXT_DAY,0.3,2967.0,1002967.0
GOLD,MDKA.JK,5,0.5,2,2026-05-11,4.41,2026-05-12,2026-05-14,2870.0,2730.0,1000000,348.43,NEXT_DAY,-4.88,-48780.0,951220.0
GOLD,MDKA.JK,5,0.5,2,2026-06-16,1.66,2026-06-18,2026-06-22,2860.0,2940.0,1000000,349.65,NEXT_DAY,2.8,27972.0,1027972.0
GOLD,ANTM.JK,5,0.5,2,2026-01-09,4.08,2026-01-12,2026-01-14,3830.0,4090.0,1000000,261.1,NEXT_DAY,6.79,67885.0,1067885.0
GOLD,ANTM.JK,5,0.5,2,2026-02-06,5.03,2026-02-09,2026-02-11,3890.0,3990.0,1000000,257.07,NEXT_DAY,2.57,25707.0,1025707.0
GOLD,ANTM.JK,5,0.5,2,2026-02-27,3.38,2026-03-02,2026-03-04,4610.0,4050.0,1000000,216.92,NEXT_DAY,-12.15,-121475.0,878525.0
GOLD,ANTM.JK,5,0.5,2,2026-03-30,2.77,2026-03-31,2026-04-02,3500.0,3640.0,1000000,285.71,NEXT_DAY,4.0,40000.0,1040000.0
GOLD,ANTM.JK,5,0.5,2,2026-04-20,1.35,2026-04-21,2026-04-23,4030.0,4020.0,1000000,248.14,NEXT_DAY,-0.25,-2481.0,997519.0
GOLD,ANTM.JK,5,0.5,2,2026-05-11,4.41,2026-05-12,2026-05-14,3570.0,3500.0,1000000,280.11,NEXT_DAY,-1.96,-19608.0,980392.0
GOLD,ANTM.JK,5,0.5,2,2026-06-16,1.66,2026-06-18,2026-06-22,3170.0,2960.0,1000000,315.46,NEXT_DAY,-6.62,-66246.0,933754.0
GOLD,BRMS.JK,5,0.5,2,2026-01-09,4.08,2026-01-12,2026-01-14,1260.0,1250.0,1000000,793.65,NEXT_DAY,-0.79,-7937.0,992063.0
GOLD,BRMS.JK,5,0.5,2,2026-02-06,5.03,2026-02-09,2026-02-11,1010.0,1085.0,1000000,990.1,NEXT_DAY,7.43,74257.0,1074257.0
GOLD,BRMS.JK,5,0.5,2,2026-02-27,3.38,2026-03-02,2026-03-04,1010.0,850.0,1000000,990.1,NEXT_DAY,-15.84,-158416.0,841584.0
GOLD,BRMS.JK,5,0.5,2,2026-03-30,2.77,2026-03-31,2026-04-02,730.0,735.0,1000000,1369.86,NEXT_DAY,0.68,6849.0,1006849.0
GOLD,BRMS.JK,5,0.5,2,2026-04-20,1.35,2026-04-21,2026-04-23,900.0,865.0,1000000,1111.11,NEXT_DAY,-3.89,-38889.0,961111.0
GOLD,BRMS.JK,5,0.5,2,2026-05-11,4.41,2026-05-12,2026-05-14,760.0,770.0,1000000,1315.79,NEXT_DAY,1.32,13158.0,1013158.0
GOLD,BRMS.JK,5,0.5,2,2026-06-16,1.66,2026-06-18,2026-06-22,670.0,635.0,1000000,1492.54,NEXT_DAY,-5.22,-52239.0,947761.0
GOLD,PSAB.JK,5,0.5,2,2026-01-09,4.08,2026-01-12,2026-01-14,610.0,640.0,1000000,1639.34,NEXT_DAY,4.92,49180.0,1049180.0
GOLD,PSAB.JK,5,0.5,2,2026-02-06,5.03,2026-02-09,2026-02-11,505.0,540.0,1000000,1980.2,NEXT_DAY,6.93,69307.0,1069307.0
GOLD,PSAB.JK,5,0.5,2,2026-02-27,3.38,2026-03-02,2026-03-04,580.0,530.0,1000000,1724.14,NEXT_DAY,-8.62,-86207.0,913793.0
GOLD,PSAB.JK,5,0.5,2,2026-03-30,2.77,2026-03-31,2026-04-02,460.0,510.0,1000000,2173.91,NEXT_DAY,10.87,108696.0,1108696.0
GOLD,PSAB.JK,5,0.5,2,2026-04-20,1.35,2026-04-21,2026-04-23,575.0,550.0,1000000,1739.13,NEXT_DAY,-4.35,-43478.0,956522.0
GOLD,PSAB.JK,5,0.5,2,2026-05-11,4.41,2026-05-12,2026-05-14,520.0,500.0,1000000,1923.08,NEXT_DAY,-3.85,-38462.0,961538.0
GOLD,PSAB.JK,5,0.5,2,2026-06-16,1.66,2026-06-18,2026-06-22,448.0,426.0,1000000,2232.14,NEXT_DAY,-4.91,-49107.0,950893.0
GOLD,HRTA.JK,5,0.5,3,2026-01-09,4.08,2026-01-12,2026-01-15,2770.0,2520.0,1000000,361.01,NEXT_DAY,-9.03,-90253.0,909747.0
GOLD,HRTA.JK,5,0.5,3,2026-02-06,5.03,2026-02-09,2026-02-12,2250.0,2650.0,1000000,444.44,NEXT_DAY,17.78,177778.0,1177778.0
GOLD,HRTA.JK,5,0.5,3,2026-02-27,3.38,2026-03-02,2026-03-05,3250.0,2950.0,1000000,307.69,NEXT_DAY,-9.23,-92308.0,907692.0
GOLD,HRTA.JK,5,0.5,3,2026-03-30,2.77,2026-03-31,2026-04-06,2180.0,2430.0,1000000,458.72,NEXT_DAY,11.47,114679.0,1114679.0
GOLD,HRTA.JK,5,0.5,3,2026-04-20,1.35,2026-04-21,2026-04-24,2970.0,2930.0,1000000,336.7,NEXT_DAY,-1.35,-13468.0,986532.0
GOLD,HRTA.JK,5,0.5,3,2026-05-11,4.41,2026-05-12,2026-05-15,2670.0,2660.0,1000000,374.53,NEXT_DAY,-0.37,-3745.0,996255.0
GOLD,HRTA.JK,5,0.5,3,2026-06-16,1.66,2026-06-18,2026-06-23,2170.0,2050.0,1000000,460.83,NEXT_DAY,-5.53,-55300.0,944700.0
GOLD,MDKA.JK,5,0.5,3,2026-01-09,4.08,2026-01-12,2026-01-15,2890.0,2990.0,1000000,346.02,NEXT_DAY,3.46,34602.0,1034602.0
GOLD,MDKA.JK,5,0.5,3,2026-02-06,5.03,2026-02-09,2026-02-12,3040.0,3190.0,1000000,328.95,NEXT_DAY,4.93,49342.0,1049342.0
GOLD,MDKA.JK,5,0.5,3,2026-02-27,3.38,2026-03-02,2026-03-05,3940.0,3620.0,1000000,253.81,NEXT_DAY,-8.12,-81218.0,918782.0
GOLD,MDKA.JK,5,0.5,3,2026-03-30,2.77,2026-03-31,2026-04-06,3140.0,3250.0,1000000,318.47,NEXT_DAY,3.5,35032.0,1035032.0
GOLD,MDKA.JK,5,0.5,3,2026-04-20,1.35,2026-04-21,2026-04-24,3370.0,3380.0,1000000,296.74,NEXT_DAY,0.3,2967.0,1002967.0
GOLD,MDKA.JK,5,0.5,3,2026-05-11,4.41,2026-05-12,2026-05-15,2870.0,2730.0,1000000,348.43,NEXT_DAY,-4.88,-48780.0,951220.0
GOLD,MDKA.JK,5,0.5,3,2026-06-16,1.66,2026-06-18,2026-06-23,2860.0,2840.0,1000000,349.65,NEXT_DAY,-0.7,-6993.0,993007.0
GOLD,ANTM.JK,5,0.5,3,2026-01-09,4.08,2026-01-12,2026-01-15,3830.0,4050.0,1000000,261.1,NEXT_DAY,5.74,57441.0,1057441.0
GOLD,ANTM.JK,5,0.5,3,2026-02-06,5.03,2026-02-09,2026-02-12,3890.0,4120.0,1000000,257.07,NEXT_DAY,5.91,59126.0,1059126.0
GOLD,ANTM.JK,5,0.5,3,2026-02-27,3.38,2026-03-02,2026-03-05,4610.0,4130.0,1000000,216.92,NEXT_DAY,-10.41,-104121.0,895879.0
GOLD,ANTM.JK,5,0.5,3,2026-03-30,2.77,2026-03-31,2026-04-06,3500.0,3650.0,1000000,285.71,NEXT_DAY,4.29,42857.0,1042857.0
GOLD,ANTM.JK,5,0.5,3,2026-04-20,1.35,2026-04-21,2026-04-24,4030.0,4050.0,1000000,248.14,NEXT_DAY,0.5,4963.0,1004963.0
GOLD,ANTM.JK,5,0.5,3,2026-05-11,4.41,2026-05-12,2026-05-15,3570.0,3500.0,1000000,280.11,NEXT_DAY,-1.96,-19608.0,980392.0
GOLD,ANTM.JK,5,0.5,3,2026-06-16,1.66,2026-06-18,2026-06-23,3170.0,2870.0,1000000,315.46,NEXT_DAY,-9.46,-94637.0,905363.0
GOLD,BRMS.JK,5,0.5,3,2026-01-09,4.08,2026-01-12,2026-01-15,1260.0,1225.0,1000000,793.65,NEXT_DAY,-2.78,-27778.0,972222.0
GOLD,BRMS.JK,5,0.5,3,2026-02-06,5.03,2026-02-09,2026-02-12,1010.0,1070.0,1000000,990.1,NEXT_DAY,5.94,59406.0,1059406.0
GOLD,BRMS.JK,5,0.5,3,2026-02-27,3.38,2026-03-02,2026-03-05,1010.0,855.0,1000000,990.1,NEXT_DAY,-15.35,-153465.0,846535.0
GOLD,BRMS.JK,5,0.5,3,2026-03-30,2.77,2026-03-31,2026-04-06,730.0,760.0,1000000,1369.86,NEXT_DAY,4.11,41096.0,1041096.0
GOLD,BRMS.JK,5,0.5,3,2026-04-20,1.35,2026-04-21,2026-04-24,900.0,810.0,1000000,1111.11,NEXT_DAY,-10.0,-100000.0,900000.0
GOLD,BRMS.JK,5,0.5,3,2026-05-11,4.41,2026-05-12,2026-05-15,760.0,770.0,1000000,1315.79,NEXT_DAY,1.32,13158.0,1013158.0
GOLD,BRMS.JK,5,0.5,3,2026-06-16,1.66,2026-06-18,2026-06-23,670.0,640.0,1000000,1492.54,NEXT_DAY,-4.48,-44776.0,955224.0
GOLD,PSAB.JK,5,0.5,3,2026-01-09,4.08,2026-01-12,2026-01-15,610.0,625.0,1000000,1639.34,NEXT_DAY,2.46,24590.0,1024590.0
GOLD,PSAB.JK,5,0.5,3,2026-02-06,5.03,2026-02-09,2026-02-12,505.0,555.0,1000000,1980.2,NEXT_DAY,9.9,99010.0,1099010.0
GOLD,PSAB.JK,5,0.5,3,2026-02-27,3.38,2026-03-02,2026-03-05,580.0,525.0,1000000,1724.14,NEXT_DAY,-9.48,-94828.0,905172.0
GOLD,PSAB.JK,5,0.5,3,2026-03-30,2.77,2026-03-31,2026-04-06,460.0,525.0,1000000,2173.91,NEXT_DAY,14.13,141304.0,1141304.0
GOLD,PSAB.JK,5,0.5,3,2026-04-20,1.35,2026-04-21,2026-04-24,575.0,550.0,1000000,1739.13,NEXT_DAY,-4.35,-43478.0,956522.0
GOLD,PSAB.JK,5,0.5,3,2026-05-11,4.41,2026-05-12,2026-05-15,520.0,500.0,1000000,1923.08,NEXT_DAY,-3.85,-38462.0,961538.0
GOLD,PSAB.JK,5,0.5,3,2026-06-16,1.66,2026-06-18,2026-06-23,448.0,422.0,1000000,2232.14,NEXT_DAY,-5.8,-58036.0,941964.0
GOLD,HRTA.JK,5,0.5,5,2026-01-09,4.08,2026-01-12,2026-01-20,2770.0,2620.0,1000000,361.01,NEXT_DAY,-5.42,-54152.0,945848.0
GOLD,HRTA.JK,5,0.5,5,2026-02-06,5.03,2026-02-09,2026-02-18,2250.0,2600.0,1000000,444.44,NEXT_DAY,15.56,155556.0,1155556.0
GOLD,HRTA.JK,5,0.5,5,2026-02-27,3.38,2026-03-02,2026-03-09,3250.0,2600.0,1000000,307.69,NEXT_DAY,-20.0,-200000.0,800000.0
GOLD,HRTA.JK,5,0.5,5,2026-03-30,2.77,2026-03-31,2026-04-08,2180.0,2570.0,1000000,458.72,NEXT_DAY,17.89,178899.0,1178899.0
GOLD,HRTA.JK,5,0.5,5,2026-04-20,1.35,2026-04-21,2026-04-28,2970.0,2830.0,1000000,336.7,NEXT_DAY,-4.71,-47138.0,952862.0
GOLD,HRTA.JK,5,0.5,5,2026-05-11,4.41,2026-05-12,2026-05-19,2670.0,2180.0,1000000,374.53,NEXT_DAY,-18.35,-183521.0,816479.0
GOLD,HRTA.JK,5,0.5,5,2026-06-16,1.66,2026-06-18,2026-06-25,2170.0,1910.0,1000000,460.83,NEXT_DAY,-11.98,-119816.0,880184.0
GOLD,MDKA.JK,5,0.5,5,2026-01-09,4.08,2026-01-12,2026-01-20,2890.0,3210.0,1000000,346.02,NEXT_DAY,11.07,110727.0,1110727.0
GOLD,MDKA.JK,5,0.5,5,2026-02-06,5.03,2026-02-09,2026-02-18,3040.0,3290.0,1000000,328.95,NEXT_DAY,8.22,82237.0,1082237.0
GOLD,MDKA.JK,5,0.5,5,2026-02-27,3.38,2026-03-02,2026-03-09,3940.0,3330.0,1000000,253.81,NEXT_DAY,-15.48,-154822.0,845178.0
GOLD,MDKA.JK,5,0.5,5,2026-03-30,2.77,2026-03-31,2026-04-08,3140.0,3300.0,1000000,318.47,NEXT_DAY,5.1,50955.0,1050955.0
GOLD,MDKA.JK,5,0.5,5,2026-04-20,1.35,2026-04-21,2026-04-28,3370.0,3420.0,1000000,296.74,NEXT_DAY,1.48,14837.0,1014837.0
GOLD,MDKA.JK,5,0.5,5,2026-05-11,4.41,2026-05-12,2026-05-19,2870.0,2500.0,1000000,348.43,NEXT_DAY,-12.89,-128920.0,871080.0
GOLD,MDKA.JK,5,0.5,5,2026-06-16,1.66,2026-06-18,2026-06-25,2860.0,2900.0,1000000,349.65,NEXT_DAY,1.4,13986.0,1013986.0
GOLD,ANTM.JK,5,0.5,5,2026-01-09,4.08,2026-01-12,2026-01-20,3830.0,4120.0,1000000,261.1,NEXT_DAY,7.57,75718.0,1075718.0
GOLD,ANTM.JK,5,0.5,5,2026-02-06,5.03,2026-02-09,2026-02-18,3890.0,4050.0,1000000,257.07,NEXT_DAY,4.11,41131.0,1041131.0
GOLD,ANTM.JK,5,0.5,5,2026-02-27,3.38,2026-03-02,2026-03-09,4610.0,3820.0,1000000,216.92,NEXT_DAY,-17.14,-171367.0,828633.0
GOLD,ANTM.JK,5,0.5,5,2026-03-30,2.77,2026-03-31,2026-04-08,3500.0,3740.0,1000000,285.71,NEXT_DAY,6.86,68571.0,1068571.0
GOLD,ANTM.JK,5,0.5,5,2026-04-20,1.35,2026-04-21,2026-04-28,4030.0,4040.0,1000000,248.14,NEXT_DAY,0.25,2481.0,1002481.0
GOLD,ANTM.JK,5,0.5,5,2026-05-11,4.41,2026-05-12,2026-05-19,3570.0,3060.0,1000000,280.11,NEXT_DAY,-14.29,-142857.0,857143.0
GOLD,ANTM.JK,5,0.5,5,2026-06-16,1.66,2026-06-18,2026-06-25,3170.0,2740.0,1000000,315.46,NEXT_DAY,-13.56,-135647.0,864353.0
GOLD,BRMS.JK,5,0.5,5,2026-01-09,4.08,2026-01-12,2026-01-20,1260.0,1310.0,1000000,793.65,NEXT_DAY,3.97,39683.0,1039683.0
GOLD,BRMS.JK,5,0.5,5,2026-02-06,5.03,2026-02-09,2026-02-18,1010.0,1040.0,1000000,990.1,NEXT_DAY,2.97,29703.0,1029703.0
GOLD,BRMS.JK,5,0.5,5,2026-02-27,3.38,2026-03-02,2026-03-09,1010.0,755.0,1000000,990.1,NEXT_DAY,-25.25,-252475.0,747525.0
GOLD,BRMS.JK,5,0.5,5,2026-03-30,2.77,2026-03-31,2026-04-08,730.0,865.0,1000000,1369.86,NEXT_DAY,18.49,184932.0,1184932.0
GOLD,BRMS.JK,5,0.5,5,2026-04-20,1.35,2026-04-21,2026-04-28,900.0,815.0,1000000,1111.11,NEXT_DAY,-9.44,-94444.0,905556.0
GOLD,BRMS.JK,5,0.5,5,2026-05-11,4.41,2026-05-12,2026-05-19,760.0,670.0,1000000,1315.79,NEXT_DAY,-11.84,-118421.0,881579.0
GOLD,BRMS.JK,5,0.5,5,2026-06-16,1.66,2026-06-18,2026-06-25,670.0,545.0,1000000,1492.54,NEXT_DAY,-18.66,-186567.0,813433.0
GOLD,PSAB.JK,5,0.5,5,2026-01-09,4.08,2026-01-12,2026-01-20,610.0,655.0,1000000,1639.34,NEXT_DAY,7.38,73770.0,1073770.0
GOLD,PSAB.JK,5,0.5,5,2026-02-06,5.03,2026-02-09,2026-02-18,505.0,535.0,1000000,1980.2,NEXT_DAY,5.94,59406.0,1059406.0
GOLD,PSAB.JK,5,0.5,5,2026-02-27,3.38,2026-03-02,2026-03-09,580.0,476.0,1000000,1724.14,NEXT_DAY,-17.93,-179310.0,820690.0
GOLD,PSAB.JK,5,0.5,5,2026-03-30,2.77,2026-03-31,2026-04-08,460.0,535.0,1000000,2173.91,NEXT_DAY,16.3,163043.0,1163043.0
GOLD,PSAB.JK,5,0.5,5,2026-04-20,1.35,2026-04-21,2026-04-28,575.0,550.0,1000000,1739.13,NEXT_DAY,-4.35,-43478.0,956522.0
GOLD,PSAB.JK,5,0.5,5,2026-05-11,4.41,2026-05-12,2026-05-19,520.0,412.0,1000000,1923.08,NEXT_DAY,-20.77,-207692.0,792308.0
GOLD,PSAB.JK,5,0.5,5,2026-06-16,1.66,2026-06-18,2026-06-25,448.0,422.0,1000000,2232.14,NEXT_DAY,-5.8,-58036.0,941964.0
GOLD,HRTA.JK,5,0.5,10,2026-01-09,4.08,2026-01-12,2026-01-27,2770.0,2410.0,1000000,361.01,NEXT_DAY,-13.0,-129964.0,870036.0
GOLD,HRTA.JK,5,0.5,10,2026-02-06,5.03,2026-02-09,2026-02-25,2250.0,2980.0,1000000,444.44,NEXT_DAY,32.44,324444.0,1324444.0
GOLD,HRTA.JK,5,0.5,10,2026-02-27,3.38,2026-03-02,2026-03-16,3250.0,2600.0,1000000,307.69,NEXT_DAY,-20.0,-200000.0,800000.0
GOLD,HRTA.JK,5,0.5,10,2026-03-30,2.77,2026-03-31,2026-04-15,2180.0,2580.0,1000000,458.72,NEXT_DAY,18.35,183486.0,1183486.0
GOLD,HRTA.JK,5,0.5,10,2026-04-20,1.35,2026-04-21,2026-05-06,2970.0,2810.0,1000000,336.7,NEXT_DAY,-5.39,-53872.0,946128.0
GOLD,HRTA.JK,5,0.5,10,2026-05-11,4.41,2026-05-12,2026-05-26,2670.0,2370.0,1000000,374.53,NEXT_DAY,-11.24,-112360.0,887640.0
GOLD,HRTA.JK,5,0.5,10,2026-06-16,1.66,2026-06-18,2026-07-02,2170.0,1740.0,1000000,460.83,NEXT_DAY,-19.82,-198157.0,801843.0
GOLD,MDKA.JK,5,0.5,10,2026-01-09,4.08,2026-01-12,2026-01-27,2890.0,3210.0,1000000,346.02,NEXT_DAY,11.07,110727.0,1110727.0
GOLD,MDKA.JK,5,0.5,10,2026-02-06,5.03,2026-02-09,2026-02-25,3040.0,3820.0,1000000,328.95,NEXT_DAY,25.66,256579.0,1256579.0
GOLD,MDKA.JK,5,0.5,10,2026-02-27,3.38,2026-03-02,2026-03-16,3940.0,3060.0,1000000,253.81,NEXT_DAY,-22.34,-223350.0,776650.0
GOLD,MDKA.JK,5,0.5,10,2026-03-30,2.77,2026-03-31,2026-04-15,3140.0,3350.0,1000000,318.47,NEXT_DAY,6.69,66879.0,1066879.0
GOLD,MDKA.JK,5,0.5,10,2026-04-20,1.35,2026-04-21,2026-05-06,3370.0,3110.0,1000000,296.74,NEXT_DAY,-7.72,-77151.0,922849.0
GOLD,MDKA.JK,5,0.5,10,2026-05-11,4.41,2026-05-12,2026-05-26,2870.0,2720.0,1000000,348.43,NEXT_DAY,-5.23,-52265.0,947735.0
GOLD,MDKA.JK,5,0.5,10,2026-06-16,1.66,2026-06-18,2026-07-02,2860.0,2540.0,1000000,349.65,NEXT_DAY,-11.19,-111888.0,888112.0
GOLD,ANTM.JK,5,0.5,10,2026-01-09,4.08,2026-01-12,2026-01-27,3830.0,4610.0,1000000,261.1,NEXT_DAY,20.37,203655.0,1203655.0
GOLD,ANTM.JK,5,0.5,10,2026-02-06,5.03,2026-02-09,2026-02-25,3890.0,4460.0,1000000,257.07,NEXT_DAY,14.65,146530.0,1146530.0
GOLD,ANTM.JK,5,0.5,10,2026-02-27,3.38,2026-03-02,2026-03-16,4610.0,3640.0,1000000,216.92,NEXT_DAY,-21.04,-210412.0,789588.0
GOLD,ANTM.JK,5,0.5,10,2026-03-30,2.77,2026-03-31,2026-04-15,3500.0,3940.0,1000000,285.71,NEXT_DAY,12.57,125714.0,1125714.0
GOLD,ANTM.JK,5,0.5,10,2026-04-20,1.35,2026-04-21,2026-05-06,4030.0,3800.0,1000000,248.14,NEXT_DAY,-5.71,-57072.0,942928.0
GOLD,ANTM.JK,5,0.5,10,2026-05-11,4.41,2026-05-12,2026-05-26,3570.0,2960.0,1000000,280.11,NEXT_DAY,-17.09,-170868.0,829132.0
GOLD,ANTM.JK,5,0.5,10,2026-06-16,1.66,2026-06-18,2026-07-02,3170.0,2760.0,1000000,315.46,NEXT_DAY,-12.93,-129338.0,870662.0
GOLD,BRMS.JK,5,0.5,10,2026-01-09,4.08,2026-01-12,2026-01-27,1260.0,1295.0,1000000,793.65,NEXT_DAY,2.78,27778.0,1027778.0
GOLD,BRMS.JK,5,0.5,10,2026-02-06,5.03,2026-02-09,2026-02-25,1010.0,980.0,1000000,990.1,NEXT_DAY,-2.97,-29703.0,970297.0
GOLD,BRMS.JK,5,0.5,10,2026-02-27,3.38,2026-03-02,2026-03-16,1010.0,675.0,1000000,990.1,NEXT_DAY,-33.17,-331683.0,668317.0
GOLD,BRMS.JK,5,0.5,10,2026-03-30,2.77,2026-03-31,2026-04-15,730.0,855.0,1000000,1369.86,NEXT_DAY,17.12,171233.0,1171233.0
GOLD,BRMS.JK,5,0.5,10,2026-04-20,1.35,2026-04-21,2026-05-06,900.0,820.0,1000000,1111.11,NEXT_DAY,-8.89,-88889.0,911111.0
GOLD,BRMS.JK,5,0.5,10,2026-05-11,4.41,2026-05-12,2026-05-26,760.0,605.0,1000000,1315.79,NEXT_DAY,-20.39,-203947.0,796053.0
GOLD,BRMS.JK,5,0.5,10,2026-06-16,1.66,2026-06-18,2026-07-02,670.0,484.0,1000000,1492.54,NEXT_DAY,-27.76,-277612.0,722388.0
GOLD,PSAB.JK,5,0.5,10,2026-01-09,4.08,2026-01-12,2026-01-27,610.0,625.0,1000000,1639.34,NEXT_DAY,2.46,24590.0,1024590.0
GOLD,PSAB.JK,5,0.5,10,2026-02-06,5.03,2026-02-09,2026-02-25,505.0,570.0,1000000,1980.2,NEXT_DAY,12.87,128713.0,1128713.0
GOLD,PSAB.JK,5,0.5,10,2026-02-27,3.38,2026-03-02,2026-03-16,580.0,555.0,1000000,1724.14,NEXT_DAY,-4.31,-43103.0,956897.0
GOLD,PSAB.JK,5,0.5,10,2026-03-30,2.77,2026-03-31,2026-04-15,460.0,525.0,1000000,2173.91,NEXT_DAY,14.13,141304.0,1141304.0
GOLD,PSAB.JK,5,0.5,10,2026-04-20,1.35,2026-04-21,2026-05-06,575.0,570.0,1000000,1739.13,NEXT_DAY,-0.87,-8696.0,991304.0
GOLD,PSAB.JK,5,0.5,10,2026-05-11,4.41,2026-05-12,2026-05-26,520.0,468.0,1000000,1923.08,NEXT_DAY,-10.0,-100000.0,900000.0
GOLD,PSAB.JK,5,0.5,10,2026-06-16,1.66,2026-06-18,2026-07-02,448.0,392.0,1000000,2232.14,NEXT_DAY,-12.5,-125000.0,875000.0
GOLD,HRTA.JK,5,1.0,1,2026-01-09,4.08,2026-01-12,2026-01-13,2770.0,2580.0,1000000,361.01,NEXT_DAY,-6.86,-68592.0,931408.0
GOLD,HRTA.JK,5,1.0,1,2026-02-06,5.03,2026-02-09,2026-02-10,2250.0,2500.0,1000000,444.44,NEXT_DAY,11.11,111111.0,1111111.0
GOLD,HRTA.JK,5,1.0,1,2026-02-27,3.38,2026-03-02,2026-03-03,3250.0,3090.0,1000000,307.69,NEXT_DAY,-4.92,-49231.0,950769.0
GOLD,HRTA.JK,5,1.0,1,2026-03-30,2.77,2026-03-31,2026-04-01,2180.0,2540.0,1000000,458.72,NEXT_DAY,16.51,165138.0,1165138.0
GOLD,HRTA.JK,5,1.0,1,2026-04-20,1.35,2026-04-21,2026-04-22,2970.0,3040.0,1000000,336.7,NEXT_DAY,2.36,23569.0,1023569.0
GOLD,HRTA.JK,5,1.0,1,2026-05-11,4.41,2026-05-12,2026-05-13,2670.0,2660.0,1000000,374.53,NEXT_DAY,-0.37,-3745.0,996255.0
GOLD,HRTA.JK,5,1.0,1,2026-06-16,1.66,2026-06-18,2026-06-19,2170.0,2120.0,1000000,460.83,NEXT_DAY,-2.3,-23041.0,976959.0
GOLD,MDKA.JK,5,1.0,1,2026-01-09,4.08,2026-01-12,2026-01-13,2890.0,3120.0,1000000,346.02,NEXT_DAY,7.96,79585.0,1079585.0
GOLD,MDKA.JK,5,1.0,1,2026-02-06,5.03,2026-02-09,2026-02-10,3040.0,3090.0,1000000,328.95,NEXT_DAY,1.64,16447.0,1016447.0
GOLD,MDKA.JK,5,1.0,1,2026-02-27,3.38,2026-03-02,2026-03-03,3940.0,3660.0,1000000,253.81,NEXT_DAY,-7.11,-71066.0,928934.0
GOLD,MDKA.JK,5,1.0,1,2026-03-30,2.77,2026-03-31,2026-04-01,3140.0,3340.0,1000000,318.47,NEXT_DAY,6.37,63694.0,1063694.0
GOLD,MDKA.JK,5,1.0,1,2026-04-20,1.35,2026-04-21,2026-04-22,3370.0,3400.0,1000000,296.74,NEXT_DAY,0.89,8902.0,1008902.0
GOLD,MDKA.JK,5,1.0,1,2026-05-11,4.41,2026-05-12,2026-05-13,2870.0,2730.0,1000000,348.43,NEXT_DAY,-4.88,-48780.0,951220.0
GOLD,MDKA.JK,5,1.0,1,2026-06-16,1.66,2026-06-18,2026-06-19,2860.0,2930.0,1000000,349.65,NEXT_DAY,2.45,24476.0,1024476.0
GOLD,ANTM.JK,5,1.0,1,2026-01-09,4.08,2026-01-12,2026-01-13,3830.0,3880.0,1000000,261.1,NEXT_DAY,1.31,13055.0,1013055.0
GOLD,ANTM.JK,5,1.0,1,2026-02-06,5.03,2026-02-09,2026-02-10,3890.0,3890.0,1000000,257.07,NEXT_DAY,0.0,0.0,1000000.0
GOLD,ANTM.JK,5,1.0,1,2026-02-27,3.38,2026-03-02,2026-03-03,4610.0,4410.0,1000000,216.92,NEXT_DAY,-4.34,-43384.0,956616.0
GOLD,ANTM.JK,5,1.0,1,2026-03-30,2.77,2026-03-31,2026-04-01,3500.0,3710.0,1000000,285.71,NEXT_DAY,6.0,60000.0,1060000.0
GOLD,ANTM.JK,5,1.0,1,2026-04-20,1.35,2026-04-21,2026-04-22,4030.0,4100.0,1000000,248.14,NEXT_DAY,1.74,17370.0,1017370.0
GOLD,ANTM.JK,5,1.0,1,2026-05-11,4.41,2026-05-12,2026-05-13,3570.0,3500.0,1000000,280.11,NEXT_DAY,-1.96,-19608.0,980392.0
GOLD,ANTM.JK,5,1.0,1,2026-06-16,1.66,2026-06-18,2026-06-19,3170.0,3080.0,1000000,315.46,NEXT_DAY,-2.84,-28391.0,971609.0
GOLD,BRMS.JK,5,1.0,1,2026-01-09,4.08,2026-01-12,2026-01-13,1260.0,1195.0,1000000,793.65,NEXT_DAY,-5.16,-51587.0,948413.0
GOLD,BRMS.JK,5,1.0,1,2026-02-06,5.03,2026-02-09,2026-02-10,1010.0,1045.0,1000000,990.1,NEXT_DAY,3.47,34653.0,1034653.0
GOLD,BRMS.JK,5,1.0,1,2026-02-27,3.38,2026-03-02,2026-03-03,1010.0,980.0,1000000,990.1,NEXT_DAY,-2.97,-29703.0,970297.0
GOLD,BRMS.JK,5,1.0,1,2026-03-30,2.77,2026-03-31,2026-04-01,730.0,780.0,1000000,1369.86,NEXT_DAY,6.85,68493.0,1068493.0
GOLD,BRMS.JK,5,1.0,1,2026-04-20,1.35,2026-04-21,2026-04-22,900.0,905.0,1000000,1111.11,NEXT_DAY,0.56,5556.0,1005556.0
GOLD,BRMS.JK,5,1.0,1,2026-05-11,4.41,2026-05-12,2026-05-13,760.0,770.0,1000000,1315.79,NEXT_DAY,1.32,13158.0,1013158.0
GOLD,BRMS.JK,5,1.0,1,2026-06-16,1.66,2026-06-18,2026-06-19,670.0,660.0,1000000,1492.54,NEXT_DAY,-1.49,-14925.0,985075.0
GOLD,PSAB.JK,5,1.0,1,2026-01-09,4.08,2026-01-12,2026-01-13,610.0,590.0,1000000,1639.34,NEXT_DAY,-3.28,-32787.0,967213.0
GOLD,PSAB.JK,5,1.0,1,2026-02-06,5.03,2026-02-09,2026-02-10,505.0,515.0,1000000,1980.2,NEXT_DAY,1.98,19802.0,1019802.0
GOLD,PSAB.JK,5,1.0,1,2026-02-27,3.38,2026-03-02,2026-03-03,580.0,570.0,1000000,1724.14,NEXT_DAY,-1.72,-17241.0,982759.0
GOLD,PSAB.JK,5,1.0,1,2026-03-30,2.77,2026-03-31,2026-04-01,460.0,525.0,1000000,2173.91,NEXT_DAY,14.13,141304.0,1141304.0
GOLD,PSAB.JK,5,1.0,1,2026-04-20,1.35,2026-04-21,2026-04-22,575.0,575.0,1000000,1739.13,NEXT_DAY,0.0,0.0,1000000.0
GOLD,PSAB.JK,5,1.0,1,2026-05-11,4.41,2026-05-12,2026-05-13,520.0,500.0,1000000,1923.08,NEXT_DAY,-3.85,-38462.0,961538.0
GOLD,PSAB.JK,5,1.0,1,2026-06-16,1.66,2026-06-18,2026-06-19,448.0,440.0,1000000,2232.14,NEXT_DAY,-1.79,-17857.0,982143.0
GOLD,HRTA.JK,5,1.0,2,2026-01-09,4.08,2026-01-12,2026-01-14,2770.0,2600.0,1000000,361.01,NEXT_DAY,-6.14,-61372.0,938628.0
GOLD,HRTA.JK,5,1.0,2,2026-02-06,5.03,2026-02-09,2026-02-11,2250.0,2530.0,1000000,444.44,NEXT_DAY,12.44,124444.0,1124444.0
GOLD,HRTA.JK,5,1.0,2,2026-02-27,3.38,2026-03-02,2026-03-04,3250.0,3000.0,1000000,307.69,NEXT_DAY,-7.69,-76923.0,923077.0
GOLD,HRTA.JK,5,1.0,2,2026-03-30,2.77,2026-03-31,2026-04-02,2180.0,2340.0,1000000,458.72,NEXT_DAY,7.34,73394.0,1073394.0
GOLD,HRTA.JK,5,1.0,2,2026-04-20,1.35,2026-04-21,2026-04-23,2970.0,3010.0,1000000,336.7,NEXT_DAY,1.35,13468.0,1013468.0
GOLD,HRTA.JK,5,1.0,2,2026-05-11,4.41,2026-05-12,2026-05-14,2670.0,2660.0,1000000,374.53,NEXT_DAY,-0.37,-3745.0,996255.0
GOLD,HRTA.JK,5,1.0,2,2026-06-16,1.66,2026-06-18,2026-06-22,2170.0,2100.0,1000000,460.83,NEXT_DAY,-3.23,-32258.0,967742.0
GOLD,MDKA.JK,5,1.0,2,2026-01-09,4.08,2026-01-12,2026-01-14,2890.0,3060.0,1000000,346.02,NEXT_DAY,5.88,58824.0,1058824.0
GOLD,MDKA.JK,5,1.0,2,2026-02-06,5.03,2026-02-09,2026-02-11,3040.0,3160.0,1000000,328.95,NEXT_DAY,3.95,39474.0,1039474.0
GOLD,MDKA.JK,5,1.0,2,2026-02-27,3.38,2026-03-02,2026-03-04,3940.0,3430.0,1000000,253.81,NEXT_DAY,-12.94,-129442.0,870558.0
GOLD,MDKA.JK,5,1.0,2,2026-03-30,2.77,2026-03-31,2026-04-02,3140.0,3260.0,1000000,318.47,NEXT_DAY,3.82,38217.0,1038217.0
GOLD,MDKA.JK,5,1.0,2,2026-04-20,1.35,2026-04-21,2026-04-23,3370.0,3380.0,1000000,296.74,NEXT_DAY,0.3,2967.0,1002967.0
GOLD,MDKA.JK,5,1.0,2,2026-05-11,4.41,2026-05-12,2026-05-14,2870.0,2730.0,1000000,348.43,NEXT_DAY,-4.88,-48780.0,951220.0
GOLD,MDKA.JK,5,1.0,2,2026-06-16,1.66,2026-06-18,2026-06-22,2860.0,2940.0,1000000,349.65,NEXT_DAY,2.8,27972.0,1027972.0
GOLD,ANTM.JK,5,1.0,2,2026-01-09,4.08,2026-01-12,2026-01-14,3830.0,4090.0,1000000,261.1,NEXT_DAY,6.79,67885.0,1067885.0
GOLD,ANTM.JK,5,1.0,2,2026-02-06,5.03,2026-02-09,2026-02-11,3890.0,3990.0,1000000,257.07,NEXT_DAY,2.57,25707.0,1025707.0
GOLD,ANTM.JK,5,1.0,2,2026-02-27,3.38,2026-03-02,2026-03-04,4610.0,4050.0,1000000,216.92,NEXT_DAY,-12.15,-121475.0,878525.0
GOLD,ANTM.JK,5,1.0,2,2026-03-30,2.77,2026-03-31,2026-04-02,3500.0,3640.0,1000000,285.71,NEXT_DAY,4.0,40000.0,1040000.0
GOLD,ANTM.JK,5,1.0,2,2026-04-20,1.35,2026-04-21,2026-04-23,4030.0,4020.0,1000000,248.14,NEXT_DAY,-0.25,-2481.0,997519.0
GOLD,ANTM.JK,5,1.0,2,2026-05-11,4.41,2026-05-12,2026-05-14,3570.0,3500.0,1000000,280.11,NEXT_DAY,-1.96,-19608.0,980392.0
GOLD,ANTM.JK,5,1.0,2,2026-06-16,1.66,2026-06-18,2026-06-22,3170.0,2960.0,1000000,315.46,NEXT_DAY,-6.62,-66246.0,933754.0
GOLD,BRMS.JK,5,1.0,2,2026-01-09,4.08,2026-01-12,2026-01-14,1260.0,1250.0,1000000,793.65,NEXT_DAY,-0.79,-7937.0,992063.0
GOLD,BRMS.JK,5,1.0,2,2026-02-06,5.03,2026-02-09,2026-02-11,1010.0,1085.0,1000000,990.1,NEXT_DAY,7.43,74257.0,1074257.0
GOLD,BRMS.JK,5,1.0,2,2026-02-27,3.38,2026-03-02,2026-03-04,1010.0,850.0,1000000,990.1,NEXT_DAY,-15.84,-158416.0,841584.0
GOLD,BRMS.JK,5,1.0,2,2026-03-30,2.77,2026-03-31,2026-04-02,730.0,735.0,1000000,1369.86,NEXT_DAY,0.68,6849.0,1006849.0
GOLD,BRMS.JK,5,1.0,2,2026-04-20,1.35,2026-04-21,2026-04-23,900.0,865.0,1000000,1111.11,NEXT_DAY,-3.89,-38889.0,961111.0
GOLD,BRMS.JK,5,1.0,2,2026-05-11,4.41,2026-05-12,2026-05-14,760.0,770.0,1000000,1315.79,NEXT_DAY,1.32,13158.0,1013158.0
GOLD,BRMS.JK,5,1.0,2,2026-06-16,1.66,2026-06-18,2026-06-22,670.0,635.0,1000000,1492.54,NEXT_DAY,-5.22,-52239.0,947761.0
GOLD,PSAB.JK,5,1.0,2,2026-01-09,4.08,2026-01-12,2026-01-14,610.0,640.0,1000000,1639.34,NEXT_DAY,4.92,49180.0,1049180.0
GOLD,PSAB.JK,5,1.0,2,2026-02-06,5.03,2026-02-09,2026-02-11,505.0,540.0,1000000,1980.2,NEXT_DAY,6.93,69307.0,1069307.0
GOLD,PSAB.JK,5,1.0,2,2026-02-27,3.38,2026-03-02,2026-03-04,580.0,530.0,1000000,1724.14,NEXT_DAY,-8.62,-86207.0,913793.0
GOLD,PSAB.JK,5,1.0,2,2026-03-30,2.77,2026-03-31,2026-04-02,460.0,510.0,1000000,2173.91,NEXT_DAY,10.87,108696.0,1108696.0
GOLD,PSAB.JK,5,1.0,2,2026-04-20,1.35,2026-04-21,2026-04-23,575.0,550.0,1000000,1739.13,NEXT_DAY,-4.35,-43478.0,956522.0
GOLD,PSAB.JK,5,1.0,2,2026-05-11,4.41,2026-05-12,2026-05-14,520.0,500.0,1000000,1923.08,NEXT_DAY,-3.85,-38462.0,961538.0
GOLD,PSAB.JK,5,1.0,2,2026-06-16,1.66,2026-06-18,2026-06-22,448.0,426.0,1000000,2232.14,NEXT_DAY,-4.91,-49107.0,950893.0
GOLD,HRTA.JK,5,1.0,3,2026-01-09,4.08,2026-01-12,2026-01-15,2770.0,2520.0,1000000,361.01,NEXT_DAY,-9.03,-90253.0,909747.0
GOLD,HRTA.JK,5,1.0,3,2026-02-06,5.03,2026-02-09,2026-02-12,2250.0,2650.0,1000000,444.44,NEXT_DAY,17.78,177778.0,1177778.0
GOLD,HRTA.JK,5,1.0,3,2026-02-27,3.38,2026-03-02,2026-03-05,3250.0,2950.0,1000000,307.69,NEXT_DAY,-9.23,-92308.0,907692.0
GOLD,HRTA.JK,5,1.0,3,2026-03-30,2.77,2026-03-31,2026-04-06,2180.0,2430.0,1000000,458.72,NEXT_DAY,11.47,114679.0,1114679.0
GOLD,HRTA.JK,5,1.0,3,2026-04-20,1.35,2026-04-21,2026-04-24,2970.0,2930.0,1000000,336.7,NEXT_DAY,-1.35,-13468.0,986532.0
GOLD,HRTA.JK,5,1.0,3,2026-05-11,4.41,2026-05-12,2026-05-15,2670.0,2660.0,1000000,374.53,NEXT_DAY,-0.37,-3745.0,996255.0
GOLD,HRTA.JK,5,1.0,3,2026-06-16,1.66,2026-06-18,2026-06-23,2170.0,2050.0,1000000,460.83,NEXT_DAY,-5.53,-55300.0,944700.0
GOLD,MDKA.JK,5,1.0,3,2026-01-09,4.08,2026-01-12,2026-01-15,2890.0,2990.0,1000000,346.02,NEXT_DAY,3.46,34602.0,1034602.0
GOLD,MDKA.JK,5,1.0,3,2026-02-06,5.03,2026-02-09,2026-02-12,3040.0,3190.0,1000000,328.95,NEXT_DAY,4.93,49342.0,1049342.0
GOLD,MDKA.JK,5,1.0,3,2026-02-27,3.38,2026-03-02,2026-03-05,3940.0,3620.0,1000000,253.81,NEXT_DAY,-8.12,-81218.0,918782.0
GOLD,MDKA.JK,5,1.0,3,2026-03-30,2.77,2026-03-31,2026-04-06,3140.0,3250.0,1000000,318.47,NEXT_DAY,3.5,35032.0,1035032.0
GOLD,MDKA.JK,5,1.0,3,2026-04-20,1.35,2026-04-21,2026-04-24,3370.0,3380.0,1000000,296.74,NEXT_DAY,0.3,2967.0,1002967.0
GOLD,MDKA.JK,5,1.0,3,2026-05-11,4.41,2026-05-12,2026-05-15,2870.0,2730.0,1000000,348.43,NEXT_DAY,-4.88,-48780.0,951220.0
GOLD,MDKA.JK,5,1.0,3,2026-06-16,1.66,2026-06-18,2026-06-23,2860.0,2840.0,1000000,349.65,NEXT_DAY,-0.7,-6993.0,993007.0
GOLD,ANTM.JK,5,1.0,3,2026-01-09,4.08,2026-01-12,2026-01-15,3830.0,4050.0,1000000,261.1,NEXT_DAY,5.74,57441.0,1057441.0
GOLD,ANTM.JK,5,1.0,3,2026-02-06,5.03,2026-02-09,2026-02-12,3890.0,4120.0,1000000,257.07,NEXT_DAY,5.91,59126.0,1059126.0
GOLD,ANTM.JK,5,1.0,3,2026-02-27,3.38,2026-03-02,2026-03-05,4610.0,4130.0,1000000,216.92,NEXT_DAY,-10.41,-104121.0,895879.0
GOLD,ANTM.JK,5,1.0,3,2026-03-30,2.77,2026-03-31,2026-04-06,3500.0,3650.0,1000000,285.71,NEXT_DAY,4.29,42857.0,1042857.0
GOLD,ANTM.JK,5,1.0,3,2026-04-20,1.35,2026-04-21,2026-04-24,4030.0,4050.0,1000000,248.14,NEXT_DAY,0.5,4963.0,1004963.0
GOLD,ANTM.JK,5,1.0,3,2026-05-11,4.41,2026-05-12,2026-05-15,3570.0,3500.0,1000000,280.11,NEXT_DAY,-1.96,-19608.0,980392.0
GOLD,ANTM.JK,5,1.0,3,2026-06-16,1.66,2026-06-18,2026-06-23,3170.0,2870.0,1000000,315.46,NEXT_DAY,-9.46,-94637.0,905363.0
GOLD,BRMS.JK,5,1.0,3,2026-01-09,4.08,2026-01-12,2026-01-15,1260.0,1225.0,1000000,793.65,NEXT_DAY,-2.78,-27778.0,972222.0
GOLD,BRMS.JK,5,1.0,3,2026-02-06,5.03,2026-02-09,2026-02-12,1010.0,1070.0,1000000,990.1,NEXT_DAY,5.94,59406.0,1059406.0
GOLD,BRMS.JK,5,1.0,3,2026-02-27,3.38,2026-03-02,2026-03-05,1010.0,855.0,1000000,990.1,NEXT_DAY,-15.35,-153465.0,846535.0
GOLD,BRMS.JK,5,1.0,3,2026-03-30,2.77,2026-03-31,2026-04-06,730.0,760.0,1000000,1369.86,NEXT_DAY,4.11,41096.0,1041096.0
GOLD,BRMS.JK,5,1.0,3,2026-04-20,1.35,2026-04-21,2026-04-24,900.0,810.0,1000000,1111.11,NEXT_DAY,-10.0,-100000.0,900000.0
GOLD,BRMS.JK,5,1.0,3,2026-05-11,4.41,2026-05-12,2026-05-15,760.0,770.0,1000000,1315.79,NEXT_DAY,1.32,13158.0,1013158.0
GOLD,BRMS.JK,5,1.0,3,2026-06-16,1.66,2026-06-18,2026-06-23,670.0,640.0,1000000,1492.54,NEXT_DAY,-4.48,-44776.0,955224.0
GOLD,PSAB.JK,5,1.0,3,2026-01-09,4.08,2026-01-12,2026-01-15,610.0,625.0,1000000,1639.34,NEXT_DAY,2.46,24590.0,1024590.0
GOLD,PSAB.JK,5,1.0,3,2026-02-06,5.03,2026-02-09,2026-02-12,505.0,555.0,1000000,1980.2,NEXT_DAY,9.9,99010.0,1099010.0
GOLD,PSAB.JK,5,1.0,3,2026-02-27,3.38,2026-03-02,2026-03-05,580.0,525.0,1000000,1724.14,NEXT_DAY,-9.48,-94828.0,905172.0
GOLD,PSAB.JK,5,1.0,3,2026-03-30,2.77,2026-03-31,2026-04-06,460.0,525.0,1000000,2173.91,NEXT_DAY,14.13,141304.0,1141304.0
GOLD,PSAB.JK,5,1.0,3,2026-04-20,1.35,2026-04-21,2026-04-24,575.0,550.0,1000000,1739.13,NEXT_DAY,-4.35,-43478.0,956522.0
GOLD,PSAB.JK,5,1.0,3,2026-05-11,4.41,2026-05-12,2026-05-15,520.0,500.0,1000000,1923.08,NEXT_DAY,-3.85,-38462.0,961538.0
GOLD,PSAB.JK,5,1.0,3,2026-06-16,1.66,2026-06-18,2026-06-23,448.0,422.0,1000000,2232.14,NEXT_DAY,-5.8,-58036.0,941964.0
GOLD,HRTA.JK,5,1.0,5,2026-01-09,4.08,2026-01-12,2026-01-20,2770.0,2620.0,1000000,361.01,NEXT_DAY,-5.42,-54152.0,945848.0
GOLD,HRTA.JK,5,1.0,5,2026-02-06,5.03,2026-02-09,2026-02-18,2250.0,2600.0,1000000,444.44,NEXT_DAY,15.56,155556.0,1155556.0
GOLD,HRTA.JK,5,1.0,5,2026-02-27,3.38,2026-03-02,2026-03-09,3250.0,2600.0,1000000,307.69,NEXT_DAY,-20.0,-200000.0,800000.0
GOLD,HRTA.JK,5,1.0,5,2026-03-30,2.77,2026-03-31,2026-04-08,2180.0,2570.0,1000000,458.72,NEXT_DAY,17.89,178899.0,1178899.0
GOLD,HRTA.JK,5,1.0,5,2026-04-20,1.35,2026-04-21,2026-04-28,2970.0,2830.0,1000000,336.7,NEXT_DAY,-4.71,-47138.0,952862.0
GOLD,HRTA.JK,5,1.0,5,2026-05-11,4.41,2026-05-12,2026-05-19,2670.0,2180.0,1000000,374.53,NEXT_DAY,-18.35,-183521.0,816479.0
GOLD,HRTA.JK,5,1.0,5,2026-06-16,1.66,2026-06-18,2026-06-25,2170.0,1910.0,1000000,460.83,NEXT_DAY,-11.98,-119816.0,880184.0
GOLD,MDKA.JK,5,1.0,5,2026-01-09,4.08,2026-01-12,2026-01-20,2890.0,3210.0,1000000,346.02,NEXT_DAY,11.07,110727.0,1110727.0
GOLD,MDKA.JK,5,1.0,5,2026-02-06,5.03,2026-02-09,2026-02-18,3040.0,3290.0,1000000,328.95,NEXT_DAY,8.22,82237.0,1082237.0
GOLD,MDKA.JK,5,1.0,5,2026-02-27,3.38,2026-03-02,2026-03-09,3940.0,3330.0,1000000,253.81,NEXT_DAY,-15.48,-154822.0,845178.0
GOLD,MDKA.JK,5,1.0,5,2026-03-30,2.77,2026-03-31,2026-04-08,3140.0,3300.0,1000000,318.47,NEXT_DAY,5.1,50955.0,1050955.0
GOLD,MDKA.JK,5,1.0,5,2026-04-20,1.35,2026-04-21,2026-04-28,3370.0,3420.0,1000000,296.74,NEXT_DAY,1.48,14837.0,1014837.0
GOLD,MDKA.JK,5,1.0,5,2026-05-11,4.41,2026-05-12,2026-05-19,2870.0,2500.0,1000000,348.43,NEXT_DAY,-12.89,-128920.0,871080.0
GOLD,MDKA.JK,5,1.0,5,2026-06-16,1.66,2026-06-18,2026-06-25,2860.0,2900.0,1000000,349.65,NEXT_DAY,1.4,13986.0,1013986.0
GOLD,ANTM.JK,5,1.0,5,2026-01-09,4.08,2026-01-12,2026-01-20,3830.0,4120.0,1000000,261.1,NEXT_DAY,7.57,75718.0,1075718.0
GOLD,ANTM.JK,5,1.0,5,2026-02-06,5.03,2026-02-09,2026-02-18,3890.0,4050.0,1000000,257.07,NEXT_DAY,4.11,41131.0,1041131.0
GOLD,ANTM.JK,5,1.0,5,2026-02-27,3.38,2026-03-02,2026-03-09,4610.0,3820.0,1000000,216.92,NEXT_DAY,-17.14,-171367.0,828633.0
GOLD,ANTM.JK,5,1.0,5,2026-03-30,2.77,2026-03-31,2026-04-08,3500.0,3740.0,1000000,285.71,NEXT_DAY,6.86,68571.0,1068571.0
GOLD,ANTM.JK,5,1.0,5,2026-04-20,1.35,2026-04-21,2026-04-28,4030.0,4040.0,1000000,248.14,NEXT_DAY,0.25,2481.0,1002481.0
GOLD,ANTM.JK,5,1.0,5,2026-05-11,4.41,2026-05-12,2026-05-19,3570.0,3060.0,1000000,280.11,NEXT_DAY,-14.29,-142857.0,857143.0
GOLD,ANTM.JK,5,1.0,5,2026-06-16,1.66,2026-06-18,2026-06-25,3170.0,2740.0,1000000,315.46,NEXT_DAY,-13.56,-135647.0,864353.0
GOLD,BRMS.JK,5,1.0,5,2026-01-09,4.08,2026-01-12,2026-01-20,1260.0,1310.0,1000000,793.65,NEXT_DAY,3.97,39683.0,1039683.0
GOLD,BRMS.JK,5,1.0,5,2026-02-06,5.03,2026-02-09,2026-02-18,1010.0,1040.0,1000000,990.1,NEXT_DAY,2.97,29703.0,1029703.0
GOLD,BRMS.JK,5,1.0,5,2026-02-27,3.38,2026-03-02,2026-03-09,1010.0,755.0,1000000,990.1,NEXT_DAY,-25.25,-252475.0,747525.0
GOLD,BRMS.JK,5,1.0,5,2026-03-30,2.77,2026-03-31,2026-04-08,730.0,865.0,1000000,1369.86,NEXT_DAY,18.49,184932.0,1184932.0
GOLD,BRMS.JK,5,1.0,5,2026-04-20,1.35,2026-04-21,2026-04-28,900.0,815.0,1000000,1111.11,NEXT_DAY,-9.44,-94444.0,905556.0
GOLD,BRMS.JK,5,1.0,5,2026-05-11,4.41,2026-05-12,2026-05-19,760.0,670.0,1000000,1315.79,NEXT_DAY,-11.84,-118421.0,881579.0
GOLD,BRMS.JK,5,1.0,5,2026-06-16,1.66,2026-06-18,2026-06-25,670.0,545.0,1000000,1492.54,NEXT_DAY,-18.66,-186567.0,813433.0
GOLD,PSAB.JK,5,1.0,5,2026-01-09,4.08,2026-01-12,2026-01-20,610.0,655.0,1000000,1639.34,NEXT_DAY,7.38,73770.0,1073770.0
GOLD,PSAB.JK,5,1.0,5,2026-02-06,5.03,2026-02-09,2026-02-18,505.0,535.0,1000000,1980.2,NEXT_DAY,5.94,59406.0,1059406.0
GOLD,PSAB.JK,5,1.0,5,2026-02-27,3.38,2026-03-02,2026-03-09,580.0,476.0,1000000,1724.14,NEXT_DAY,-17.93,-179310.0,820690.0
GOLD,PSAB.JK,5,1.0,5,2026-03-30,2.77,2026-03-31,2026-04-08,460.0,535.0,1000000,2173.91,NEXT_DAY,16.3,163043.0,1163043.0
GOLD,PSAB.JK,5,1.0,5,2026-04-20,1.35,2026-04-21,2026-04-28,575.0,550.0,1000000,1739.13,NEXT_DAY,-4.35,-43478.0,956522.0
GOLD,PSAB.JK,5,1.0,5,2026-05-11,4.41,2026-05-12,2026-05-19,520.0,412.0,1000000,1923.08,NEXT_DAY,-20.77,-207692.0,792308.0
GOLD,PSAB.JK,5,1.0,5,2026-06-16,1.66,2026-06-18,2026-06-25,448.0,422.0,1000000,2232.14,NEXT_DAY,-5.8,-58036.0,941964.0
GOLD,HRTA.JK,5,1.0,10,2026-01-09,4.08,2026-01-12,2026-01-27,2770.0,2410.0,1000000,361.01,NEXT_DAY,-13.0,-129964.0,870036.0
GOLD,HRTA.JK,5,1.0,10,2026-02-06,5.03,2026-02-09,2026-02-25,2250.0,2980.0,1000000,444.44,NEXT_DAY,32.44,324444.0,1324444.0
GOLD,HRTA.JK,5,1.0,10,2026-02-27,3.38,2026-03-02,2026-03-16,3250.0,2600.0,1000000,307.69,NEXT_DAY,-20.0,-200000.0,800000.0
GOLD,HRTA.JK,5,1.0,10,2026-03-30,2.77,2026-03-31,2026-04-15,2180.0,2580.0,1000000,458.72,NEXT_DAY,18.35,183486.0,1183486.0
GOLD,HRTA.JK,5,1.0,10,2026-04-20,1.35,2026-04-21,2026-05-06,2970.0,2810.0,1000000,336.7,NEXT_DAY,-5.39,-53872.0,946128.0
GOLD,HRTA.JK,5,1.0,10,2026-05-11,4.41,2026-05-12,2026-05-26,2670.0,2370.0,1000000,374.53,NEXT_DAY,-11.24,-112360.0,887640.0
GOLD,HRTA.JK,5,1.0,10,2026-06-16,1.66,2026-06-18,2026-07-02,2170.0,1740.0,1000000,460.83,NEXT_DAY,-19.82,-198157.0,801843.0
GOLD,MDKA.JK,5,1.0,10,2026-01-09,4.08,2026-01-12,2026-01-27,2890.0,3210.0,1000000,346.02,NEXT_DAY,11.07,110727.0,1110727.0
GOLD,MDKA.JK,5,1.0,10,2026-02-06,5.03,2026-02-09,2026-02-25,3040.0,3820.0,1000000,328.95,NEXT_DAY,25.66,256579.0,1256579.0
GOLD,MDKA.JK,5,1.0,10,2026-02-27,3.38,2026-03-02,2026-03-16,3940.0,3060.0,1000000,253.81,NEXT_DAY,-22.34,-223350.0,776650.0
GOLD,MDKA.JK,5,1.0,10,2026-03-30,2.77,2026-03-31,2026-04-15,3140.0,3350.0,1000000,318.47,NEXT_DAY,6.69,66879.0,1066879.0
GOLD,MDKA.JK,5,1.0,10,2026-04-20,1.35,2026-04-21,2026-05-06,3370.0,3110.0,1000000,296.74,NEXT_DAY,-7.72,-77151.0,922849.0
GOLD,MDKA.JK,5,1.0,10,2026-05-11,4.41,2026-05-12,2026-05-26,2870.0,2720.0,1000000,348.43,NEXT_DAY,-5.23,-52265.0,947735.0
GOLD,MDKA.JK,5,1.0,10,2026-06-16,1.66,2026-06-18,2026-07-02,2860.0,2540.0,1000000,349.65,NEXT_DAY,-11.19,-111888.0,888112.0
GOLD,ANTM.JK,5,1.0,10,2026-01-09,4.08,2026-01-12,2026-01-27,3830.0,4610.0,1000000,261.1,NEXT_DAY,20.37,203655.0,1203655.0
GOLD,ANTM.JK,5,1.0,10,2026-02-06,5.03,2026-02-09,2026-02-25,3890.0,4460.0,1000000,257.07,NEXT_DAY,14.65,146530.0,1146530.0
GOLD,ANTM.JK,5,1.0,10,2026-02-27,3.38,2026-03-02,2026-03-16,4610.0,3640.0,1000000,216.92,NEXT_DAY,-21.04,-210412.0,789588.0
GOLD,ANTM.JK,5,1.0,10,2026-03-30,2.77,2026-03-31,2026-04-15,3500.0,3940.0,1000000,285.71,NEXT_DAY,12.57,125714.0,1125714.0
GOLD,ANTM.JK,5,1.0,10,2026-04-20,1.35,2026-04-21,2026-05-06,4030.0,3800.0,1000000,248.14,NEXT_DAY,-5.71,-57072.0,942928.0
GOLD,ANTM.JK,5,1.0,10,2026-05-11,4.41,2026-05-12,2026-05-26,3570.0,2960.0,1000000,280.11,NEXT_DAY,-17.09,-170868.0,829132.0
GOLD,ANTM.JK,5,1.0,10,2026-06-16,1.66,2026-06-18,2026-07-02,3170.0,2760.0,1000000,315.46,NEXT_DAY,-12.93,-129338.0,870662.0
GOLD,BRMS.JK,5,1.0,10,2026-01-09,4.08,2026-01-12,2026-01-27,1260.0,1295.0,1000000,793.65,NEXT_DAY,2.78,27778.0,1027778.0
GOLD,BRMS.JK,5,1.0,10,2026-02-06,5.03,2026-02-09,2026-02-25,1010.0,980.0,1000000,990.1,NEXT_DAY,-2.97,-29703.0,970297.0
GOLD,BRMS.JK,5,1.0,10,2026-02-27,3.38,2026-03-02,2026-03-16,1010.0,675.0,1000000,990.1,NEXT_DAY,-33.17,-331683.0,668317.0
GOLD,BRMS.JK,5,1.0,10,2026-03-30,2.77,2026-03-31,2026-04-15,730.0,855.0,1000000,1369.86,NEXT_DAY,17.12,171233.0,1171233.0
GOLD,BRMS.JK,5,1.0,10,2026-04-20,1.35,2026-04-21,2026-05-06,900.0,820.0,1000000,1111.11,NEXT_DAY,-8.89,-88889.0,911111.0
GOLD,BRMS.JK,5,1.0,10,2026-05-11,4.41,2026-05-12,2026-05-26,760.0,605.0,1000000,1315.79,NEXT_DAY,-20.39,-203947.0,796053.0
GOLD,BRMS.JK,5,1.0,10,2026-06-16,1.66,2026-06-18,2026-07-02,670.0,484.0,1000000,1492.54,NEXT_DAY,-27.76,-277612.0,722388.0
GOLD,PSAB.JK,5,1.0,10,2026-01-09,4.08,2026-01-12,2026-01-27,610.0,625.0,1000000,1639.34,NEXT_DAY,2.46,24590.0,1024590.0
GOLD,PSAB.JK,5,1.0,10,2026-02-06,5.03,2026-02-09,2026-02-25,505.0,570.0,1000000,1980.2,NEXT_DAY,12.87,128713.0,1128713.0
GOLD,PSAB.JK,5,1.0,10,2026-02-27,3.38,2026-03-02,2026-03-16,580.0,555.0,1000000,1724.14,NEXT_DAY,-4.31,-43103.0,956897.0
GOLD,PSAB.JK,5,1.0,10,2026-03-30,2.77,2026-03-31,2026-04-15,460.0,525.0,1000000,2173.91,NEXT_DAY,14.13,141304.0,1141304.0
GOLD,PSAB.JK,5,1.0,10,2026-04-20,1.35,2026-04-21,2026-05-06,575.0,570.0,1000000,1739.13,NEXT_DAY,-0.87,-8696.0,991304.0
GOLD,PSAB.JK,5,1.0,10,2026-05-11,4.41,2026-05-12,2026-05-26,520.0,468.0,1000000,1923.08,NEXT_DAY,-10.0,-100000.0,900000.0
GOLD,PSAB.JK,5,1.0,10,2026-06-16,1.66,2026-06-18,2026-07-02,448.0,392.0,1000000,2232.14,NEXT_DAY,-12.5,-125000.0,875000.0
GOLD,HRTA.JK,5,1.5,1,2026-01-09,4.08,2026-01-12,2026-01-13,2770.0,2580.0,1000000,361.01,NEXT_DAY,-6.86,-68592.0,931408.0
GOLD,HRTA.JK,5,1.5,1,2026-02-06,5.03,2026-02-09,2026-02-10,2250.0,2500.0,1000000,444.44,NEXT_DAY,11.11,111111.0,1111111.0
GOLD,HRTA.JK,5,1.5,1,2026-02-27,3.38,2026-03-02,2026-03-03,3250.0,3090.0,1000000,307.69,NEXT_DAY,-4.92,-49231.0,950769.0
GOLD,HRTA.JK,5,1.5,1,2026-03-30,2.77,2026-03-31,2026-04-01,2180.0,2540.0,1000000,458.72,NEXT_DAY,16.51,165138.0,1165138.0
GOLD,HRTA.JK,5,1.5,1,2026-05-06,3.01,2026-05-07,2026-05-08,2870.0,2700.0,1000000,348.43,NEXT_DAY,-5.92,-59233.0,940767.0
GOLD,HRTA.JK,5,1.5,1,2026-06-16,1.66,2026-06-18,2026-06-19,2170.0,2120.0,1000000,460.83,NEXT_DAY,-2.3,-23041.0,976959.0
GOLD,MDKA.JK,5,1.5,1,2026-01-09,4.08,2026-01-12,2026-01-13,2890.0,3120.0,1000000,346.02,NEXT_DAY,7.96,79585.0,1079585.0
GOLD,MDKA.JK,5,1.5,1,2026-02-06,5.03,2026-02-09,2026-02-10,3040.0,3090.0,1000000,328.95,NEXT_DAY,1.64,16447.0,1016447.0
GOLD,MDKA.JK,5,1.5,1,2026-02-27,3.38,2026-03-02,2026-03-03,3940.0,3660.0,1000000,253.81,NEXT_DAY,-7.11,-71066.0,928934.0
GOLD,MDKA.JK,5,1.5,1,2026-03-30,2.77,2026-03-31,2026-04-01,3140.0,3340.0,1000000,318.47,NEXT_DAY,6.37,63694.0,1063694.0
GOLD,MDKA.JK,5,1.5,1,2026-05-06,3.01,2026-05-07,2026-05-08,3200.0,2780.0,1000000,312.5,NEXT_DAY,-13.12,-131250.0,868750.0
GOLD,MDKA.JK,5,1.5,1,2026-06-16,1.66,2026-06-18,2026-06-19,2860.0,2930.0,1000000,349.65,NEXT_DAY,2.45,24476.0,1024476.0
GOLD,ANTM.JK,5,1.5,1,2026-01-09,4.08,2026-01-12,2026-01-13,3830.0,3880.0,1000000,261.1,NEXT_DAY,1.31,13055.0,1013055.0
GOLD,ANTM.JK,5,1.5,1,2026-02-06,5.03,2026-02-09,2026-02-10,3890.0,3890.0,1000000,257.07,NEXT_DAY,0.0,0.0,1000000.0
GOLD,ANTM.JK,5,1.5,1,2026-02-27,3.38,2026-03-02,2026-03-03,4610.0,4410.0,1000000,216.92,NEXT_DAY,-4.34,-43384.0,956616.0
GOLD,ANTM.JK,5,1.5,1,2026-03-30,2.77,2026-03-31,2026-04-01,3500.0,3710.0,1000000,285.71,NEXT_DAY,6.0,60000.0,1060000.0
GOLD,ANTM.JK,5,1.5,1,2026-05-06,3.01,2026-05-07,2026-05-08,3880.0,3630.0,1000000,257.73,NEXT_DAY,-6.44,-64433.0,935567.0
GOLD,ANTM.JK,5,1.5,1,2026-06-16,1.66,2026-06-18,2026-06-19,3170.0,3080.0,1000000,315.46,NEXT_DAY,-2.84,-28391.0,971609.0
GOLD,BRMS.JK,5,1.5,1,2026-01-09,4.08,2026-01-12,2026-01-13,1260.0,1195.0,1000000,793.65,NEXT_DAY,-5.16,-51587.0,948413.0
GOLD,BRMS.JK,5,1.5,1,2026-02-06,5.03,2026-02-09,2026-02-10,1010.0,1045.0,1000000,990.1,NEXT_DAY,3.47,34653.0,1034653.0
GOLD,BRMS.JK,5,1.5,1,2026-02-27,3.38,2026-03-02,2026-03-03,1010.0,980.0,1000000,990.1,NEXT_DAY,-2.97,-29703.0,970297.0
GOLD,BRMS.JK,5,1.5,1,2026-03-30,2.77,2026-03-31,2026-04-01,730.0,780.0,1000000,1369.86,NEXT_DAY,6.85,68493.0,1068493.0
GOLD,BRMS.JK,5,1.5,1,2026-05-06,3.01,2026-05-07,2026-05-08,835.0,750.0,1000000,1197.6,NEXT_DAY,-10.18,-101796.0,898204.0
GOLD,BRMS.JK,5,1.5,1,2026-06-16,1.66,2026-06-18,2026-06-19,670.0,660.0,1000000,1492.54,NEXT_DAY,-1.49,-14925.0,985075.0
GOLD,PSAB.JK,5,1.5,1,2026-01-09,4.08,2026-01-12,2026-01-13,610.0,590.0,1000000,1639.34,NEXT_DAY,-3.28,-32787.0,967213.0
GOLD,PSAB.JK,5,1.5,1,2026-02-06,5.03,2026-02-09,2026-02-10,505.0,515.0,1000000,1980.2,NEXT_DAY,1.98,19802.0,1019802.0
GOLD,PSAB.JK,5,1.5,1,2026-02-27,3.38,2026-03-02,2026-03-03,580.0,570.0,1000000,1724.14,NEXT_DAY,-1.72,-17241.0,982759.0
GOLD,PSAB.JK,5,1.5,1,2026-03-30,2.77,2026-03-31,2026-04-01,460.0,525.0,1000000,2173.91,NEXT_DAY,14.13,141304.0,1141304.0
GOLD,PSAB.JK,5,1.5,1,2026-05-06,3.01,2026-05-07,2026-05-08,560.0,510.0,1000000,1785.71,NEXT_DAY,-8.93,-89286.0,910714.0
GOLD,PSAB.JK,5,1.5,1,2026-06-16,1.66,2026-06-18,2026-06-19,448.0,440.0,1000000,2232.14,NEXT_DAY,-1.79,-17857.0,982143.0
GOLD,HRTA.JK,5,1.5,2,2026-01-09,4.08,2026-01-12,2026-01-14,2770.0,2600.0,1000000,361.01,NEXT_DAY,-6.14,-61372.0,938628.0
GOLD,HRTA.JK,5,1.5,2,2026-02-06,5.03,2026-02-09,2026-02-11,2250.0,2530.0,1000000,444.44,NEXT_DAY,12.44,124444.0,1124444.0
GOLD,HRTA.JK,5,1.5,2,2026-02-27,3.38,2026-03-02,2026-03-04,3250.0,3000.0,1000000,307.69,NEXT_DAY,-7.69,-76923.0,923077.0
GOLD,HRTA.JK,5,1.5,2,2026-03-30,2.77,2026-03-31,2026-04-02,2180.0,2340.0,1000000,458.72,NEXT_DAY,7.34,73394.0,1073394.0
GOLD,HRTA.JK,5,1.5,2,2026-05-06,3.01,2026-05-07,2026-05-11,2870.0,2670.0,1000000,348.43,NEXT_DAY,-6.97,-69686.0,930314.0
GOLD,HRTA.JK,5,1.5,2,2026-06-16,1.66,2026-06-18,2026-06-22,2170.0,2100.0,1000000,460.83,NEXT_DAY,-3.23,-32258.0,967742.0
GOLD,MDKA.JK,5,1.5,2,2026-01-09,4.08,2026-01-12,2026-01-14,2890.0,3060.0,1000000,346.02,NEXT_DAY,5.88,58824.0,1058824.0
GOLD,MDKA.JK,5,1.5,2,2026-02-06,5.03,2026-02-09,2026-02-11,3040.0,3160.0,1000000,328.95,NEXT_DAY,3.95,39474.0,1039474.0
GOLD,MDKA.JK,5,1.5,2,2026-02-27,3.38,2026-03-02,2026-03-04,3940.0,3430.0,1000000,253.81,NEXT_DAY,-12.94,-129442.0,870558.0
GOLD,MDKA.JK,5,1.5,2,2026-03-30,2.77,2026-03-31,2026-04-02,3140.0,3260.0,1000000,318.47,NEXT_DAY,3.82,38217.0,1038217.0
GOLD,MDKA.JK,5,1.5,2,2026-05-06,3.01,2026-05-07,2026-05-11,3200.0,2870.0,1000000,312.5,NEXT_DAY,-10.31,-103125.0,896875.0
GOLD,MDKA.JK,5,1.5,2,2026-06-16,1.66,2026-06-18,2026-06-22,2860.0,2940.0,1000000,349.65,NEXT_DAY,2.8,27972.0,1027972.0
GOLD,ANTM.JK,5,1.5,2,2026-01-09,4.08,2026-01-12,2026-01-14,3830.0,4090.0,1000000,261.1,NEXT_DAY,6.79,67885.0,1067885.0
GOLD,ANTM.JK,5,1.5,2,2026-02-06,5.03,2026-02-09,2026-02-11,3890.0,3990.0,1000000,257.07,NEXT_DAY,2.57,25707.0,1025707.0
GOLD,ANTM.JK,5,1.5,2,2026-02-27,3.38,2026-03-02,2026-03-04,4610.0,4050.0,1000000,216.92,NEXT_DAY,-12.15,-121475.0,878525.0
GOLD,ANTM.JK,5,1.5,2,2026-03-30,2.77,2026-03-31,2026-04-02,3500.0,3640.0,1000000,285.71,NEXT_DAY,4.0,40000.0,1040000.0
GOLD,ANTM.JK,5,1.5,2,2026-05-06,3.01,2026-05-07,2026-05-11,3880.0,3700.0,1000000,257.73,NEXT_DAY,-4.64,-46392.0,953608.0
GOLD,ANTM.JK,5,1.5,2,2026-06-16,1.66,2026-06-18,2026-06-22,3170.0,2960.0,1000000,315.46,NEXT_DAY,-6.62,-66246.0,933754.0
GOLD,BRMS.JK,5,1.5,2,2026-01-09,4.08,2026-01-12,2026-01-14,1260.0,1250.0,1000000,793.65,NEXT_DAY,-0.79,-7937.0,992063.0
GOLD,BRMS.JK,5,1.5,2,2026-02-06,5.03,2026-02-09,2026-02-11,1010.0,1085.0,1000000,990.1,NEXT_DAY,7.43,74257.0,1074257.0
GOLD,BRMS.JK,5,1.5,2,2026-02-27,3.38,2026-03-02,2026-03-04,1010.0,850.0,1000000,990.1,NEXT_DAY,-15.84,-158416.0,841584.0
GOLD,BRMS.JK,5,1.5,2,2026-03-30,2.77,2026-03-31,2026-04-02,730.0,735.0,1000000,1369.86,NEXT_DAY,0.68,6849.0,1006849.0
GOLD,BRMS.JK,5,1.5,2,2026-05-06,3.01,2026-05-07,2026-05-11,835.0,750.0,1000000,1197.6,NEXT_DAY,-10.18,-101796.0,898204.0
GOLD,BRMS.JK,5,1.5,2,2026-06-16,1.66,2026-06-18,2026-06-22,670.0,635.0,1000000,1492.54,NEXT_DAY,-5.22,-52239.0,947761.0
GOLD,PSAB.JK,5,1.5,2,2026-01-09,4.08,2026-01-12,2026-01-14,610.0,640.0,1000000,1639.34,NEXT_DAY,4.92,49180.0,1049180.0
GOLD,PSAB.JK,5,1.5,2,2026-02-06,5.03,2026-02-09,2026-02-11,505.0,540.0,1000000,1980.2,NEXT_DAY,6.93,69307.0,1069307.0
GOLD,PSAB.JK,5,1.5,2,2026-02-27,3.38,2026-03-02,2026-03-04,580.0,530.0,1000000,1724.14,NEXT_DAY,-8.62,-86207.0,913793.0
GOLD,PSAB.JK,5,1.5,2,2026-03-30,2.77,2026-03-31,2026-04-02,460.0,510.0,1000000,2173.91,NEXT_DAY,10.87,108696.0,1108696.0
GOLD,PSAB.JK,5,1.5,2,2026-05-06,3.01,2026-05-07,2026-05-11,560.0,510.0,1000000,1785.71,NEXT_DAY,-8.93,-89286.0,910714.0
GOLD,PSAB.JK,5,1.5,2,2026-06-16,1.66,2026-06-18,2026-06-22,448.0,426.0,1000000,2232.14,NEXT_DAY,-4.91,-49107.0,950893.0
GOLD,HRTA.JK,5,1.5,3,2026-01-09,4.08,2026-01-12,2026-01-15,2770.0,2520.0,1000000,361.01,NEXT_DAY,-9.03,-90253.0,909747.0
GOLD,HRTA.JK,5,1.5,3,2026-02-06,5.03,2026-02-09,2026-02-12,2250.0,2650.0,1000000,444.44,NEXT_DAY,17.78,177778.0,1177778.0
GOLD,HRTA.JK,5,1.5,3,2026-02-27,3.38,2026-03-02,2026-03-05,3250.0,2950.0,1000000,307.69,NEXT_DAY,-9.23,-92308.0,907692.0
GOLD,HRTA.JK,5,1.5,3,2026-03-30,2.77,2026-03-31,2026-04-06,2180.0,2430.0,1000000,458.72,NEXT_DAY,11.47,114679.0,1114679.0
GOLD,HRTA.JK,5,1.5,3,2026-05-06,3.01,2026-05-07,2026-05-12,2870.0,2670.0,1000000,348.43,NEXT_DAY,-6.97,-69686.0,930314.0
GOLD,HRTA.JK,5,1.5,3,2026-06-16,1.66,2026-06-18,2026-06-23,2170.0,2050.0,1000000,460.83,NEXT_DAY,-5.53,-55300.0,944700.0
GOLD,MDKA.JK,5,1.5,3,2026-01-09,4.08,2026-01-12,2026-01-15,2890.0,2990.0,1000000,346.02,NEXT_DAY,3.46,34602.0,1034602.0
GOLD,MDKA.JK,5,1.5,3,2026-02-06,5.03,2026-02-09,2026-02-12,3040.0,3190.0,1000000,328.95,NEXT_DAY,4.93,49342.0,1049342.0
GOLD,MDKA.JK,5,1.5,3,2026-02-27,3.38,2026-03-02,2026-03-05,3940.0,3620.0,1000000,253.81,NEXT_DAY,-8.12,-81218.0,918782.0
GOLD,MDKA.JK,5,1.5,3,2026-03-30,2.77,2026-03-31,2026-04-06,3140.0,3250.0,1000000,318.47,NEXT_DAY,3.5,35032.0,1035032.0
GOLD,MDKA.JK,5,1.5,3,2026-05-06,3.01,2026-05-07,2026-05-12,3200.0,2870.0,1000000,312.5,NEXT_DAY,-10.31,-103125.0,896875.0
GOLD,MDKA.JK,5,1.5,3,2026-06-16,1.66,2026-06-18,2026-06-23,2860.0,2840.0,1000000,349.65,NEXT_DAY,-0.7,-6993.0,993007.0
GOLD,ANTM.JK,5,1.5,3,2026-01-09,4.08,2026-01-12,2026-01-15,3830.0,4050.0,1000000,261.1,NEXT_DAY,5.74,57441.0,1057441.0
GOLD,ANTM.JK,5,1.5,3,2026-02-06,5.03,2026-02-09,2026-02-12,3890.0,4120.0,1000000,257.07,NEXT_DAY,5.91,59126.0,1059126.0
GOLD,ANTM.JK,5,1.5,3,2026-02-27,3.38,2026-03-02,2026-03-05,4610.0,4130.0,1000000,216.92,NEXT_DAY,-10.41,-104121.0,895879.0
GOLD,ANTM.JK,5,1.5,3,2026-03-30,2.77,2026-03-31,2026-04-06,3500.0,3650.0,1000000,285.71,NEXT_DAY,4.29,42857.0,1042857.0
GOLD,ANTM.JK,5,1.5,3,2026-05-06,3.01,2026-05-07,2026-05-12,3880.0,3570.0,1000000,257.73,NEXT_DAY,-7.99,-79897.0,920103.0
GOLD,ANTM.JK,5,1.5,3,2026-06-16,1.66,2026-06-18,2026-06-23,3170.0,2870.0,1000000,315.46,NEXT_DAY,-9.46,-94637.0,905363.0
GOLD,BRMS.JK,5,1.5,3,2026-01-09,4.08,2026-01-12,2026-01-15,1260.0,1225.0,1000000,793.65,NEXT_DAY,-2.78,-27778.0,972222.0
GOLD,BRMS.JK,5,1.5,3,2026-02-06,5.03,2026-02-09,2026-02-12,1010.0,1070.0,1000000,990.1,NEXT_DAY,5.94,59406.0,1059406.0
GOLD,BRMS.JK,5,1.5,3,2026-02-27,3.38,2026-03-02,2026-03-05,1010.0,855.0,1000000,990.1,NEXT_DAY,-15.35,-153465.0,846535.0
GOLD,BRMS.JK,5,1.5,3,2026-03-30,2.77,2026-03-31,2026-04-06,730.0,760.0,1000000,1369.86,NEXT_DAY,4.11,41096.0,1041096.0
GOLD,BRMS.JK,5,1.5,3,2026-05-06,3.01,2026-05-07,2026-05-12,835.0,760.0,1000000,1197.6,NEXT_DAY,-8.98,-89820.0,910180.0
GOLD,BRMS.JK,5,1.5,3,2026-06-16,1.66,2026-06-18,2026-06-23,670.0,640.0,1000000,1492.54,NEXT_DAY,-4.48,-44776.0,955224.0
GOLD,PSAB.JK,5,1.5,3,2026-01-09,4.08,2026-01-12,2026-01-15,610.0,625.0,1000000,1639.34,NEXT_DAY,2.46,24590.0,1024590.0
GOLD,PSAB.JK,5,1.5,3,2026-02-06,5.03,2026-02-09,2026-02-12,505.0,555.0,1000000,1980.2,NEXT_DAY,9.9,99010.0,1099010.0
GOLD,PSAB.JK,5,1.5,3,2026-02-27,3.38,2026-03-02,2026-03-05,580.0,525.0,1000000,1724.14,NEXT_DAY,-9.48,-94828.0,905172.0
GOLD,PSAB.JK,5,1.5,3,2026-03-30,2.77,2026-03-31,2026-04-06,460.0,525.0,1000000,2173.91,NEXT_DAY,14.13,141304.0,1141304.0
GOLD,PSAB.JK,5,1.5,3,2026-05-06,3.01,2026-05-07,2026-05-12,560.0,520.0,1000000,1785.71,NEXT_DAY,-7.14,-71429.0,928571.0
GOLD,PSAB.JK,5,1.5,3,2026-06-16,1.66,2026-06-18,2026-06-23,448.0,422.0,1000000,2232.14,NEXT_DAY,-5.8,-58036.0,941964.0
GOLD,HRTA.JK,5,1.5,5,2026-01-09,4.08,2026-01-12,2026-01-20,2770.0,2620.0,1000000,361.01,NEXT_DAY,-5.42,-54152.0,945848.0
GOLD,HRTA.JK,5,1.5,5,2026-02-06,5.03,2026-02-09,2026-02-18,2250.0,2600.0,1000000,444.44,NEXT_DAY,15.56,155556.0,1155556.0
GOLD,HRTA.JK,5,1.5,5,2026-02-27,3.38,2026-03-02,2026-03-09,3250.0,2600.0,1000000,307.69,NEXT_DAY,-20.0,-200000.0,800000.0
GOLD,HRTA.JK,5,1.5,5,2026-03-30,2.77,2026-03-31,2026-04-08,2180.0,2570.0,1000000,458.72,NEXT_DAY,17.89,178899.0,1178899.0
GOLD,HRTA.JK,5,1.5,5,2026-05-06,3.01,2026-05-07,2026-05-14,2870.0,2660.0,1000000,348.43,NEXT_DAY,-7.32,-73171.0,926829.0
GOLD,HRTA.JK,5,1.5,5,2026-06-16,1.66,2026-06-18,2026-06-25,2170.0,1910.0,1000000,460.83,NEXT_DAY,-11.98,-119816.0,880184.0
GOLD,MDKA.JK,5,1.5,5,2026-01-09,4.08,2026-01-12,2026-01-20,2890.0,3210.0,1000000,346.02,NEXT_DAY,11.07,110727.0,1110727.0
GOLD,MDKA.JK,5,1.5,5,2026-02-06,5.03,2026-02-09,2026-02-18,3040.0,3290.0,1000000,328.95,NEXT_DAY,8.22,82237.0,1082237.0
GOLD,MDKA.JK,5,1.5,5,2026-02-27,3.38,2026-03-02,2026-03-09,3940.0,3330.0,1000000,253.81,NEXT_DAY,-15.48,-154822.0,845178.0
GOLD,MDKA.JK,5,1.5,5,2026-03-30,2.77,2026-03-31,2026-04-08,3140.0,3300.0,1000000,318.47,NEXT_DAY,5.1,50955.0,1050955.0
GOLD,MDKA.JK,5,1.5,5,2026-05-06,3.01,2026-05-07,2026-05-14,3200.0,2730.0,1000000,312.5,NEXT_DAY,-14.69,-146875.0,853125.0
GOLD,MDKA.JK,5,1.5,5,2026-06-16,1.66,2026-06-18,2026-06-25,2860.0,2900.0,1000000,349.65,NEXT_DAY,1.4,13986.0,1013986.0
GOLD,ANTM.JK,5,1.5,5,2026-01-09,4.08,2026-01-12,2026-01-20,3830.0,4120.0,1000000,261.1,NEXT_DAY,7.57,75718.0,1075718.0
GOLD,ANTM.JK,5,1.5,5,2026-02-06,5.03,2026-02-09,2026-02-18,3890.0,4050.0,1000000,257.07,NEXT_DAY,4.11,41131.0,1041131.0
GOLD,ANTM.JK,5,1.5,5,2026-02-27,3.38,2026-03-02,2026-03-09,4610.0,3820.0,1000000,216.92,NEXT_DAY,-17.14,-171367.0,828633.0
GOLD,ANTM.JK,5,1.5,5,2026-03-30,2.77,2026-03-31,2026-04-08,3500.0,3740.0,1000000,285.71,NEXT_DAY,6.86,68571.0,1068571.0
GOLD,ANTM.JK,5,1.5,5,2026-05-06,3.01,2026-05-07,2026-05-14,3880.0,3500.0,1000000,257.73,NEXT_DAY,-9.79,-97938.0,902062.0
GOLD,ANTM.JK,5,1.5,5,2026-06-16,1.66,2026-06-18,2026-06-25,3170.0,2740.0,1000000,315.46,NEXT_DAY,-13.56,-135647.0,864353.0
GOLD,BRMS.JK,5,1.5,5,2026-01-09,4.08,2026-01-12,2026-01-20,1260.0,1310.0,1000000,793.65,NEXT_DAY,3.97,39683.0,1039683.0
GOLD,BRMS.JK,5,1.5,5,2026-02-06,5.03,2026-02-09,2026-02-18,1010.0,1040.0,1000000,990.1,NEXT_DAY,2.97,29703.0,1029703.0
GOLD,BRMS.JK,5,1.5,5,2026-02-27,3.38,2026-03-02,2026-03-09,1010.0,755.0,1000000,990.1,NEXT_DAY,-25.25,-252475.0,747525.0
GOLD,BRMS.JK,5,1.5,5,2026-03-30,2.77,2026-03-31,2026-04-08,730.0,865.0,1000000,1369.86,NEXT_DAY,18.49,184932.0,1184932.0
GOLD,BRMS.JK,5,1.5,5,2026-05-06,3.01,2026-05-07,2026-05-14,835.0,770.0,1000000,1197.6,NEXT_DAY,-7.78,-77844.0,922156.0
GOLD,BRMS.JK,5,1.5,5,2026-06-16,1.66,2026-06-18,2026-06-25,670.0,545.0,1000000,1492.54,NEXT_DAY,-18.66,-186567.0,813433.0
GOLD,PSAB.JK,5,1.5,5,2026-01-09,4.08,2026-01-12,2026-01-20,610.0,655.0,1000000,1639.34,NEXT_DAY,7.38,73770.0,1073770.0
GOLD,PSAB.JK,5,1.5,5,2026-02-06,5.03,2026-02-09,2026-02-18,505.0,535.0,1000000,1980.2,NEXT_DAY,5.94,59406.0,1059406.0
GOLD,PSAB.JK,5,1.5,5,2026-02-27,3.38,2026-03-02,2026-03-09,580.0,476.0,1000000,1724.14,NEXT_DAY,-17.93,-179310.0,820690.0
GOLD,PSAB.JK,5,1.5,5,2026-03-30,2.77,2026-03-31,2026-04-08,460.0,535.0,1000000,2173.91,NEXT_DAY,16.3,163043.0,1163043.0
GOLD,PSAB.JK,5,1.5,5,2026-05-06,3.01,2026-05-07,2026-05-14,560.0,500.0,1000000,1785.71,NEXT_DAY,-10.71,-107143.0,892857.0
GOLD,PSAB.JK,5,1.5,5,2026-06-16,1.66,2026-06-18,2026-06-25,448.0,422.0,1000000,2232.14,NEXT_DAY,-5.8,-58036.0,941964.0
GOLD,HRTA.JK,5,1.5,10,2026-01-09,4.08,2026-01-12,2026-01-27,2770.0,2410.0,1000000,361.01,NEXT_DAY,-13.0,-129964.0,870036.0
GOLD,HRTA.JK,5,1.5,10,2026-02-06,5.03,2026-02-09,2026-02-25,2250.0,2980.0,1000000,444.44,NEXT_DAY,32.44,324444.0,1324444.0
GOLD,HRTA.JK,5,1.5,10,2026-02-27,3.38,2026-03-02,2026-03-16,3250.0,2600.0,1000000,307.69,NEXT_DAY,-20.0,-200000.0,800000.0
GOLD,HRTA.JK,5,1.5,10,2026-03-30,2.77,2026-03-31,2026-04-15,2180.0,2580.0,1000000,458.72,NEXT_DAY,18.35,183486.0,1183486.0
GOLD,HRTA.JK,5,1.5,10,2026-05-06,3.01,2026-05-07,2026-05-21,2870.0,2130.0,1000000,348.43,NEXT_DAY,-25.78,-257840.0,742160.0
GOLD,HRTA.JK,5,1.5,10,2026-06-16,1.66,2026-06-18,2026-07-02,2170.0,1740.0,1000000,460.83,NEXT_DAY,-19.82,-198157.0,801843.0
GOLD,MDKA.JK,5,1.5,10,2026-01-09,4.08,2026-01-12,2026-01-27,2890.0,3210.0,1000000,346.02,NEXT_DAY,11.07,110727.0,1110727.0
GOLD,MDKA.JK,5,1.5,10,2026-02-06,5.03,2026-02-09,2026-02-25,3040.0,3820.0,1000000,328.95,NEXT_DAY,25.66,256579.0,1256579.0
GOLD,MDKA.JK,5,1.5,10,2026-02-27,3.38,2026-03-02,2026-03-16,3940.0,3060.0,1000000,253.81,NEXT_DAY,-22.34,-223350.0,776650.0
GOLD,MDKA.JK,5,1.5,10,2026-03-30,2.77,2026-03-31,2026-04-15,3140.0,3350.0,1000000,318.47,NEXT_DAY,6.69,66879.0,1066879.0
GOLD,MDKA.JK,5,1.5,10,2026-05-06,3.01,2026-05-07,2026-05-21,3200.0,2180.0,1000000,312.5,NEXT_DAY,-31.87,-318750.0,681250.0
GOLD,MDKA.JK,5,1.5,10,2026-06-16,1.66,2026-06-18,2026-07-02,2860.0,2540.0,1000000,349.65,NEXT_DAY,-11.19,-111888.0,888112.0
GOLD,ANTM.JK,5,1.5,10,2026-01-09,4.08,2026-01-12,2026-01-27,3830.0,4610.0,1000000,261.1,NEXT_DAY,20.37,203655.0,1203655.0
GOLD,ANTM.JK,5,1.5,10,2026-02-06,5.03,2026-02-09,2026-02-25,3890.0,4460.0,1000000,257.07,NEXT_DAY,14.65,146530.0,1146530.0
GOLD,ANTM.JK,5,1.5,10,2026-02-27,3.38,2026-03-02,2026-03-16,4610.0,3640.0,1000000,216.92,NEXT_DAY,-21.04,-210412.0,789588.0
GOLD,ANTM.JK,5,1.5,10,2026-03-30,2.77,2026-03-31,2026-04-15,3500.0,3940.0,1000000,285.71,NEXT_DAY,12.57,125714.0,1125714.0
GOLD,ANTM.JK,5,1.5,10,2026-05-06,3.01,2026-05-07,2026-05-21,3880.0,2970.0,1000000,257.73,NEXT_DAY,-23.45,-234536.0,765464.0
GOLD,ANTM.JK,5,1.5,10,2026-06-16,1.66,2026-06-18,2026-07-02,3170.0,2760.0,1000000,315.46,NEXT_DAY,-12.93,-129338.0,870662.0
GOLD,BRMS.JK,5,1.5,10,2026-01-09,4.08,2026-01-12,2026-01-27,1260.0,1295.0,1000000,793.65,NEXT_DAY,2.78,27778.0,1027778.0
GOLD,BRMS.JK,5,1.5,10,2026-02-06,5.03,2026-02-09,2026-02-25,1010.0,980.0,1000000,990.1,NEXT_DAY,-2.97,-29703.0,970297.0
GOLD,BRMS.JK,5,1.5,10,2026-02-27,3.38,2026-03-02,2026-03-16,1010.0,675.0,1000000,990.1,NEXT_DAY,-33.17,-331683.0,668317.0
GOLD,BRMS.JK,5,1.5,10,2026-03-30,2.77,2026-03-31,2026-04-15,730.0,855.0,1000000,1369.86,NEXT_DAY,17.12,171233.0,1171233.0
GOLD,BRMS.JK,5,1.5,10,2026-05-06,3.01,2026-05-07,2026-05-21,835.0,565.0,1000000,1197.6,NEXT_DAY,-32.34,-323353.0,676647.0
GOLD,BRMS.JK,5,1.5,10,2026-06-16,1.66,2026-06-18,2026-07-02,670.0,484.0,1000000,1492.54,NEXT_DAY,-27.76,-277612.0,722388.0
GOLD,PSAB.JK,5,1.5,10,2026-01-09,4.08,2026-01-12,2026-01-27,610.0,625.0,1000000,1639.34,NEXT_DAY,2.46,24590.0,1024590.0
GOLD,PSAB.JK,5,1.5,10,2026-02-06,5.03,2026-02-09,2026-02-25,505.0,570.0,1000000,1980.2,NEXT_DAY,12.87,128713.0,1128713.0
GOLD,PSAB.JK,5,1.5,10,2026-02-27,3.38,2026-03-02,2026-03-16,580.0,555.0,1000000,1724.14,NEXT_DAY,-4.31,-43103.0,956897.0
GOLD,PSAB.JK,5,1.5,10,2026-03-30,2.77,2026-03-31,2026-04-15,460.0,525.0,1000000,2173.91,NEXT_DAY,14.13,141304.0,1141304.0
GOLD,PSAB.JK,5,1.5,10,2026-05-06,3.01,2026-05-07,2026-05-21,560.0,372.0,1000000,1785.71,NEXT_DAY,-33.57,-335714.0,664286.0
GOLD,PSAB.JK,5,1.5,10,2026-06-16,1.66,2026-06-18,2026-07-02,448.0,392.0,1000000,2232.14,NEXT_DAY,-12.5,-125000.0,875000.0
GOLD,HRTA.JK,5,2.0,1,2026-01-09,4.08,2026-01-12,2026-01-13,2770.0,2580.0,1000000,361.01,NEXT_DAY,-6.86,-68592.0,931408.0
GOLD,HRTA.JK,5,2.0,1,2026-02-06,5.03,2026-02-09,2026-02-10,2250.0,2500.0,1000000,444.44,NEXT_DAY,11.11,111111.0,1111111.0
GOLD,HRTA.JK,5,2.0,1,2026-02-27,3.38,2026-03-02,2026-03-03,3250.0,3090.0,1000000,307.69,NEXT_DAY,-4.92,-49231.0,950769.0
GOLD,HRTA.JK,5,2.0,1,2026-03-30,2.77,2026-03-31,2026-04-01,2180.0,2540.0,1000000,458.72,NEXT_DAY,16.51,165138.0,1165138.0
GOLD,HRTA.JK,5,2.0,1,2026-05-06,3.01,2026-05-07,2026-05-08,2870.0,2700.0,1000000,348.43,NEXT_DAY,-5.92,-59233.0,940767.0
GOLD,HRTA.JK,5,2.0,1,2026-06-17,6.1,2026-06-18,2026-06-19,2170.0,2120.0,1000000,460.83,NEXT_DAY,-2.3,-23041.0,976959.0
GOLD,MDKA.JK,5,2.0,1,2026-01-09,4.08,2026-01-12,2026-01-13,2890.0,3120.0,1000000,346.02,NEXT_DAY,7.96,79585.0,1079585.0
GOLD,MDKA.JK,5,2.0,1,2026-02-06,5.03,2026-02-09,2026-02-10,3040.0,3090.0,1000000,328.95,NEXT_DAY,1.64,16447.0,1016447.0
GOLD,MDKA.JK,5,2.0,1,2026-02-27,3.38,2026-03-02,2026-03-03,3940.0,3660.0,1000000,253.81,NEXT_DAY,-7.11,-71066.0,928934.0
GOLD,MDKA.JK,5,2.0,1,2026-03-30,2.77,2026-03-31,2026-04-01,3140.0,3340.0,1000000,318.47,NEXT_DAY,6.37,63694.0,1063694.0
GOLD,MDKA.JK,5,2.0,1,2026-05-06,3.01,2026-05-07,2026-05-08,3200.0,2780.0,1000000,312.5,NEXT_DAY,-13.12,-131250.0,868750.0
GOLD,MDKA.JK,5,2.0,1,2026-06-17,6.1,2026-06-18,2026-06-19,2860.0,2930.0,1000000,349.65,NEXT_DAY,2.45,24476.0,1024476.0
GOLD,ANTM.JK,5,2.0,1,2026-01-09,4.08,2026-01-12,2026-01-13,3830.0,3880.0,1000000,261.1,NEXT_DAY,1.31,13055.0,1013055.0
GOLD,ANTM.JK,5,2.0,1,2026-02-06,5.03,2026-02-09,2026-02-10,3890.0,3890.0,1000000,257.07,NEXT_DAY,0.0,0.0,1000000.0
GOLD,ANTM.JK,5,2.0,1,2026-02-27,3.38,2026-03-02,2026-03-03,4610.0,4410.0,1000000,216.92,NEXT_DAY,-4.34,-43384.0,956616.0
GOLD,ANTM.JK,5,2.0,1,2026-03-30,2.77,2026-03-31,2026-04-01,3500.0,3710.0,1000000,285.71,NEXT_DAY,6.0,60000.0,1060000.0
GOLD,ANTM.JK,5,2.0,1,2026-05-06,3.01,2026-05-07,2026-05-08,3880.0,3630.0,1000000,257.73,NEXT_DAY,-6.44,-64433.0,935567.0
GOLD,ANTM.JK,5,2.0,1,2026-06-17,6.1,2026-06-18,2026-06-19,3170.0,3080.0,1000000,315.46,NEXT_DAY,-2.84,-28391.0,971609.0
GOLD,BRMS.JK,5,2.0,1,2026-01-09,4.08,2026-01-12,2026-01-13,1260.0,1195.0,1000000,793.65,NEXT_DAY,-5.16,-51587.0,948413.0
GOLD,BRMS.JK,5,2.0,1,2026-02-06,5.03,2026-02-09,2026-02-10,1010.0,1045.0,1000000,990.1,NEXT_DAY,3.47,34653.0,1034653.0
GOLD,BRMS.JK,5,2.0,1,2026-02-27,3.38,2026-03-02,2026-03-03,1010.0,980.0,1000000,990.1,NEXT_DAY,-2.97,-29703.0,970297.0
GOLD,BRMS.JK,5,2.0,1,2026-03-30,2.77,2026-03-31,2026-04-01,730.0,780.0,1000000,1369.86,NEXT_DAY,6.85,68493.0,1068493.0
GOLD,BRMS.JK,5,2.0,1,2026-05-06,3.01,2026-05-07,2026-05-08,835.0,750.0,1000000,1197.6,NEXT_DAY,-10.18,-101796.0,898204.0
GOLD,BRMS.JK,5,2.0,1,2026-06-17,6.1,2026-06-18,2026-06-19,670.0,660.0,1000000,1492.54,NEXT_DAY,-1.49,-14925.0,985075.0
GOLD,PSAB.JK,5,2.0,1,2026-01-09,4.08,2026-01-12,2026-01-13,610.0,590.0,1000000,1639.34,NEXT_DAY,-3.28,-32787.0,967213.0
GOLD,PSAB.JK,5,2.0,1,2026-02-06,5.03,2026-02-09,2026-02-10,505.0,515.0,1000000,1980.2,NEXT_DAY,1.98,19802.0,1019802.0
GOLD,PSAB.JK,5,2.0,1,2026-02-27,3.38,2026-03-02,2026-03-03,580.0,570.0,1000000,1724.14,NEXT_DAY,-1.72,-17241.0,982759.0
GOLD,PSAB.JK,5,2.0,1,2026-03-30,2.77,2026-03-31,2026-04-01,460.0,525.0,1000000,2173.91,NEXT_DAY,14.13,141304.0,1141304.0
GOLD,PSAB.JK,5,2.0,1,2026-05-06,3.01,2026-05-07,2026-05-08,560.0,510.0,1000000,1785.71,NEXT_DAY,-8.93,-89286.0,910714.0
GOLD,PSAB.JK,5,2.0,1,2026-06-17,6.1,2026-06-18,2026-06-19,448.0,440.0,1000000,2232.14,NEXT_DAY,-1.79,-17857.0,982143.0
GOLD,HRTA.JK,5,2.0,2,2026-01-09,4.08,2026-01-12,2026-01-14,2770.0,2600.0,1000000,361.01,NEXT_DAY,-6.14,-61372.0,938628.0
GOLD,HRTA.JK,5,2.0,2,2026-02-06,5.03,2026-02-09,2026-02-11,2250.0,2530.0,1000000,444.44,NEXT_DAY,12.44,124444.0,1124444.0
GOLD,HRTA.JK,5,2.0,2,2026-02-27,3.38,2026-03-02,2026-03-04,3250.0,3000.0,1000000,307.69,NEXT_DAY,-7.69,-76923.0,923077.0
GOLD,HRTA.JK,5,2.0,2,2026-03-30,2.77,2026-03-31,2026-04-02,2180.0,2340.0,1000000,458.72,NEXT_DAY,7.34,73394.0,1073394.0
GOLD,HRTA.JK,5,2.0,2,2026-05-06,3.01,2026-05-07,2026-05-11,2870.0,2670.0,1000000,348.43,NEXT_DAY,-6.97,-69686.0,930314.0
GOLD,HRTA.JK,5,2.0,2,2026-06-17,6.1,2026-06-18,2026-06-22,2170.0,2100.0,1000000,460.83,NEXT_DAY,-3.23,-32258.0,967742.0
GOLD,MDKA.JK,5,2.0,2,2026-01-09,4.08,2026-01-12,2026-01-14,2890.0,3060.0,1000000,346.02,NEXT_DAY,5.88,58824.0,1058824.0
GOLD,MDKA.JK,5,2.0,2,2026-02-06,5.03,2026-02-09,2026-02-11,3040.0,3160.0,1000000,328.95,NEXT_DAY,3.95,39474.0,1039474.0
GOLD,MDKA.JK,5,2.0,2,2026-02-27,3.38,2026-03-02,2026-03-04,3940.0,3430.0,1000000,253.81,NEXT_DAY,-12.94,-129442.0,870558.0
GOLD,MDKA.JK,5,2.0,2,2026-03-30,2.77,2026-03-31,2026-04-02,3140.0,3260.0,1000000,318.47,NEXT_DAY,3.82,38217.0,1038217.0
GOLD,MDKA.JK,5,2.0,2,2026-05-06,3.01,2026-05-07,2026-05-11,3200.0,2870.0,1000000,312.5,NEXT_DAY,-10.31,-103125.0,896875.0
GOLD,MDKA.JK,5,2.0,2,2026-06-17,6.1,2026-06-18,2026-06-22,2860.0,2940.0,1000000,349.65,NEXT_DAY,2.8,27972.0,1027972.0
GOLD,ANTM.JK,5,2.0,2,2026-01-09,4.08,2026-01-12,2026-01-14,3830.0,4090.0,1000000,261.1,NEXT_DAY,6.79,67885.0,1067885.0
GOLD,ANTM.JK,5,2.0,2,2026-02-06,5.03,2026-02-09,2026-02-11,3890.0,3990.0,1000000,257.07,NEXT_DAY,2.57,25707.0,1025707.0
GOLD,ANTM.JK,5,2.0,2,2026-02-27,3.38,2026-03-02,2026-03-04,4610.0,4050.0,1000000,216.92,NEXT_DAY,-12.15,-121475.0,878525.0
GOLD,ANTM.JK,5,2.0,2,2026-03-30,2.77,2026-03-31,2026-04-02,3500.0,3640.0,1000000,285.71,NEXT_DAY,4.0,40000.0,1040000.0
GOLD,ANTM.JK,5,2.0,2,2026-05-06,3.01,2026-05-07,2026-05-11,3880.0,3700.0,1000000,257.73,NEXT_DAY,-4.64,-46392.0,953608.0
GOLD,ANTM.JK,5,2.0,2,2026-06-17,6.1,2026-06-18,2026-06-22,3170.0,2960.0,1000000,315.46,NEXT_DAY,-6.62,-66246.0,933754.0
GOLD,BRMS.JK,5,2.0,2,2026-01-09,4.08,2026-01-12,2026-01-14,1260.0,1250.0,1000000,793.65,NEXT_DAY,-0.79,-7937.0,992063.0
GOLD,BRMS.JK,5,2.0,2,2026-02-06,5.03,2026-02-09,2026-02-11,1010.0,1085.0,1000000,990.1,NEXT_DAY,7.43,74257.0,1074257.0
GOLD,BRMS.JK,5,2.0,2,2026-02-27,3.38,2026-03-02,2026-03-04,1010.0,850.0,1000000,990.1,NEXT_DAY,-15.84,-158416.0,841584.0
GOLD,BRMS.JK,5,2.0,2,2026-03-30,2.77,2026-03-31,2026-04-02,730.0,735.0,1000000,1369.86,NEXT_DAY,0.68,6849.0,1006849.0
GOLD,BRMS.JK,5,2.0,2,2026-05-06,3.01,2026-05-07,2026-05-11,835.0,750.0,1000000,1197.6,NEXT_DAY,-10.18,-101796.0,898204.0
GOLD,BRMS.JK,5,2.0,2,2026-06-17,6.1,2026-06-18,2026-06-22,670.0,635.0,1000000,1492.54,NEXT_DAY,-5.22,-52239.0,947761.0
GOLD,PSAB.JK,5,2.0,2,2026-01-09,4.08,2026-01-12,2026-01-14,610.0,640.0,1000000,1639.34,NEXT_DAY,4.92,49180.0,1049180.0
GOLD,PSAB.JK,5,2.0,2,2026-02-06,5.03,2026-02-09,2026-02-11,505.0,540.0,1000000,1980.2,NEXT_DAY,6.93,69307.0,1069307.0
GOLD,PSAB.JK,5,2.0,2,2026-02-27,3.38,2026-03-02,2026-03-04,580.0,530.0,1000000,1724.14,NEXT_DAY,-8.62,-86207.0,913793.0
GOLD,PSAB.JK,5,2.0,2,2026-03-30,2.77,2026-03-31,2026-04-02,460.0,510.0,1000000,2173.91,NEXT_DAY,10.87,108696.0,1108696.0
GOLD,PSAB.JK,5,2.0,2,2026-05-06,3.01,2026-05-07,2026-05-11,560.0,510.0,1000000,1785.71,NEXT_DAY,-8.93,-89286.0,910714.0
GOLD,PSAB.JK,5,2.0,2,2026-06-17,6.1,2026-06-18,2026-06-22,448.0,426.0,1000000,2232.14,NEXT_DAY,-4.91,-49107.0,950893.0
GOLD,HRTA.JK,5,2.0,3,2026-01-09,4.08,2026-01-12,2026-01-15,2770.0,2520.0,1000000,361.01,NEXT_DAY,-9.03,-90253.0,909747.0
GOLD,HRTA.JK,5,2.0,3,2026-02-06,5.03,2026-02-09,2026-02-12,2250.0,2650.0,1000000,444.44,NEXT_DAY,17.78,177778.0,1177778.0
GOLD,HRTA.JK,5,2.0,3,2026-02-27,3.38,2026-03-02,2026-03-05,3250.0,2950.0,1000000,307.69,NEXT_DAY,-9.23,-92308.0,907692.0
GOLD,HRTA.JK,5,2.0,3,2026-03-30,2.77,2026-03-31,2026-04-06,2180.0,2430.0,1000000,458.72,NEXT_DAY,11.47,114679.0,1114679.0
GOLD,HRTA.JK,5,2.0,3,2026-05-06,3.01,2026-05-07,2026-05-12,2870.0,2670.0,1000000,348.43,NEXT_DAY,-6.97,-69686.0,930314.0
GOLD,HRTA.JK,5,2.0,3,2026-06-17,6.1,2026-06-18,2026-06-23,2170.0,2050.0,1000000,460.83,NEXT_DAY,-5.53,-55300.0,944700.0
GOLD,MDKA.JK,5,2.0,3,2026-01-09,4.08,2026-01-12,2026-01-15,2890.0,2990.0,1000000,346.02,NEXT_DAY,3.46,34602.0,1034602.0
GOLD,MDKA.JK,5,2.0,3,2026-02-06,5.03,2026-02-09,2026-02-12,3040.0,3190.0,1000000,328.95,NEXT_DAY,4.93,49342.0,1049342.0
GOLD,MDKA.JK,5,2.0,3,2026-02-27,3.38,2026-03-02,2026-03-05,3940.0,3620.0,1000000,253.81,NEXT_DAY,-8.12,-81218.0,918782.0
GOLD,MDKA.JK,5,2.0,3,2026-03-30,2.77,2026-03-31,2026-04-06,3140.0,3250.0,1000000,318.47,NEXT_DAY,3.5,35032.0,1035032.0
GOLD,MDKA.JK,5,2.0,3,2026-05-06,3.01,2026-05-07,2026-05-12,3200.0,2870.0,1000000,312.5,NEXT_DAY,-10.31,-103125.0,896875.0
GOLD,MDKA.JK,5,2.0,3,2026-06-17,6.1,2026-06-18,2026-06-23,2860.0,2840.0,1000000,349.65,NEXT_DAY,-0.7,-6993.0,993007.0
GOLD,ANTM.JK,5,2.0,3,2026-01-09,4.08,2026-01-12,2026-01-15,3830.0,4050.0,1000000,261.1,NEXT_DAY,5.74,57441.0,1057441.0
GOLD,ANTM.JK,5,2.0,3,2026-02-06,5.03,2026-02-09,2026-02-12,3890.0,4120.0,1000000,257.07,NEXT_DAY,5.91,59126.0,1059126.0
GOLD,ANTM.JK,5,2.0,3,2026-02-27,3.38,2026-03-02,2026-03-05,4610.0,4130.0,1000000,216.92,NEXT_DAY,-10.41,-104121.0,895879.0
GOLD,ANTM.JK,5,2.0,3,2026-03-30,2.77,2026-03-31,2026-04-06,3500.0,3650.0,1000000,285.71,NEXT_DAY,4.29,42857.0,1042857.0
GOLD,ANTM.JK,5,2.0,3,2026-05-06,3.01,2026-05-07,2026-05-12,3880.0,3570.0,1000000,257.73,NEXT_DAY,-7.99,-79897.0,920103.0
GOLD,ANTM.JK,5,2.0,3,2026-06-17,6.1,2026-06-18,2026-06-23,3170.0,2870.0,1000000,315.46,NEXT_DAY,-9.46,-94637.0,905363.0
GOLD,BRMS.JK,5,2.0,3,2026-01-09,4.08,2026-01-12,2026-01-15,1260.0,1225.0,1000000,793.65,NEXT_DAY,-2.78,-27778.0,972222.0
GOLD,BRMS.JK,5,2.0,3,2026-02-06,5.03,2026-02-09,2026-02-12,1010.0,1070.0,1000000,990.1,NEXT_DAY,5.94,59406.0,1059406.0
GOLD,BRMS.JK,5,2.0,3,2026-02-27,3.38,2026-03-02,2026-03-05,1010.0,855.0,1000000,990.1,NEXT_DAY,-15.35,-153465.0,846535.0
GOLD,BRMS.JK,5,2.0,3,2026-03-30,2.77,2026-03-31,2026-04-06,730.0,760.0,1000000,1369.86,NEXT_DAY,4.11,41096.0,1041096.0
GOLD,BRMS.JK,5,2.0,3,2026-05-06,3.01,2026-05-07,2026-05-12,835.0,760.0,1000000,1197.6,NEXT_DAY,-8.98,-89820.0,910180.0
GOLD,BRMS.JK,5,2.0,3,2026-06-17,6.1,2026-06-18,2026-06-23,670.0,640.0,1000000,1492.54,NEXT_DAY,-4.48,-44776.0,955224.0
GOLD,PSAB.JK,5,2.0,3,2026-01-09,4.08,2026-01-12,2026-01-15,610.0,625.0,1000000,1639.34,NEXT_DAY,2.46,24590.0,1024590.0
GOLD,PSAB.JK,5,2.0,3,2026-02-06,5.03,2026-02-09,2026-02-12,505.0,555.0,1000000,1980.2,NEXT_DAY,9.9,99010.0,1099010.0
GOLD,PSAB.JK,5,2.0,3,2026-02-27,3.38,2026-03-02,2026-03-05,580.0,525.0,1000000,1724.14,NEXT_DAY,-9.48,-94828.0,905172.0
GOLD,PSAB.JK,5,2.0,3,2026-03-30,2.77,2026-03-31,2026-04-06,460.0,525.0,1000000,2173.91,NEXT_DAY,14.13,141304.0,1141304.0
GOLD,PSAB.JK,5,2.0,3,2026-05-06,3.01,2026-05-07,2026-05-12,560.0,520.0,1000000,1785.71,NEXT_DAY,-7.14,-71429.0,928571.0
GOLD,PSAB.JK,5,2.0,3,2026-06-17,6.1,2026-06-18,2026-06-23,448.0,422.0,1000000,2232.14,NEXT_DAY,-5.8,-58036.0,941964.0
GOLD,HRTA.JK,5,2.0,5,2026-01-09,4.08,2026-01-12,2026-01-20,2770.0,2620.0,1000000,361.01,NEXT_DAY,-5.42,-54152.0,945848.0
GOLD,HRTA.JK,5,2.0,5,2026-02-06,5.03,2026-02-09,2026-02-18,2250.0,2600.0,1000000,444.44,NEXT_DAY,15.56,155556.0,1155556.0
GOLD,HRTA.JK,5,2.0,5,2026-02-27,3.38,2026-03-02,2026-03-09,3250.0,2600.0,1000000,307.69,NEXT_DAY,-20.0,-200000.0,800000.0
GOLD,HRTA.JK,5,2.0,5,2026-03-30,2.77,2026-03-31,2026-04-08,2180.0,2570.0,1000000,458.72,NEXT_DAY,17.89,178899.0,1178899.0
GOLD,HRTA.JK,5,2.0,5,2026-05-06,3.01,2026-05-07,2026-05-14,2870.0,2660.0,1000000,348.43,NEXT_DAY,-7.32,-73171.0,926829.0
GOLD,HRTA.JK,5,2.0,5,2026-06-17,6.1,2026-06-18,2026-06-25,2170.0,1910.0,1000000,460.83,NEXT_DAY,-11.98,-119816.0,880184.0
GOLD,MDKA.JK,5,2.0,5,2026-01-09,4.08,2026-01-12,2026-01-20,2890.0,3210.0,1000000,346.02,NEXT_DAY,11.07,110727.0,1110727.0
GOLD,MDKA.JK,5,2.0,5,2026-02-06,5.03,2026-02-09,2026-02-18,3040.0,3290.0,1000000,328.95,NEXT_DAY,8.22,82237.0,1082237.0
GOLD,MDKA.JK,5,2.0,5,2026-02-27,3.38,2026-03-02,2026-03-09,3940.0,3330.0,1000000,253.81,NEXT_DAY,-15.48,-154822.0,845178.0
GOLD,MDKA.JK,5,2.0,5,2026-03-30,2.77,2026-03-31,2026-04-08,3140.0,3300.0,1000000,318.47,NEXT_DAY,5.1,50955.0,1050955.0
GOLD,MDKA.JK,5,2.0,5,2026-05-06,3.01,2026-05-07,2026-05-14,3200.0,2730.0,1000000,312.5,NEXT_DAY,-14.69,-146875.0,853125.0
GOLD,MDKA.JK,5,2.0,5,2026-06-17,6.1,2026-06-18,2026-06-25,2860.0,2900.0,1000000,349.65,NEXT_DAY,1.4,13986.0,1013986.0
GOLD,ANTM.JK,5,2.0,5,2026-01-09,4.08,2026-01-12,2026-01-20,3830.0,4120.0,1000000,261.1,NEXT_DAY,7.57,75718.0,1075718.0
GOLD,ANTM.JK,5,2.0,5,2026-02-06,5.03,2026-02-09,2026-02-18,3890.0,4050.0,1000000,257.07,NEXT_DAY,4.11,41131.0,1041131.0
GOLD,ANTM.JK,5,2.0,5,2026-02-27,3.38,2026-03-02,2026-03-09,4610.0,3820.0,1000000,216.92,NEXT_DAY,-17.14,-171367.0,828633.0
GOLD,ANTM.JK,5,2.0,5,2026-03-30,2.77,2026-03-31,2026-04-08,3500.0,3740.0,1000000,285.71,NEXT_DAY,6.86,68571.0,1068571.0
GOLD,ANTM.JK,5,2.0,5,2026-05-06,3.01,2026-05-07,2026-05-14,3880.0,3500.0,1000000,257.73,NEXT_DAY,-9.79,-97938.0,902062.0
GOLD,ANTM.JK,5,2.0,5,2026-06-17,6.1,2026-06-18,2026-06-25,3170.0,2740.0,1000000,315.46,NEXT_DAY,-13.56,-135647.0,864353.0
GOLD,BRMS.JK,5,2.0,5,2026-01-09,4.08,2026-01-12,2026-01-20,1260.0,1310.0,1000000,793.65,NEXT_DAY,3.97,39683.0,1039683.0
GOLD,BRMS.JK,5,2.0,5,2026-02-06,5.03,2026-02-09,2026-02-18,1010.0,1040.0,1000000,990.1,NEXT_DAY,2.97,29703.0,1029703.0
GOLD,BRMS.JK,5,2.0,5,2026-02-27,3.38,2026-03-02,2026-03-09,1010.0,755.0,1000000,990.1,NEXT_DAY,-25.25,-252475.0,747525.0
GOLD,BRMS.JK,5,2.0,5,2026-03-30,2.77,2026-03-31,2026-04-08,730.0,865.0,1000000,1369.86,NEXT_DAY,18.49,184932.0,1184932.0
GOLD,BRMS.JK,5,2.0,5,2026-05-06,3.01,2026-05-07,2026-05-14,835.0,770.0,1000000,1197.6,NEXT_DAY,-7.78,-77844.0,922156.0
GOLD,BRMS.JK,5,2.0,5,2026-06-17,6.1,2026-06-18,2026-06-25,670.0,545.0,1000000,1492.54,NEXT_DAY,-18.66,-186567.0,813433.0
GOLD,PSAB.JK,5,2.0,5,2026-01-09,4.08,2026-01-12,2026-01-20,610.0,655.0,1000000,1639.34,NEXT_DAY,7.38,73770.0,1073770.0
GOLD,PSAB.JK,5,2.0,5,2026-02-06,5.03,2026-02-09,2026-02-18,505.0,535.0,1000000,1980.2,NEXT_DAY,5.94,59406.0,1059406.0
GOLD,PSAB.JK,5,2.0,5,2026-02-27,3.38,2026-03-02,2026-03-09,580.0,476.0,1000000,1724.14,NEXT_DAY,-17.93,-179310.0,820690.0
GOLD,PSAB.JK,5,2.0,5,2026-03-30,2.77,2026-03-31,2026-04-08,460.0,535.0,1000000,2173.91,NEXT_DAY,16.3,163043.0,1163043.0
GOLD,PSAB.JK,5,2.0,5,2026-05-06,3.01,2026-05-07,2026-05-14,560.0,500.0,1000000,1785.71,NEXT_DAY,-10.71,-107143.0,892857.0
GOLD,PSAB.JK,5,2.0,5,2026-06-17,6.1,2026-06-18,2026-06-25,448.0,422.0,1000000,2232.14,NEXT_DAY,-5.8,-58036.0,941964.0
GOLD,HRTA.JK,5,2.0,10,2026-01-09,4.08,2026-01-12,2026-01-27,2770.0,2410.0,1000000,361.01,NEXT_DAY,-13.0,-129964.0,870036.0
GOLD,HRTA.JK,5,2.0,10,2026-02-06,5.03,2026-02-09,2026-02-25,2250.0,2980.0,1000000,444.44,NEXT_DAY,32.44,324444.0,1324444.0
GOLD,HRTA.JK,5,2.0,10,2026-02-27,3.38,2026-03-02,2026-03-16,3250.0,2600.0,1000000,307.69,NEXT_DAY,-20.0,-200000.0,800000.0
GOLD,HRTA.JK,5,2.0,10,2026-03-30,2.77,2026-03-31,2026-04-15,2180.0,2580.0,1000000,458.72,NEXT_DAY,18.35,183486.0,1183486.0
GOLD,HRTA.JK,5,2.0,10,2026-05-06,3.01,2026-05-07,2026-05-21,2870.0,2130.0,1000000,348.43,NEXT_DAY,-25.78,-257840.0,742160.0
GOLD,HRTA.JK,5,2.0,10,2026-06-17,6.1,2026-06-18,2026-07-02,2170.0,1740.0,1000000,460.83,NEXT_DAY,-19.82,-198157.0,801843.0
GOLD,MDKA.JK,5,2.0,10,2026-01-09,4.08,2026-01-12,2026-01-27,2890.0,3210.0,1000000,346.02,NEXT_DAY,11.07,110727.0,1110727.0
GOLD,MDKA.JK,5,2.0,10,2026-02-06,5.03,2026-02-09,2026-02-25,3040.0,3820.0,1000000,328.95,NEXT_DAY,25.66,256579.0,1256579.0
GOLD,MDKA.JK,5,2.0,10,2026-02-27,3.38,2026-03-02,2026-03-16,3940.0,3060.0,1000000,253.81,NEXT_DAY,-22.34,-223350.0,776650.0
GOLD,MDKA.JK,5,2.0,10,2026-03-30,2.77,2026-03-31,2026-04-15,3140.0,3350.0,1000000,318.47,NEXT_DAY,6.69,66879.0,1066879.0
GOLD,MDKA.JK,5,2.0,10,2026-05-06,3.01,2026-05-07,2026-05-21,3200.0,2180.0,1000000,312.5,NEXT_DAY,-31.87,-318750.0,681250.0
GOLD,MDKA.JK,5,2.0,10,2026-06-17,6.1,2026-06-18,2026-07-02,2860.0,2540.0,1000000,349.65,NEXT_DAY,-11.19,-111888.0,888112.0
GOLD,ANTM.JK,5,2.0,10,2026-01-09,4.08,2026-01-12,2026-01-27,3830.0,4610.0,1000000,261.1,NEXT_DAY,20.37,203655.0,1203655.0
GOLD,ANTM.JK,5,2.0,10,2026-02-06,5.03,2026-02-09,2026-02-25,3890.0,4460.0,1000000,257.07,NEXT_DAY,14.65,146530.0,1146530.0
GOLD,ANTM.JK,5,2.0,10,2026-02-27,3.38,2026-03-02,2026-03-16,4610.0,3640.0,1000000,216.92,NEXT_DAY,-21.04,-210412.0,789588.0
GOLD,ANTM.JK,5,2.0,10,2026-03-30,2.77,2026-03-31,2026-04-15,3500.0,3940.0,1000000,285.71,NEXT_DAY,12.57,125714.0,1125714.0
GOLD,ANTM.JK,5,2.0,10,2026-05-06,3.01,2026-05-07,2026-05-21,3880.0,2970.0,1000000,257.73,NEXT_DAY,-23.45,-234536.0,765464.0
GOLD,ANTM.JK,5,2.0,10,2026-06-17,6.1,2026-06-18,2026-07-02,3170.0,2760.0,1000000,315.46,NEXT_DAY,-12.93,-129338.0,870662.0
GOLD,BRMS.JK,5,2.0,10,2026-01-09,4.08,2026-01-12,2026-01-27,1260.0,1295.0,1000000,793.65,NEXT_DAY,2.78,27778.0,1027778.0
GOLD,BRMS.JK,5,2.0,10,2026-02-06,5.03,2026-02-09,2026-02-25,1010.0,980.0,1000000,990.1,NEXT_DAY,-2.97,-29703.0,970297.0
GOLD,BRMS.JK,5,2.0,10,2026-02-27,3.38,2026-03-02,2026-03-16,1010.0,675.0,1000000,990.1,NEXT_DAY,-33.17,-331683.0,668317.0
GOLD,BRMS.JK,5,2.0,10,2026-03-30,2.77,2026-03-31,2026-04-15,730.0,855.0,1000000,1369.86,NEXT_DAY,17.12,171233.0,1171233.0
GOLD,BRMS.JK,5,2.0,10,2026-05-06,3.01,2026-05-07,2026-05-21,835.0,565.0,1000000,1197.6,NEXT_DAY,-32.34,-323353.0,676647.0
GOLD,BRMS.JK,5,2.0,10,2026-06-17,6.1,2026-06-18,2026-07-02,670.0,484.0,1000000,1492.54,NEXT_DAY,-27.76,-277612.0,722388.0
GOLD,PSAB.JK,5,2.0,10,2026-01-09,4.08,2026-01-12,2026-01-27,610.0,625.0,1000000,1639.34,NEXT_DAY,2.46,24590.0,1024590.0
GOLD,PSAB.JK,5,2.0,10,2026-02-06,5.03,2026-02-09,2026-02-25,505.0,570.0,1000000,1980.2,NEXT_DAY,12.87,128713.0,1128713.0
GOLD,PSAB.JK,5,2.0,10,2026-02-27,3.38,2026-03-02,2026-03-16,580.0,555.0,1000000,1724.14,NEXT_DAY,-4.31,-43103.0,956897.0
GOLD,PSAB.JK,5,2.0,10,2026-03-30,2.77,2026-03-31,2026-04-15,460.0,525.0,1000000,2173.91,NEXT_DAY,14.13,141304.0,1141304.0
GOLD,PSAB.JK,5,2.0,10,2026-05-06,3.01,2026-05-07,2026-05-21,560.0,372.0,1000000,1785.71,NEXT_DAY,-33.57,-335714.0,664286.0
GOLD,PSAB.JK,5,2.0,10,2026-06-17,6.1,2026-06-18,2026-07-02,448.0,392.0,1000000,2232.14,NEXT_DAY,-12.5,-125000.0,875000.0
GOLD,HRTA.JK,5,2.5,1,2026-01-09,4.08,2026-01-12,2026-01-13,2770.0,2580.0,1000000,361.01,NEXT_DAY,-6.86,-68592.0,931408.0
GOLD,HRTA.JK,5,2.5,1,2026-02-06,5.03,2026-02-09,2026-02-10,2250.0,2500.0,1000000,444.44,NEXT_DAY,11.11,111111.0,1111111.0
GOLD,HRTA.JK,5,2.5,1,2026-02-27,3.38,2026-03-02,2026-03-03,3250.0,3090.0,1000000,307.69,NEXT_DAY,-4.92,-49231.0,950769.0
GOLD,HRTA.JK,5,2.5,1,2026-03-30,2.77,2026-03-31,2026-04-01,2180.0,2540.0,1000000,458.72,NEXT_DAY,16.51,165138.0,1165138.0
GOLD,HRTA.JK,5,2.5,1,2026-05-06,3.01,2026-05-07,2026-05-08,2870.0,2700.0,1000000,348.43,NEXT_DAY,-5.92,-59233.0,940767.0
GOLD,HRTA.JK,5,2.5,1,2026-06-17,6.1,2026-06-18,2026-06-19,2170.0,2120.0,1000000,460.83,NEXT_DAY,-2.3,-23041.0,976959.0
GOLD,MDKA.JK,5,2.5,1,2026-01-09,4.08,2026-01-12,2026-01-13,2890.0,3120.0,1000000,346.02,NEXT_DAY,7.96,79585.0,1079585.0
GOLD,MDKA.JK,5,2.5,1,2026-02-06,5.03,2026-02-09,2026-02-10,3040.0,3090.0,1000000,328.95,NEXT_DAY,1.64,16447.0,1016447.0
GOLD,MDKA.JK,5,2.5,1,2026-02-27,3.38,2026-03-02,2026-03-03,3940.0,3660.0,1000000,253.81,NEXT_DAY,-7.11,-71066.0,928934.0
GOLD,MDKA.JK,5,2.5,1,2026-03-30,2.77,2026-03-31,2026-04-01,3140.0,3340.0,1000000,318.47,NEXT_DAY,6.37,63694.0,1063694.0
GOLD,MDKA.JK,5,2.5,1,2026-05-06,3.01,2026-05-07,2026-05-08,3200.0,2780.0,1000000,312.5,NEXT_DAY,-13.12,-131250.0,868750.0
GOLD,MDKA.JK,5,2.5,1,2026-06-17,6.1,2026-06-18,2026-06-19,2860.0,2930.0,1000000,349.65,NEXT_DAY,2.45,24476.0,1024476.0
GOLD,ANTM.JK,5,2.5,1,2026-01-09,4.08,2026-01-12,2026-01-13,3830.0,3880.0,1000000,261.1,NEXT_DAY,1.31,13055.0,1013055.0
GOLD,ANTM.JK,5,2.5,1,2026-02-06,5.03,2026-02-09,2026-02-10,3890.0,3890.0,1000000,257.07,NEXT_DAY,0.0,0.0,1000000.0
GOLD,ANTM.JK,5,2.5,1,2026-02-27,3.38,2026-03-02,2026-03-03,4610.0,4410.0,1000000,216.92,NEXT_DAY,-4.34,-43384.0,956616.0
GOLD,ANTM.JK,5,2.5,1,2026-03-30,2.77,2026-03-31,2026-04-01,3500.0,3710.0,1000000,285.71,NEXT_DAY,6.0,60000.0,1060000.0
GOLD,ANTM.JK,5,2.5,1,2026-05-06,3.01,2026-05-07,2026-05-08,3880.0,3630.0,1000000,257.73,NEXT_DAY,-6.44,-64433.0,935567.0
GOLD,ANTM.JK,5,2.5,1,2026-06-17,6.1,2026-06-18,2026-06-19,3170.0,3080.0,1000000,315.46,NEXT_DAY,-2.84,-28391.0,971609.0
GOLD,BRMS.JK,5,2.5,1,2026-01-09,4.08,2026-01-12,2026-01-13,1260.0,1195.0,1000000,793.65,NEXT_DAY,-5.16,-51587.0,948413.0
GOLD,BRMS.JK,5,2.5,1,2026-02-06,5.03,2026-02-09,2026-02-10,1010.0,1045.0,1000000,990.1,NEXT_DAY,3.47,34653.0,1034653.0
GOLD,BRMS.JK,5,2.5,1,2026-02-27,3.38,2026-03-02,2026-03-03,1010.0,980.0,1000000,990.1,NEXT_DAY,-2.97,-29703.0,970297.0
GOLD,BRMS.JK,5,2.5,1,2026-03-30,2.77,2026-03-31,2026-04-01,730.0,780.0,1000000,1369.86,NEXT_DAY,6.85,68493.0,1068493.0
GOLD,BRMS.JK,5,2.5,1,2026-05-06,3.01,2026-05-07,2026-05-08,835.0,750.0,1000000,1197.6,NEXT_DAY,-10.18,-101796.0,898204.0
GOLD,BRMS.JK,5,2.5,1,2026-06-17,6.1,2026-06-18,2026-06-19,670.0,660.0,1000000,1492.54,NEXT_DAY,-1.49,-14925.0,985075.0
GOLD,PSAB.JK,5,2.5,1,2026-01-09,4.08,2026-01-12,2026-01-13,610.0,590.0,1000000,1639.34,NEXT_DAY,-3.28,-32787.0,967213.0
GOLD,PSAB.JK,5,2.5,1,2026-02-06,5.03,2026-02-09,2026-02-10,505.0,515.0,1000000,1980.2,NEXT_DAY,1.98,19802.0,1019802.0
GOLD,PSAB.JK,5,2.5,1,2026-02-27,3.38,2026-03-02,2026-03-03,580.0,570.0,1000000,1724.14,NEXT_DAY,-1.72,-17241.0,982759.0
GOLD,PSAB.JK,5,2.5,1,2026-03-30,2.77,2026-03-31,2026-04-01,460.0,525.0,1000000,2173.91,NEXT_DAY,14.13,141304.0,1141304.0
GOLD,PSAB.JK,5,2.5,1,2026-05-06,3.01,2026-05-07,2026-05-08,560.0,510.0,1000000,1785.71,NEXT_DAY,-8.93,-89286.0,910714.0
GOLD,PSAB.JK,5,2.5,1,2026-06-17,6.1,2026-06-18,2026-06-19,448.0,440.0,1000000,2232.14,NEXT_DAY,-1.79,-17857.0,982143.0
GOLD,HRTA.JK,5,2.5,2,2026-01-09,4.08,2026-01-12,2026-01-14,2770.0,2600.0,1000000,361.01,NEXT_DAY,-6.14,-61372.0,938628.0
GOLD,HRTA.JK,5,2.5,2,2026-02-06,5.03,2026-02-09,2026-02-11,2250.0,2530.0,1000000,444.44,NEXT_DAY,12.44,124444.0,1124444.0
GOLD,HRTA.JK,5,2.5,2,2026-02-27,3.38,2026-03-02,2026-03-04,3250.0,3000.0,1000000,307.69,NEXT_DAY,-7.69,-76923.0,923077.0
GOLD,HRTA.JK,5,2.5,2,2026-03-30,2.77,2026-03-31,2026-04-02,2180.0,2340.0,1000000,458.72,NEXT_DAY,7.34,73394.0,1073394.0
GOLD,HRTA.JK,5,2.5,2,2026-05-06,3.01,2026-05-07,2026-05-11,2870.0,2670.0,1000000,348.43,NEXT_DAY,-6.97,-69686.0,930314.0
GOLD,HRTA.JK,5,2.5,2,2026-06-17,6.1,2026-06-18,2026-06-22,2170.0,2100.0,1000000,460.83,NEXT_DAY,-3.23,-32258.0,967742.0
GOLD,MDKA.JK,5,2.5,2,2026-01-09,4.08,2026-01-12,2026-01-14,2890.0,3060.0,1000000,346.02,NEXT_DAY,5.88,58824.0,1058824.0
GOLD,MDKA.JK,5,2.5,2,2026-02-06,5.03,2026-02-09,2026-02-11,3040.0,3160.0,1000000,328.95,NEXT_DAY,3.95,39474.0,1039474.0
GOLD,MDKA.JK,5,2.5,2,2026-02-27,3.38,2026-03-02,2026-03-04,3940.0,3430.0,1000000,253.81,NEXT_DAY,-12.94,-129442.0,870558.0
GOLD,MDKA.JK,5,2.5,2,2026-03-30,2.77,2026-03-31,2026-04-02,3140.0,3260.0,1000000,318.47,NEXT_DAY,3.82,38217.0,1038217.0
GOLD,MDKA.JK,5,2.5,2,2026-05-06,3.01,2026-05-07,2026-05-11,3200.0,2870.0,1000000,312.5,NEXT_DAY,-10.31,-103125.0,896875.0
GOLD,MDKA.JK,5,2.5,2,2026-06-17,6.1,2026-06-18,2026-06-22,2860.0,2940.0,1000000,349.65,NEXT_DAY,2.8,27972.0,1027972.0
GOLD,ANTM.JK,5,2.5,2,2026-01-09,4.08,2026-01-12,2026-01-14,3830.0,4090.0,1000000,261.1,NEXT_DAY,6.79,67885.0,1067885.0
GOLD,ANTM.JK,5,2.5,2,2026-02-06,5.03,2026-02-09,2026-02-11,3890.0,3990.0,1000000,257.07,NEXT_DAY,2.57,25707.0,1025707.0
GOLD,ANTM.JK,5,2.5,2,2026-02-27,3.38,2026-03-02,2026-03-04,4610.0,4050.0,1000000,216.92,NEXT_DAY,-12.15,-121475.0,878525.0
GOLD,ANTM.JK,5,2.5,2,2026-03-30,2.77,2026-03-31,2026-04-02,3500.0,3640.0,1000000,285.71,NEXT_DAY,4.0,40000.0,1040000.0
GOLD,ANTM.JK,5,2.5,2,2026-05-06,3.01,2026-05-07,2026-05-11,3880.0,3700.0,1000000,257.73,NEXT_DAY,-4.64,-46392.0,953608.0
GOLD,ANTM.JK,5,2.5,2,2026-06-17,6.1,2026-06-18,2026-06-22,3170.0,2960.0,1000000,315.46,NEXT_DAY,-6.62,-66246.0,933754.0
GOLD,BRMS.JK,5,2.5,2,2026-01-09,4.08,2026-01-12,2026-01-14,1260.0,1250.0,1000000,793.65,NEXT_DAY,-0.79,-7937.0,992063.0
GOLD,BRMS.JK,5,2.5,2,2026-02-06,5.03,2026-02-09,2026-02-11,1010.0,1085.0,1000000,990.1,NEXT_DAY,7.43,74257.0,1074257.0
GOLD,BRMS.JK,5,2.5,2,2026-02-27,3.38,2026-03-02,2026-03-04,1010.0,850.0,1000000,990.1,NEXT_DAY,-15.84,-158416.0,841584.0
GOLD,BRMS.JK,5,2.5,2,2026-03-30,2.77,2026-03-31,2026-04-02,730.0,735.0,1000000,1369.86,NEXT_DAY,0.68,6849.0,1006849.0
GOLD,BRMS.JK,5,2.5,2,2026-05-06,3.01,2026-05-07,2026-05-11,835.0,750.0,1000000,1197.6,NEXT_DAY,-10.18,-101796.0,898204.0
GOLD,BRMS.JK,5,2.5,2,2026-06-17,6.1,2026-06-18,2026-06-22,670.0,635.0,1000000,1492.54,NEXT_DAY,-5.22,-52239.0,947761.0
GOLD,PSAB.JK,5,2.5,2,2026-01-09,4.08,2026-01-12,2026-01-14,610.0,640.0,1000000,1639.34,NEXT_DAY,4.92,49180.0,1049180.0
GOLD,PSAB.JK,5,2.5,2,2026-02-06,5.03,2026-02-09,2026-02-11,505.0,540.0,1000000,1980.2,NEXT_DAY,6.93,69307.0,1069307.0
GOLD,PSAB.JK,5,2.5,2,2026-02-27,3.38,2026-03-02,2026-03-04,580.0,530.0,1000000,1724.14,NEXT_DAY,-8.62,-86207.0,913793.0
GOLD,PSAB.JK,5,2.5,2,2026-03-30,2.77,2026-03-31,2026-04-02,460.0,510.0,1000000,2173.91,NEXT_DAY,10.87,108696.0,1108696.0
GOLD,PSAB.JK,5,2.5,2,2026-05-06,3.01,2026-05-07,2026-05-11,560.0,510.0,1000000,1785.71,NEXT_DAY,-8.93,-89286.0,910714.0
GOLD,PSAB.JK,5,2.5,2,2026-06-17,6.1,2026-06-18,2026-06-22,448.0,426.0,1000000,2232.14,NEXT_DAY,-4.91,-49107.0,950893.0
GOLD,HRTA.JK,5,2.5,3,2026-01-09,4.08,2026-01-12,2026-01-15,2770.0,2520.0,1000000,361.01,NEXT_DAY,-9.03,-90253.0,909747.0
GOLD,HRTA.JK,5,2.5,3,2026-02-06,5.03,2026-02-09,2026-02-12,2250.0,2650.0,1000000,444.44,NEXT_DAY,17.78,177778.0,1177778.0
GOLD,HRTA.JK,5,2.5,3,2026-02-27,3.38,2026-03-02,2026-03-05,3250.0,2950.0,1000000,307.69,NEXT_DAY,-9.23,-92308.0,907692.0
GOLD,HRTA.JK,5,2.5,3,2026-03-30,2.77,2026-03-31,2026-04-06,2180.0,2430.0,1000000,458.72,NEXT_DAY,11.47,114679.0,1114679.0
GOLD,HRTA.JK,5,2.5,3,2026-05-06,3.01,2026-05-07,2026-05-12,2870.0,2670.0,1000000,348.43,NEXT_DAY,-6.97,-69686.0,930314.0
GOLD,HRTA.JK,5,2.5,3,2026-06-17,6.1,2026-06-18,2026-06-23,2170.0,2050.0,1000000,460.83,NEXT_DAY,-5.53,-55300.0,944700.0
GOLD,MDKA.JK,5,2.5,3,2026-01-09,4.08,2026-01-12,2026-01-15,2890.0,2990.0,1000000,346.02,NEXT_DAY,3.46,34602.0,1034602.0
GOLD,MDKA.JK,5,2.5,3,2026-02-06,5.03,2026-02-09,2026-02-12,3040.0,3190.0,1000000,328.95,NEXT_DAY,4.93,49342.0,1049342.0
GOLD,MDKA.JK,5,2.5,3,2026-02-27,3.38,2026-03-02,2026-03-05,3940.0,3620.0,1000000,253.81,NEXT_DAY,-8.12,-81218.0,918782.0
GOLD,MDKA.JK,5,2.5,3,2026-03-30,2.77,2026-03-31,2026-04-06,3140.0,3250.0,1000000,318.47,NEXT_DAY,3.5,35032.0,1035032.0
GOLD,MDKA.JK,5,2.5,3,2026-05-06,3.01,2026-05-07,2026-05-12,3200.0,2870.0,1000000,312.5,NEXT_DAY,-10.31,-103125.0,896875.0
GOLD,MDKA.JK,5,2.5,3,2026-06-17,6.1,2026-06-18,2026-06-23,2860.0,2840.0,1000000,349.65,NEXT_DAY,-0.7,-6993.0,993007.0
GOLD,ANTM.JK,5,2.5,3,2026-01-09,4.08,2026-01-12,2026-01-15,3830.0,4050.0,1000000,261.1,NEXT_DAY,5.74,57441.0,1057441.0
GOLD,ANTM.JK,5,2.5,3,2026-02-06,5.03,2026-02-09,2026-02-12,3890.0,4120.0,1000000,257.07,NEXT_DAY,5.91,59126.0,1059126.0
GOLD,ANTM.JK,5,2.5,3,2026-02-27,3.38,2026-03-02,2026-03-05,4610.0,4130.0,1000000,216.92,NEXT_DAY,-10.41,-104121.0,895879.0
GOLD,ANTM.JK,5,2.5,3,2026-03-30,2.77,2026-03-31,2026-04-06,3500.0,3650.0,1000000,285.71,NEXT_DAY,4.29,42857.0,1042857.0
GOLD,ANTM.JK,5,2.5,3,2026-05-06,3.01,2026-05-07,2026-05-12,3880.0,3570.0,1000000,257.73,NEXT_DAY,-7.99,-79897.0,920103.0
GOLD,ANTM.JK,5,2.5,3,2026-06-17,6.1,2026-06-18,2026-06-23,3170.0,2870.0,1000000,315.46,NEXT_DAY,-9.46,-94637.0,905363.0
GOLD,BRMS.JK,5,2.5,3,2026-01-09,4.08,2026-01-12,2026-01-15,1260.0,1225.0,1000000,793.65,NEXT_DAY,-2.78,-27778.0,972222.0
GOLD,BRMS.JK,5,2.5,3,2026-02-06,5.03,2026-02-09,2026-02-12,1010.0,1070.0,1000000,990.1,NEXT_DAY,5.94,59406.0,1059406.0
GOLD,BRMS.JK,5,2.5,3,2026-02-27,3.38,2026-03-02,2026-03-05,1010.0,855.0,1000000,990.1,NEXT_DAY,-15.35,-153465.0,846535.0
GOLD,BRMS.JK,5,2.5,3,2026-03-30,2.77,2026-03-31,2026-04-06,730.0,760.0,1000000,1369.86,NEXT_DAY,4.11,41096.0,1041096.0
GOLD,BRMS.JK,5,2.5,3,2026-05-06,3.01,2026-05-07,2026-05-12,835.0,760.0,1000000,1197.6,NEXT_DAY,-8.98,-89820.0,910180.0
GOLD,BRMS.JK,5,2.5,3,2026-06-17,6.1,2026-06-18,2026-06-23,670.0,640.0,1000000,1492.54,NEXT_DAY,-4.48,-44776.0,955224.0
GOLD,PSAB.JK,5,2.5,3,2026-01-09,4.08,2026-01-12,2026-01-15,610.0,625.0,1000000,1639.34,NEXT_DAY,2.46,24590.0,1024590.0
GOLD,PSAB.JK,5,2.5,3,2026-02-06,5.03,2026-02-09,2026-02-12,505.0,555.0,1000000,1980.2,NEXT_DAY,9.9,99010.0,1099010.0
GOLD,PSAB.JK,5,2.5,3,2026-02-27,3.38,2026-03-02,2026-03-05,580.0,525.0,1000000,1724.14,NEXT_DAY,-9.48,-94828.0,905172.0
GOLD,PSAB.JK,5,2.5,3,2026-03-30,2.77,2026-03-31,2026-04-06,460.0,525.0,1000000,2173.91,NEXT_DAY,14.13,141304.0,1141304.0
GOLD,PSAB.JK,5,2.5,3,2026-05-06,3.01,2026-05-07,2026-05-12,560.0,520.0,1000000,1785.71,NEXT_DAY,-7.14,-71429.0,928571.0
GOLD,PSAB.JK,5,2.5,3,2026-06-17,6.1,2026-06-18,2026-06-23,448.0,422.0,1000000,2232.14,NEXT_DAY,-5.8,-58036.0,941964.0
GOLD,HRTA.JK,5,2.5,5,2026-01-09,4.08,2026-01-12,2026-01-20,2770.0,2620.0,1000000,361.01,NEXT_DAY,-5.42,-54152.0,945848.0
GOLD,HRTA.JK,5,2.5,5,2026-02-06,5.03,2026-02-09,2026-02-18,2250.0,2600.0,1000000,444.44,NEXT_DAY,15.56,155556.0,1155556.0
GOLD,HRTA.JK,5,2.5,5,2026-02-27,3.38,2026-03-02,2026-03-09,3250.0,2600.0,1000000,307.69,NEXT_DAY,-20.0,-200000.0,800000.0
GOLD,HRTA.JK,5,2.5,5,2026-03-30,2.77,2026-03-31,2026-04-08,2180.0,2570.0,1000000,458.72,NEXT_DAY,17.89,178899.0,1178899.0
GOLD,HRTA.JK,5,2.5,5,2026-05-06,3.01,2026-05-07,2026-05-14,2870.0,2660.0,1000000,348.43,NEXT_DAY,-7.32,-73171.0,926829.0
GOLD,HRTA.JK,5,2.5,5,2026-06-17,6.1,2026-06-18,2026-06-25,2170.0,1910.0,1000000,460.83,NEXT_DAY,-11.98,-119816.0,880184.0
GOLD,MDKA.JK,5,2.5,5,2026-01-09,4.08,2026-01-12,2026-01-20,2890.0,3210.0,1000000,346.02,NEXT_DAY,11.07,110727.0,1110727.0
GOLD,MDKA.JK,5,2.5,5,2026-02-06,5.03,2026-02-09,2026-02-18,3040.0,3290.0,1000000,328.95,NEXT_DAY,8.22,82237.0,1082237.0
GOLD,MDKA.JK,5,2.5,5,2026-02-27,3.38,2026-03-02,2026-03-09,3940.0,3330.0,1000000,253.81,NEXT_DAY,-15.48,-154822.0,845178.0
GOLD,MDKA.JK,5,2.5,5,2026-03-30,2.77,2026-03-31,2026-04-08,3140.0,3300.0,1000000,318.47,NEXT_DAY,5.1,50955.0,1050955.0
GOLD,MDKA.JK,5,2.5,5,2026-05-06,3.01,2026-05-07,2026-05-14,3200.0,2730.0,1000000,312.5,NEXT_DAY,-14.69,-146875.0,853125.0
GOLD,MDKA.JK,5,2.5,5,2026-06-17,6.1,2026-06-18,2026-06-25,2860.0,2900.0,1000000,349.65,NEXT_DAY,1.4,13986.0,1013986.0
GOLD,ANTM.JK,5,2.5,5,2026-01-09,4.08,2026-01-12,2026-01-20,3830.0,4120.0,1000000,261.1,NEXT_DAY,7.57,75718.0,1075718.0
GOLD,ANTM.JK,5,2.5,5,2026-02-06,5.03,2026-02-09,2026-02-18,3890.0,4050.0,1000000,257.07,NEXT_DAY,4.11,41131.0,1041131.0
GOLD,ANTM.JK,5,2.5,5,2026-02-27,3.38,2026-03-02,2026-03-09,4610.0,3820.0,1000000,216.92,NEXT_DAY,-17.14,-171367.0,828633.0
GOLD,ANTM.JK,5,2.5,5,2026-03-30,2.77,2026-03-31,2026-04-08,3500.0,3740.0,1000000,285.71,NEXT_DAY,6.86,68571.0,1068571.0
GOLD,ANTM.JK,5,2.5,5,2026-05-06,3.01,2026-05-07,2026-05-14,3880.0,3500.0,1000000,257.73,NEXT_DAY,-9.79,-97938.0,902062.0
GOLD,ANTM.JK,5,2.5,5,2026-06-17,6.1,2026-06-18,2026-06-25,3170.0,2740.0,1000000,315.46,NEXT_DAY,-13.56,-135647.0,864353.0
GOLD,BRMS.JK,5,2.5,5,2026-01-09,4.08,2026-01-12,2026-01-20,1260.0,1310.0,1000000,793.65,NEXT_DAY,3.97,39683.0,1039683.0
GOLD,BRMS.JK,5,2.5,5,2026-02-06,5.03,2026-02-09,2026-02-18,1010.0,1040.0,1000000,990.1,NEXT_DAY,2.97,29703.0,1029703.0
GOLD,BRMS.JK,5,2.5,5,2026-02-27,3.38,2026-03-02,2026-03-09,1010.0,755.0,1000000,990.1,NEXT_DAY,-25.25,-252475.0,747525.0
GOLD,BRMS.JK,5,2.5,5,2026-03-30,2.77,2026-03-31,2026-04-08,730.0,865.0,1000000,1369.86,NEXT_DAY,18.49,184932.0,1184932.0
GOLD,BRMS.JK,5,2.5,5,2026-05-06,3.01,2026-05-07,2026-05-14,835.0,770.0,1000000,1197.6,NEXT_DAY,-7.78,-77844.0,922156.0
GOLD,BRMS.JK,5,2.5,5,2026-06-17,6.1,2026-06-18,2026-06-25,670.0,545.0,1000000,1492.54,NEXT_DAY,-18.66,-186567.0,813433.0
GOLD,PSAB.JK,5,2.5,5,2026-01-09,4.08,2026-01-12,2026-01-20,610.0,655.0,1000000,1639.34,NEXT_DAY,7.38,73770.0,1073770.0
GOLD,PSAB.JK,5,2.5,5,2026-02-06,5.03,2026-02-09,2026-02-18,505.0,535.0,1000000,1980.2,NEXT_DAY,5.94,59406.0,1059406.0
GOLD,PSAB.JK,5,2.5,5,2026-02-27,3.38,2026-03-02,2026-03-09,580.0,476.0,1000000,1724.14,NEXT_DAY,-17.93,-179310.0,820690.0
GOLD,PSAB.JK,5,2.5,5,2026-03-30,2.77,2026-03-31,2026-04-08,460.0,535.0,1000000,2173.91,NEXT_DAY,16.3,163043.0,1163043.0
GOLD,PSAB.JK,5,2.5,5,2026-05-06,3.01,2026-05-07,2026-05-14,560.0,500.0,1000000,1785.71,NEXT_DAY,-10.71,-107143.0,892857.0
GOLD,PSAB.JK,5,2.5,5,2026-06-17,6.1,2026-06-18,2026-06-25,448.0,422.0,1000000,2232.14,NEXT_DAY,-5.8,-58036.0,941964.0
GOLD,HRTA.JK,5,2.5,10,2026-01-09,4.08,2026-01-12,2026-01-27,2770.0,2410.0,1000000,361.01,NEXT_DAY,-13.0,-129964.0,870036.0
GOLD,HRTA.JK,5,2.5,10,2026-02-06,5.03,2026-02-09,2026-02-25,2250.0,2980.0,1000000,444.44,NEXT_DAY,32.44,324444.0,1324444.0
GOLD,HRTA.JK,5,2.5,10,2026-02-27,3.38,2026-03-02,2026-03-16,3250.0,2600.0,1000000,307.69,NEXT_DAY,-20.0,-200000.0,800000.0
GOLD,HRTA.JK,5,2.5,10,2026-03-30,2.77,2026-03-31,2026-04-15,2180.0,2580.0,1000000,458.72,NEXT_DAY,18.35,183486.0,1183486.0
GOLD,HRTA.JK,5,2.5,10,2026-05-06,3.01,2026-05-07,2026-05-21,2870.0,2130.0,1000000,348.43,NEXT_DAY,-25.78,-257840.0,742160.0
GOLD,HRTA.JK,5,2.5,10,2026-06-17,6.1,2026-06-18,2026-07-02,2170.0,1740.0,1000000,460.83,NEXT_DAY,-19.82,-198157.0,801843.0
GOLD,MDKA.JK,5,2.5,10,2026-01-09,4.08,2026-01-12,2026-01-27,2890.0,3210.0,1000000,346.02,NEXT_DAY,11.07,110727.0,1110727.0
GOLD,MDKA.JK,5,2.5,10,2026-02-06,5.03,2026-02-09,2026-02-25,3040.0,3820.0,1000000,328.95,NEXT_DAY,25.66,256579.0,1256579.0
GOLD,MDKA.JK,5,2.5,10,2026-02-27,3.38,2026-03-02,2026-03-16,3940.0,3060.0,1000000,253.81,NEXT_DAY,-22.34,-223350.0,776650.0
GOLD,MDKA.JK,5,2.5,10,2026-03-30,2.77,2026-03-31,2026-04-15,3140.0,3350.0,1000000,318.47,NEXT_DAY,6.69,66879.0,1066879.0
GOLD,MDKA.JK,5,2.5,10,2026-05-06,3.01,2026-05-07,2026-05-21,3200.0,2180.0,1000000,312.5,NEXT_DAY,-31.87,-318750.0,681250.0
GOLD,MDKA.JK,5,2.5,10,2026-06-17,6.1,2026-06-18,2026-07-02,2860.0,2540.0,1000000,349.65,NEXT_DAY,-11.19,-111888.0,888112.0
GOLD,ANTM.JK,5,2.5,10,2026-01-09,4.08,2026-01-12,2026-01-27,3830.0,4610.0,1000000,261.1,NEXT_DAY,20.37,203655.0,1203655.0
GOLD,ANTM.JK,5,2.5,10,2026-02-06,5.03,2026-02-09,2026-02-25,3890.0,4460.0,1000000,257.07,NEXT_DAY,14.65,146530.0,1146530.0
GOLD,ANTM.JK,5,2.5,10,2026-02-27,3.38,2026-03-02,2026-03-16,4610.0,3640.0,1000000,216.92,NEXT_DAY,-21.04,-210412.0,789588.0
GOLD,ANTM.JK,5,2.5,10,2026-03-30,2.77,2026-03-31,2026-04-15,3500.0,3940.0,1000000,285.71,NEXT_DAY,12.57,125714.0,1125714.0
GOLD,ANTM.JK,5,2.5,10,2026-05-06,3.01,2026-05-07,2026-05-21,3880.0,2970.0,1000000,257.73,NEXT_DAY,-23.45,-234536.0,765464.0
GOLD,ANTM.JK,5,2.5,10,2026-06-17,6.1,2026-06-18,2026-07-02,3170.0,2760.0,1000000,315.46,NEXT_DAY,-12.93,-129338.0,870662.0
GOLD,BRMS.JK,5,2.5,10,2026-01-09,4.08,2026-01-12,2026-01-27,1260.0,1295.0,1000000,793.65,NEXT_DAY,2.78,27778.0,1027778.0
GOLD,BRMS.JK,5,2.5,10,2026-02-06,5.03,2026-02-09,2026-02-25,1010.0,980.0,1000000,990.1,NEXT_DAY,-2.97,-29703.0,970297.0
GOLD,BRMS.JK,5,2.5,10,2026-02-27,3.38,2026-03-02,2026-03-16,1010.0,675.0,1000000,990.1,NEXT_DAY,-33.17,-331683.0,668317.0
GOLD,BRMS.JK,5,2.5,10,2026-03-30,2.77,2026-03-31,2026-04-15,730.0,855.0,1000000,1369.86,NEXT_DAY,17.12,171233.0,1171233.0
GOLD,BRMS.JK,5,2.5,10,2026-05-06,3.01,2026-05-07,2026-05-21,835.0,565.0,1000000,1197.6,NEXT_DAY,-32.34,-323353.0,676647.0
GOLD,BRMS.JK,5,2.5,10,2026-06-17,6.1,2026-06-18,2026-07-02,670.0,484.0,1000000,1492.54,NEXT_DAY,-27.76,-277612.0,722388.0
GOLD,PSAB.JK,5,2.5,10,2026-01-09,4.08,2026-01-12,2026-01-27,610.0,625.0,1000000,1639.34,NEXT_DAY,2.46,24590.0,1024590.0
GOLD,PSAB.JK,5,2.5,10,2026-02-06,5.03,2026-02-09,2026-02-25,505.0,570.0,1000000,1980.2,NEXT_DAY,12.87,128713.0,1128713.0
GOLD,PSAB.JK,5,2.5,10,2026-02-27,3.38,2026-03-02,2026-03-16,580.0,555.0,1000000,1724.14,NEXT_DAY,-4.31,-43103.0,956897.0
GOLD,PSAB.JK,5,2.5,10,2026-03-30,2.77,2026-03-31,2026-04-15,460.0,525.0,1000000,2173.91,NEXT_DAY,14.13,141304.0,1141304.0
GOLD,PSAB.JK,5,2.5,10,2026-05-06,3.01,2026-05-07,2026-05-21,560.0,372.0,1000000,1785.71,NEXT_DAY,-33.57,-335714.0,664286.0
GOLD,PSAB.JK,5,2.5,10,2026-06-17,6.1,2026-06-18,2026-07-02,448.0,392.0,1000000,2232.14,NEXT_DAY,-12.5,-125000.0,875000.0
GOLD,HRTA.JK,5,3.0,1,2026-01-09,4.08,2026-01-12,2026-01-13,2770.0,2580.0,1000000,361.01,NEXT_DAY,-6.86,-68592.0,931408.0
GOLD,HRTA.JK,5,3.0,1,2026-02-06,5.03,2026-02-09,2026-02-10,2250.0,2500.0,1000000,444.44,NEXT_DAY,11.11,111111.0,1111111.0
GOLD,HRTA.JK,5,3.0,1,2026-02-27,3.38,2026-03-02,2026-03-03,3250.0,3090.0,1000000,307.69,NEXT_DAY,-4.92,-49231.0,950769.0
GOLD,HRTA.JK,5,3.0,1,2026-03-31,5.64,2026-04-01,2026-04-02,2540.0,2340.0,1000000,393.7,NEXT_DAY,-7.87,-78740.0,921260.0
GOLD,HRTA.JK,5,3.0,1,2026-05-06,3.01,2026-05-07,2026-05-08,2870.0,2700.0,1000000,348.43,NEXT_DAY,-5.92,-59233.0,940767.0
GOLD,HRTA.JK,5,3.0,1,2026-06-17,6.1,2026-06-18,2026-06-19,2170.0,2120.0,1000000,460.83,NEXT_DAY,-2.3,-23041.0,976959.0
GOLD,MDKA.JK,5,3.0,1,2026-01-09,4.08,2026-01-12,2026-01-13,2890.0,3120.0,1000000,346.02,NEXT_DAY,7.96,79585.0,1079585.0
GOLD,MDKA.JK,5,3.0,1,2026-02-06,5.03,2026-02-09,2026-02-10,3040.0,3090.0,1000000,328.95,NEXT_DAY,1.64,16447.0,1016447.0
GOLD,MDKA.JK,5,3.0,1,2026-02-27,3.38,2026-03-02,2026-03-03,3940.0,3660.0,1000000,253.81,NEXT_DAY,-7.11,-71066.0,928934.0
GOLD,MDKA.JK,5,3.0,1,2026-03-31,5.64,2026-04-01,2026-04-02,3340.0,3260.0,1000000,299.4,NEXT_DAY,-2.4,-23952.0,976048.0
GOLD,MDKA.JK,5,3.0,1,2026-05-06,3.01,2026-05-07,2026-05-08,3200.0,2780.0,1000000,312.5,NEXT_DAY,-13.12,-131250.0,868750.0
GOLD,MDKA.JK,5,3.0,1,2026-06-17,6.1,2026-06-18,2026-06-19,2860.0,2930.0,1000000,349.65,NEXT_DAY,2.45,24476.0,1024476.0
GOLD,ANTM.JK,5,3.0,1,2026-01-09,4.08,2026-01-12,2026-01-13,3830.0,3880.0,1000000,261.1,NEXT_DAY,1.31,13055.0,1013055.0
GOLD,ANTM.JK,5,3.0,1,2026-02-06,5.03,2026-02-09,2026-02-10,3890.0,3890.0,1000000,257.07,NEXT_DAY,0.0,0.0,1000000.0
GOLD,ANTM.JK,5,3.0,1,2026-02-27,3.38,2026-03-02,2026-03-03,4610.0,4410.0,1000000,216.92,NEXT_DAY,-4.34,-43384.0,956616.0
GOLD,ANTM.JK,5,3.0,1,2026-03-31,5.64,2026-04-01,2026-04-02,3710.0,3640.0,1000000,269.54,NEXT_DAY,-1.89,-18868.0,981132.0
GOLD,ANTM.JK,5,3.0,1,2026-05-06,3.01,2026-05-07,2026-05-08,3880.0,3630.0,1000000,257.73,NEXT_DAY,-6.44,-64433.0,935567.0
GOLD,ANTM.JK,5,3.0,1,2026-06-17,6.1,2026-06-18,2026-06-19,3170.0,3080.0,1000000,315.46,NEXT_DAY,-2.84,-28391.0,971609.0
GOLD,BRMS.JK,5,3.0,1,2026-01-09,4.08,2026-01-12,2026-01-13,1260.0,1195.0,1000000,793.65,NEXT_DAY,-5.16,-51587.0,948413.0
GOLD,BRMS.JK,5,3.0,1,2026-02-06,5.03,2026-02-09,2026-02-10,1010.0,1045.0,1000000,990.1,NEXT_DAY,3.47,34653.0,1034653.0
GOLD,BRMS.JK,5,3.0,1,2026-02-27,3.38,2026-03-02,2026-03-03,1010.0,980.0,1000000,990.1,NEXT_DAY,-2.97,-29703.0,970297.0
GOLD,BRMS.JK,5,3.0,1,2026-03-31,5.64,2026-04-01,2026-04-02,780.0,735.0,1000000,1282.05,NEXT_DAY,-5.77,-57692.0,942308.0
GOLD,BRMS.JK,5,3.0,1,2026-05-06,3.01,2026-05-07,2026-05-08,835.0,750.0,1000000,1197.6,NEXT_DAY,-10.18,-101796.0,898204.0
GOLD,BRMS.JK,5,3.0,1,2026-06-17,6.1,2026-06-18,2026-06-19,670.0,660.0,1000000,1492.54,NEXT_DAY,-1.49,-14925.0,985075.0
GOLD,PSAB.JK,5,3.0,1,2026-01-09,4.08,2026-01-12,2026-01-13,610.0,590.0,1000000,1639.34,NEXT_DAY,-3.28,-32787.0,967213.0
GOLD,PSAB.JK,5,3.0,1,2026-02-06,5.03,2026-02-09,2026-02-10,505.0,515.0,1000000,1980.2,NEXT_DAY,1.98,19802.0,1019802.0
GOLD,PSAB.JK,5,3.0,1,2026-02-27,3.38,2026-03-02,2026-03-03,580.0,570.0,1000000,1724.14,NEXT_DAY,-1.72,-17241.0,982759.0
GOLD,PSAB.JK,5,3.0,1,2026-03-31,5.64,2026-04-01,2026-04-02,525.0,510.0,1000000,1904.76,NEXT_DAY,-2.86,-28571.0,971429.0
GOLD,PSAB.JK,5,3.0,1,2026-05-06,3.01,2026-05-07,2026-05-08,560.0,510.0,1000000,1785.71,NEXT_DAY,-8.93,-89286.0,910714.0
GOLD,PSAB.JK,5,3.0,1,2026-06-17,6.1,2026-06-18,2026-06-19,448.0,440.0,1000000,2232.14,NEXT_DAY,-1.79,-17857.0,982143.0
GOLD,HRTA.JK,5,3.0,2,2026-01-09,4.08,2026-01-12,2026-01-14,2770.0,2600.0,1000000,361.01,NEXT_DAY,-6.14,-61372.0,938628.0
GOLD,HRTA.JK,5,3.0,2,2026-02-06,5.03,2026-02-09,2026-02-11,2250.0,2530.0,1000000,444.44,NEXT_DAY,12.44,124444.0,1124444.0
GOLD,HRTA.JK,5,3.0,2,2026-02-27,3.38,2026-03-02,2026-03-04,3250.0,3000.0,1000000,307.69,NEXT_DAY,-7.69,-76923.0,923077.0
GOLD,HRTA.JK,5,3.0,2,2026-03-31,5.64,2026-04-01,2026-04-06,2540.0,2430.0,1000000,393.7,NEXT_DAY,-4.33,-43307.0,956693.0
GOLD,HRTA.JK,5,3.0,2,2026-05-06,3.01,2026-05-07,2026-05-11,2870.0,2670.0,1000000,348.43,NEXT_DAY,-6.97,-69686.0,930314.0
GOLD,HRTA.JK,5,3.0,2,2026-06-17,6.1,2026-06-18,2026-06-22,2170.0,2100.0,1000000,460.83,NEXT_DAY,-3.23,-32258.0,967742.0
GOLD,MDKA.JK,5,3.0,2,2026-01-09,4.08,2026-01-12,2026-01-14,2890.0,3060.0,1000000,346.02,NEXT_DAY,5.88,58824.0,1058824.0
GOLD,MDKA.JK,5,3.0,2,2026-02-06,5.03,2026-02-09,2026-02-11,3040.0,3160.0,1000000,328.95,NEXT_DAY,3.95,39474.0,1039474.0
GOLD,MDKA.JK,5,3.0,2,2026-02-27,3.38,2026-03-02,2026-03-04,3940.0,3430.0,1000000,253.81,NEXT_DAY,-12.94,-129442.0,870558.0
GOLD,MDKA.JK,5,3.0,2,2026-03-31,5.64,2026-04-01,2026-04-06,3340.0,3250.0,1000000,299.4,NEXT_DAY,-2.69,-26946.0,973054.0
GOLD,MDKA.JK,5,3.0,2,2026-05-06,3.01,2026-05-07,2026-05-11,3200.0,2870.0,1000000,312.5,NEXT_DAY,-10.31,-103125.0,896875.0
GOLD,MDKA.JK,5,3.0,2,2026-06-17,6.1,2026-06-18,2026-06-22,2860.0,2940.0,1000000,349.65,NEXT_DAY,2.8,27972.0,1027972.0
GOLD,ANTM.JK,5,3.0,2,2026-01-09,4.08,2026-01-12,2026-01-14,3830.0,4090.0,1000000,261.1,NEXT_DAY,6.79,67885.0,1067885.0
GOLD,ANTM.JK,5,3.0,2,2026-02-06,5.03,2026-02-09,2026-02-11,3890.0,3990.0,1000000,257.07,NEXT_DAY,2.57,25707.0,1025707.0
GOLD,ANTM.JK,5,3.0,2,2026-02-27,3.38,2026-03-02,2026-03-04,4610.0,4050.0,1000000,216.92,NEXT_DAY,-12.15,-121475.0,878525.0
GOLD,ANTM.JK,5,3.0,2,2026-03-31,5.64,2026-04-01,2026-04-06,3710.0,3650.0,1000000,269.54,NEXT_DAY,-1.62,-16173.0,983827.0
GOLD,ANTM.JK,5,3.0,2,2026-05-06,3.01,2026-05-07,2026-05-11,3880.0,3700.0,1000000,257.73,NEXT_DAY,-4.64,-46392.0,953608.0
GOLD,ANTM.JK,5,3.0,2,2026-06-17,6.1,2026-06-18,2026-06-22,3170.0,2960.0,1000000,315.46,NEXT_DAY,-6.62,-66246.0,933754.0
GOLD,BRMS.JK,5,3.0,2,2026-01-09,4.08,2026-01-12,2026-01-14,1260.0,1250.0,1000000,793.65,NEXT_DAY,-0.79,-7937.0,992063.0
GOLD,BRMS.JK,5,3.0,2,2026-02-06,5.03,2026-02-09,2026-02-11,1010.0,1085.0,1000000,990.1,NEXT_DAY,7.43,74257.0,1074257.0
GOLD,BRMS.JK,5,3.0,2,2026-02-27,3.38,2026-03-02,2026-03-04,1010.0,850.0,1000000,990.1,NEXT_DAY,-15.84,-158416.0,841584.0
GOLD,BRMS.JK,5,3.0,2,2026-03-31,5.64,2026-04-01,2026-04-06,780.0,760.0,1000000,1282.05,NEXT_DAY,-2.56,-25641.0,974359.0
GOLD,BRMS.JK,5,3.0,2,2026-05-06,3.01,2026-05-07,2026-05-11,835.0,750.0,1000000,1197.6,NEXT_DAY,-10.18,-101796.0,898204.0
GOLD,BRMS.JK,5,3.0,2,2026-06-17,6.1,2026-06-18,2026-06-22,670.0,635.0,1000000,1492.54,NEXT_DAY,-5.22,-52239.0,947761.0
GOLD,PSAB.JK,5,3.0,2,2026-01-09,4.08,2026-01-12,2026-01-14,610.0,640.0,1000000,1639.34,NEXT_DAY,4.92,49180.0,1049180.0
GOLD,PSAB.JK,5,3.0,2,2026-02-06,5.03,2026-02-09,2026-02-11,505.0,540.0,1000000,1980.2,NEXT_DAY,6.93,69307.0,1069307.0
GOLD,PSAB.JK,5,3.0,2,2026-02-27,3.38,2026-03-02,2026-03-04,580.0,530.0,1000000,1724.14,NEXT_DAY,-8.62,-86207.0,913793.0
GOLD,PSAB.JK,5,3.0,2,2026-03-31,5.64,2026-04-01,2026-04-06,525.0,525.0,1000000,1904.76,NEXT_DAY,0.0,0.0,1000000.0
GOLD,PSAB.JK,5,3.0,2,2026-05-06,3.01,2026-05-07,2026-05-11,560.0,510.0,1000000,1785.71,NEXT_DAY,-8.93,-89286.0,910714.0
GOLD,PSAB.JK,5,3.0,2,2026-06-17,6.1,2026-06-18,2026-06-22,448.0,426.0,1000000,2232.14,NEXT_DAY,-4.91,-49107.0,950893.0
GOLD,HRTA.JK,5,3.0,3,2026-01-09,4.08,2026-01-12,2026-01-15,2770.0,2520.0,1000000,361.01,NEXT_DAY,-9.03,-90253.0,909747.0
GOLD,HRTA.JK,5,3.0,3,2026-02-06,5.03,2026-02-09,2026-02-12,2250.0,2650.0,1000000,444.44,NEXT_DAY,17.78,177778.0,1177778.0
GOLD,HRTA.JK,5,3.0,3,2026-02-27,3.38,2026-03-02,2026-03-05,3250.0,2950.0,1000000,307.69,NEXT_DAY,-9.23,-92308.0,907692.0
GOLD,HRTA.JK,5,3.0,3,2026-03-31,5.64,2026-04-01,2026-04-07,2540.0,2420.0,1000000,393.7,NEXT_DAY,-4.72,-47244.0,952756.0
GOLD,HRTA.JK,5,3.0,3,2026-05-06,3.01,2026-05-07,2026-05-12,2870.0,2670.0,1000000,348.43,NEXT_DAY,-6.97,-69686.0,930314.0
GOLD,HRTA.JK,5,3.0,3,2026-06-17,6.1,2026-06-18,2026-06-23,2170.0,2050.0,1000000,460.83,NEXT_DAY,-5.53,-55300.0,944700.0
GOLD,MDKA.JK,5,3.0,3,2026-01-09,4.08,2026-01-12,2026-01-15,2890.0,2990.0,1000000,346.02,NEXT_DAY,3.46,34602.0,1034602.0
GOLD,MDKA.JK,5,3.0,3,2026-02-06,5.03,2026-02-09,2026-02-12,3040.0,3190.0,1000000,328.95,NEXT_DAY,4.93,49342.0,1049342.0
GOLD,MDKA.JK,5,3.0,3,2026-02-27,3.38,2026-03-02,2026-03-05,3940.0,3620.0,1000000,253.81,NEXT_DAY,-8.12,-81218.0,918782.0
GOLD,MDKA.JK,5,3.0,3,2026-03-31,5.64,2026-04-01,2026-04-07,3340.0,3160.0,1000000,299.4,NEXT_DAY,-5.39,-53892.0,946108.0
GOLD,MDKA.JK,5,3.0,3,2026-05-06,3.01,2026-05-07,2026-05-12,3200.0,2870.0,1000000,312.5,NEXT_DAY,-10.31,-103125.0,896875.0
GOLD,MDKA.JK,5,3.0,3,2026-06-17,6.1,2026-06-18,2026-06-23,2860.0,2840.0,1000000,349.65,NEXT_DAY,-0.7,-6993.0,993007.0
GOLD,ANTM.JK,5,3.0,3,2026-01-09,4.08,2026-01-12,2026-01-15,3830.0,4050.0,1000000,261.1,NEXT_DAY,5.74,57441.0,1057441.0
GOLD,ANTM.JK,5,3.0,3,2026-02-06,5.03,2026-02-09,2026-02-12,3890.0,4120.0,1000000,257.07,NEXT_DAY,5.91,59126.0,1059126.0
GOLD,ANTM.JK,5,3.0,3,2026-02-27,3.38,2026-03-02,2026-03-05,4610.0,4130.0,1000000,216.92,NEXT_DAY,-10.41,-104121.0,895879.0
GOLD,ANTM.JK,5,3.0,3,2026-03-31,5.64,2026-04-01,2026-04-07,3710.0,3470.0,1000000,269.54,NEXT_DAY,-6.47,-64690.0,935310.0
GOLD,ANTM.JK,5,3.0,3,2026-05-06,3.01,2026-05-07,2026-05-12,3880.0,3570.0,1000000,257.73,NEXT_DAY,-7.99,-79897.0,920103.0
GOLD,ANTM.JK,5,3.0,3,2026-06-17,6.1,2026-06-18,2026-06-23,3170.0,2870.0,1000000,315.46,NEXT_DAY,-9.46,-94637.0,905363.0
GOLD,BRMS.JK,5,3.0,3,2026-01-09,4.08,2026-01-12,2026-01-15,1260.0,1225.0,1000000,793.65,NEXT_DAY,-2.78,-27778.0,972222.0
GOLD,BRMS.JK,5,3.0,3,2026-02-06,5.03,2026-02-09,2026-02-12,1010.0,1070.0,1000000,990.1,NEXT_DAY,5.94,59406.0,1059406.0
GOLD,BRMS.JK,5,3.0,3,2026-02-27,3.38,2026-03-02,2026-03-05,1010.0,855.0,1000000,990.1,NEXT_DAY,-15.35,-153465.0,846535.0
GOLD,BRMS.JK,5,3.0,3,2026-03-31,5.64,2026-04-01,2026-04-07,780.0,760.0,1000000,1282.05,NEXT_DAY,-2.56,-25641.0,974359.0
GOLD,BRMS.JK,5,3.0,3,2026-05-06,3.01,2026-05-07,2026-05-12,835.0,760.0,1000000,1197.6,NEXT_DAY,-8.98,-89820.0,910180.0
GOLD,BRMS.JK,5,3.0,3,2026-06-17,6.1,2026-06-18,2026-06-23,670.0,640.0,1000000,1492.54,NEXT_DAY,-4.48,-44776.0,955224.0
GOLD,PSAB.JK,5,3.0,3,2026-01-09,4.08,2026-01-12,2026-01-15,610.0,625.0,1000000,1639.34,NEXT_DAY,2.46,24590.0,1024590.0
GOLD,PSAB.JK,5,3.0,3,2026-02-06,5.03,2026-02-09,2026-02-12,505.0,555.0,1000000,1980.2,NEXT_DAY,9.9,99010.0,1099010.0
GOLD,PSAB.JK,5,3.0,3,2026-02-27,3.38,2026-03-02,2026-03-05,580.0,525.0,1000000,1724.14,NEXT_DAY,-9.48,-94828.0,905172.0
GOLD,PSAB.JK,5,3.0,3,2026-03-31,5.64,2026-04-01,2026-04-07,525.0,505.0,1000000,1904.76,NEXT_DAY,-3.81,-38095.0,961905.0
GOLD,PSAB.JK,5,3.0,3,2026-05-06,3.01,2026-05-07,2026-05-12,560.0,520.0,1000000,1785.71,NEXT_DAY,-7.14,-71429.0,928571.0
GOLD,PSAB.JK,5,3.0,3,2026-06-17,6.1,2026-06-18,2026-06-23,448.0,422.0,1000000,2232.14,NEXT_DAY,-5.8,-58036.0,941964.0
GOLD,HRTA.JK,5,3.0,5,2026-01-09,4.08,2026-01-12,2026-01-20,2770.0,2620.0,1000000,361.01,NEXT_DAY,-5.42,-54152.0,945848.0
GOLD,HRTA.JK,5,3.0,5,2026-02-06,5.03,2026-02-09,2026-02-18,2250.0,2600.0,1000000,444.44,NEXT_DAY,15.56,155556.0,1155556.0
GOLD,HRTA.JK,5,3.0,5,2026-02-27,3.38,2026-03-02,2026-03-09,3250.0,2600.0,1000000,307.69,NEXT_DAY,-20.0,-200000.0,800000.0
GOLD,HRTA.JK,5,3.0,5,2026-03-31,5.64,2026-04-01,2026-04-09,2540.0,2590.0,1000000,393.7,NEXT_DAY,1.97,19685.0,1019685.0
GOLD,HRTA.JK,5,3.0,5,2026-05-06,3.01,2026-05-07,2026-05-14,2870.0,2660.0,1000000,348.43,NEXT_DAY,-7.32,-73171.0,926829.0
GOLD,HRTA.JK,5,3.0,5,2026-06-17,6.1,2026-06-18,2026-06-25,2170.0,1910.0,1000000,460.83,NEXT_DAY,-11.98,-119816.0,880184.0
GOLD,MDKA.JK,5,3.0,5,2026-01-09,4.08,2026-01-12,2026-01-20,2890.0,3210.0,1000000,346.02,NEXT_DAY,11.07,110727.0,1110727.0
GOLD,MDKA.JK,5,3.0,5,2026-02-06,5.03,2026-02-09,2026-02-18,3040.0,3290.0,1000000,328.95,NEXT_DAY,8.22,82237.0,1082237.0
GOLD,MDKA.JK,5,3.0,5,2026-02-27,3.38,2026-03-02,2026-03-09,3940.0,3330.0,1000000,253.81,NEXT_DAY,-15.48,-154822.0,845178.0
GOLD,MDKA.JK,5,3.0,5,2026-03-31,5.64,2026-04-01,2026-04-09,3340.0,3230.0,1000000,299.4,NEXT_DAY,-3.29,-32934.0,967066.0
GOLD,MDKA.JK,5,3.0,5,2026-05-06,3.01,2026-05-07,2026-05-14,3200.0,2730.0,1000000,312.5,NEXT_DAY,-14.69,-146875.0,853125.0
GOLD,MDKA.JK,5,3.0,5,2026-06-17,6.1,2026-06-18,2026-06-25,2860.0,2900.0,1000000,349.65,NEXT_DAY,1.4,13986.0,1013986.0
GOLD,ANTM.JK,5,3.0,5,2026-01-09,4.08,2026-01-12,2026-01-20,3830.0,4120.0,1000000,261.1,NEXT_DAY,7.57,75718.0,1075718.0
GOLD,ANTM.JK,5,3.0,5,2026-02-06,5.03,2026-02-09,2026-02-18,3890.0,4050.0,1000000,257.07,NEXT_DAY,4.11,41131.0,1041131.0
GOLD,ANTM.JK,5,3.0,5,2026-02-27,3.38,2026-03-02,2026-03-09,4610.0,3820.0,1000000,216.92,NEXT_DAY,-17.14,-171367.0,828633.0
GOLD,ANTM.JK,5,3.0,5,2026-03-31,5.64,2026-04-01,2026-04-09,3710.0,3750.0,1000000,269.54,NEXT_DAY,1.08,10782.0,1010782.0
GOLD,ANTM.JK,5,3.0,5,2026-05-06,3.01,2026-05-07,2026-05-14,3880.0,3500.0,1000000,257.73,NEXT_DAY,-9.79,-97938.0,902062.0
GOLD,ANTM.JK,5,3.0,5,2026-06-17,6.1,2026-06-18,2026-06-25,3170.0,2740.0,1000000,315.46,NEXT_DAY,-13.56,-135647.0,864353.0
GOLD,BRMS.JK,5,3.0,5,2026-01-09,4.08,2026-01-12,2026-01-20,1260.0,1310.0,1000000,793.65,NEXT_DAY,3.97,39683.0,1039683.0
GOLD,BRMS.JK,5,3.0,5,2026-02-06,5.03,2026-02-09,2026-02-18,1010.0,1040.0,1000000,990.1,NEXT_DAY,2.97,29703.0,1029703.0
GOLD,BRMS.JK,5,3.0,5,2026-02-27,3.38,2026-03-02,2026-03-09,1010.0,755.0,1000000,990.1,NEXT_DAY,-25.25,-252475.0,747525.0
GOLD,BRMS.JK,5,3.0,5,2026-03-31,5.64,2026-04-01,2026-04-09,780.0,845.0,1000000,1282.05,NEXT_DAY,8.33,83333.0,1083333.0
GOLD,BRMS.JK,5,3.0,5,2026-05-06,3.01,2026-05-07,2026-05-14,835.0,770.0,1000000,1197.6,NEXT_DAY,-7.78,-77844.0,922156.0
GOLD,BRMS.JK,5,3.0,5,2026-06-17,6.1,2026-06-18,2026-06-25,670.0,545.0,1000000,1492.54,NEXT_DAY,-18.66,-186567.0,813433.0
GOLD,PSAB.JK,5,3.0,5,2026-01-09,4.08,2026-01-12,2026-01-20,610.0,655.0,1000000,1639.34,NEXT_DAY,7.38,73770.0,1073770.0
GOLD,PSAB.JK,5,3.0,5,2026-02-06,5.03,2026-02-09,2026-02-18,505.0,535.0,1000000,1980.2,NEXT_DAY,5.94,59406.0,1059406.0
GOLD,PSAB.JK,5,3.0,5,2026-02-27,3.38,2026-03-02,2026-03-09,580.0,476.0,1000000,1724.14,NEXT_DAY,-17.93,-179310.0,820690.0
GOLD,PSAB.JK,5,3.0,5,2026-03-31,5.64,2026-04-01,2026-04-09,525.0,510.0,1000000,1904.76,NEXT_DAY,-2.86,-28571.0,971429.0
GOLD,PSAB.JK,5,3.0,5,2026-05-06,3.01,2026-05-07,2026-05-14,560.0,500.0,1000000,1785.71,NEXT_DAY,-10.71,-107143.0,892857.0
GOLD,PSAB.JK,5,3.0,5,2026-06-17,6.1,2026-06-18,2026-06-25,448.0,422.0,1000000,2232.14,NEXT_DAY,-5.8,-58036.0,941964.0
GOLD,HRTA.JK,5,3.0,10,2026-01-09,4.08,2026-01-12,2026-01-27,2770.0,2410.0,1000000,361.01,NEXT_DAY,-13.0,-129964.0,870036.0
GOLD,HRTA.JK,5,3.0,10,2026-02-06,5.03,2026-02-09,2026-02-25,2250.0,2980.0,1000000,444.44,NEXT_DAY,32.44,324444.0,1324444.0
GOLD,HRTA.JK,5,3.0,10,2026-02-27,3.38,2026-03-02,2026-03-16,3250.0,2600.0,1000000,307.69,NEXT_DAY,-20.0,-200000.0,800000.0
GOLD,HRTA.JK,5,3.0,10,2026-03-31,5.64,2026-04-01,2026-04-16,2540.0,2740.0,1000000,393.7,NEXT_DAY,7.87,78740.0,1078740.0
GOLD,HRTA.JK,5,3.0,10,2026-05-06,3.01,2026-05-07,2026-05-21,2870.0,2130.0,1000000,348.43,NEXT_DAY,-25.78,-257840.0,742160.0
GOLD,HRTA.JK,5,3.0,10,2026-06-17,6.1,2026-06-18,2026-07-02,2170.0,1740.0,1000000,460.83,NEXT_DAY,-19.82,-198157.0,801843.0
GOLD,MDKA.JK,5,3.0,10,2026-01-09,4.08,2026-01-12,2026-01-27,2890.0,3210.0,1000000,346.02,NEXT_DAY,11.07,110727.0,1110727.0
GOLD,MDKA.JK,5,3.0,10,2026-02-06,5.03,2026-02-09,2026-02-25,3040.0,3820.0,1000000,328.95,NEXT_DAY,25.66,256579.0,1256579.0
GOLD,MDKA.JK,5,3.0,10,2026-02-27,3.38,2026-03-02,2026-03-16,3940.0,3060.0,1000000,253.81,NEXT_DAY,-22.34,-223350.0,776650.0
GOLD,MDKA.JK,5,3.0,10,2026-03-31,5.64,2026-04-01,2026-04-16,3340.0,3320.0,1000000,299.4,NEXT_DAY,-0.6,-5988.0,994012.0
GOLD,MDKA.JK,5,3.0,10,2026-05-06,3.01,2026-05-07,2026-05-21,3200.0,2180.0,1000000,312.5,NEXT_DAY,-31.87,-318750.0,681250.0
GOLD,MDKA.JK,5,3.0,10,2026-06-17,6.1,2026-06-18,2026-07-02,2860.0,2540.0,1000000,349.65,NEXT_DAY,-11.19,-111888.0,888112.0
GOLD,ANTM.JK,5,3.0,10,2026-01-09,4.08,2026-01-12,2026-01-27,3830.0,4610.0,1000000,261.1,NEXT_DAY,20.37,203655.0,1203655.0
GOLD,ANTM.JK,5,3.0,10,2026-02-06,5.03,2026-02-09,2026-02-25,3890.0,4460.0,1000000,257.07,NEXT_DAY,14.65,146530.0,1146530.0
GOLD,ANTM.JK,5,3.0,10,2026-02-27,3.38,2026-03-02,2026-03-16,4610.0,3640.0,1000000,216.92,NEXT_DAY,-21.04,-210412.0,789588.0
GOLD,ANTM.JK,5,3.0,10,2026-03-31,5.64,2026-04-01,2026-04-16,3710.0,4060.0,1000000,269.54,NEXT_DAY,9.43,94340.0,1094340.0
GOLD,ANTM.JK,5,3.0,10,2026-05-06,3.01,2026-05-07,2026-05-21,3880.0,2970.0,1000000,257.73,NEXT_DAY,-23.45,-234536.0,765464.0
GOLD,ANTM.JK,5,3.0,10,2026-06-17,6.1,2026-06-18,2026-07-02,3170.0,2760.0,1000000,315.46,NEXT_DAY,-12.93,-129338.0,870662.0
GOLD,BRMS.JK,5,3.0,10,2026-01-09,4.08,2026-01-12,2026-01-27,1260.0,1295.0,1000000,793.65,NEXT_DAY,2.78,27778.0,1027778.0
GOLD,BRMS.JK,5,3.0,10,2026-02-06,5.03,2026-02-09,2026-02-25,1010.0,980.0,1000000,990.1,NEXT_DAY,-2.97,-29703.0,970297.0
GOLD,BRMS.JK,5,3.0,10,2026-02-27,3.38,2026-03-02,2026-03-16,1010.0,675.0,1000000,990.1,NEXT_DAY,-33.17,-331683.0,668317.0
GOLD,BRMS.JK,5,3.0,10,2026-03-31,5.64,2026-04-01,2026-04-16,780.0,855.0,1000000,1282.05,NEXT_DAY,9.62,96154.0,1096154.0
GOLD,BRMS.JK,5,3.0,10,2026-05-06,3.01,2026-05-07,2026-05-21,835.0,565.0,1000000,1197.6,NEXT_DAY,-32.34,-323353.0,676647.0
GOLD,BRMS.JK,5,3.0,10,2026-06-17,6.1,2026-06-18,2026-07-02,670.0,484.0,1000000,1492.54,NEXT_DAY,-27.76,-277612.0,722388.0
GOLD,PSAB.JK,5,3.0,10,2026-01-09,4.08,2026-01-12,2026-01-27,610.0,625.0,1000000,1639.34,NEXT_DAY,2.46,24590.0,1024590.0
GOLD,PSAB.JK,5,3.0,10,2026-02-06,5.03,2026-02-09,2026-02-25,505.0,570.0,1000000,1980.2,NEXT_DAY,12.87,128713.0,1128713.0
GOLD,PSAB.JK,5,3.0,10,2026-02-27,3.38,2026-03-02,2026-03-16,580.0,555.0,1000000,1724.14,NEXT_DAY,-4.31,-43103.0,956897.0
GOLD,PSAB.JK,5,3.0,10,2026-03-31,5.64,2026-04-01,2026-04-16,525.0,565.0,1000000,1904.76,NEXT_DAY,7.62,76190.0,1076190.0
GOLD,PSAB.JK,5,3.0,10,2026-05-06,3.01,2026-05-07,2026-05-21,560.0,372.0,1000000,1785.71,NEXT_DAY,-33.57,-335714.0,664286.0
GOLD,PSAB.JK,5,3.0,10,2026-06-17,6.1,2026-06-18,2026-07-02,448.0,392.0,1000000,2232.14,NEXT_DAY,-12.5,-125000.0,875000.0
GOLD,HRTA.JK,5,5.0,1,2026-01-21,5.29,2026-01-22,2026-01-23,2320.0,2330.0,1000000,431.03,NEXT_DAY,0.43,4310.0,1004310.0
GOLD,HRTA.JK,5,5.0,1,2026-02-24,5.59,2026-02-25,2026-02-26,2980.0,3200.0,1000000,335.57,NEXT_DAY,7.38,73826.0,1073826.0
GOLD,HRTA.JK,5,5.0,1,2026-03-31,5.64,2026-04-01,2026-04-02,2540.0,2340.0,1000000,393.7,NEXT_DAY,-7.87,-78740.0,921260.0
GOLD,HRTA.JK,5,5.0,1,2026-06-17,6.1,2026-06-18,2026-06-19,2170.0,2120.0,1000000,460.83,NEXT_DAY,-2.3,-23041.0,976959.0
GOLD,MDKA.JK,5,5.0,1,2026-01-21,5.29,2026-01-22,2026-01-23,3240.0,3300.0,1000000,308.64,NEXT_DAY,1.85,18519.0,1018519.0
GOLD,MDKA.JK,5,5.0,1,2026-02-24,5.59,2026-02-25,2026-02-26,3820.0,3640.0,1000000,261.78,NEXT_DAY,-4.71,-47120.0,952880.0
GOLD,MDKA.JK,5,5.0,1,2026-03-31,5.64,2026-04-01,2026-04-02,3340.0,3260.0,1000000,299.4,NEXT_DAY,-2.4,-23952.0,976048.0
GOLD,MDKA.JK,5,5.0,1,2026-06-17,6.1,2026-06-18,2026-06-19,2860.0,2930.0,1000000,349.65,NEXT_DAY,2.45,24476.0,1024476.0
GOLD,ANTM.JK,5,5.0,1,2026-01-21,5.29,2026-01-22,2026-01-23,4220.0,4290.0,1000000,236.97,NEXT_DAY,1.66,16588.0,1016588.0
GOLD,ANTM.JK,5,5.0,1,2026-02-24,5.59,2026-02-25,2026-02-26,4460.0,4330.0,1000000,224.22,NEXT_DAY,-2.91,-29148.0,970852.0
GOLD,ANTM.JK,5,5.0,1,2026-03-31,5.64,2026-04-01,2026-04-02,3710.0,3640.0,1000000,269.54,NEXT_DAY,-1.89,-18868.0,981132.0
GOLD,ANTM.JK,5,5.0,1,2026-06-17,6.1,2026-06-18,2026-06-19,3170.0,3080.0,1000000,315.46,NEXT_DAY,-2.84,-28391.0,971609.0
GOLD,BRMS.JK,5,5.0,1,2026-01-21,5.29,2026-01-22,2026-01-23,1230.0,1250.0,1000000,813.01,NEXT_DAY,1.63,16260.0,1016260.0
GOLD,BRMS.JK,5,5.0,1,2026-02-24,5.59,2026-02-25,2026-02-26,980.0,960.0,1000000,1020.41,NEXT_DAY,-2.04,-20408.0,979592.0
GOLD,BRMS.JK,5,5.0,1,2026-03-31,5.64,2026-04-01,2026-04-02,780.0,735.0,1000000,1282.05,NEXT_DAY,-5.77,-57692.0,942308.0
GOLD,BRMS.JK,5,5.0,1,2026-06-17,6.1,2026-06-18,2026-06-19,670.0,660.0,1000000,1492.54,NEXT_DAY,-1.49,-14925.0,985075.0
GOLD,PSAB.JK,5,5.0,1,2026-01-21,5.29,2026-01-22,2026-01-23,625.0,620.0,1000000,1600.0,NEXT_DAY,-0.8,-8000.0,992000.0
GOLD,PSAB.JK,5,5.0,1,2026-02-24,5.59,2026-02-25,2026-02-26,570.0,540.0,1000000,1754.39,NEXT_DAY,-5.26,-52632.0,947368.0
GOLD,PSAB.JK,5,5.0,1,2026-03-31,5.64,2026-04-01,2026-04-02,525.0,510.0,1000000,1904.76,NEXT_DAY,-2.86,-28571.0,971429.0
GOLD,PSAB.JK,5,5.0,1,2026-06-17,6.1,2026-06-18,2026-06-19,448.0,440.0,1000000,2232.14,NEXT_DAY,-1.79,-17857.0,982143.0
GOLD,HRTA.JK,5,5.0,2,2026-01-21,5.29,2026-01-22,2026-01-26,2320.0,2440.0,1000000,431.03,NEXT_DAY,5.17,51724.0,1051724.0
GOLD,HRTA.JK,5,5.0,2,2026-02-24,5.59,2026-02-25,2026-02-27,2980.0,3240.0,1000000,335.57,NEXT_DAY,8.72,87248.0,1087248.0
GOLD,HRTA.JK,5,5.0,2,2026-03-31,5.64,2026-04-01,2026-04-06,2540.0,2430.0,1000000,393.7,NEXT_DAY,-4.33,-43307.0,956693.0
GOLD,HRTA.JK,5,5.0,2,2026-06-17,6.1,2026-06-18,2026-06-22,2170.0,2100.0,1000000,460.83,NEXT_DAY,-3.23,-32258.0,967742.0
GOLD,MDKA.JK,5,5.0,2,2026-01-21,5.29,2026-01-22,2026-01-26,3240.0,3450.0,1000000,308.64,NEXT_DAY,6.48,64815.0,1064815.0
GOLD,MDKA.JK,5,5.0,2,2026-02-24,5.59,2026-02-25,2026-02-27,3820.0,3750.0,1000000,261.78,NEXT_DAY,-1.83,-18325.0,981675.0
GOLD,MDKA.JK,5,5.0,2,2026-03-31,5.64,2026-04-01,2026-04-06,3340.0,3250.0,1000000,299.4,NEXT_DAY,-2.69,-26946.0,973054.0
GOLD,MDKA.JK,5,5.0,2,2026-06-17,6.1,2026-06-18,2026-06-22,2860.0,2940.0,1000000,349.65,NEXT_DAY,2.8,27972.0,1027972.0
GOLD,ANTM.JK,5,5.0,2,2026-01-21,5.29,2026-01-22,2026-01-26,4220.0,4760.0,1000000,236.97,NEXT_DAY,12.8,127962.0,1127962.0
GOLD,ANTM.JK,5,5.0,2,2026-02-24,5.59,2026-02-25,2026-02-27,4460.0,4350.0,1000000,224.22,NEXT_DAY,-2.47,-24664.0,975336.0
GOLD,ANTM.JK,5,5.0,2,2026-03-31,5.64,2026-04-01,2026-04-06,3710.0,3650.0,1000000,269.54,NEXT_DAY,-1.62,-16173.0,983827.0
GOLD,ANTM.JK,5,5.0,2,2026-06-17,6.1,2026-06-18,2026-06-22,3170.0,2960.0,1000000,315.46,NEXT_DAY,-6.62,-66246.0,933754.0
GOLD,BRMS.JK,5,5.0,2,2026-01-21,5.29,2026-01-22,2026-01-26,1230.0,1280.0,1000000,813.01,NEXT_DAY,4.07,40650.0,1040650.0
GOLD,BRMS.JK,5,5.0,2,2026-02-24,5.59,2026-02-25,2026-02-27,980.0,970.0,1000000,1020.41,NEXT_DAY,-1.02,-10204.0,989796.0
GOLD,BRMS.JK,5,5.0,2,2026-03-31,5.64,2026-04-01,2026-04-06,780.0,760.0,1000000,1282.05,NEXT_DAY,-2.56,-25641.0,974359.0
GOLD,BRMS.JK,5,5.0,2,2026-06-17,6.1,2026-06-18,2026-06-22,670.0,635.0,1000000,1492.54,NEXT_DAY,-5.22,-52239.0,947761.0
GOLD,PSAB.JK,5,5.0,2,2026-01-21,5.29,2026-01-22,2026-01-26,625.0,635.0,1000000,1600.0,NEXT_DAY,1.6,16000.0,1016000.0
GOLD,PSAB.JK,5,5.0,2,2026-02-24,5.59,2026-02-25,2026-02-27,570.0,550.0,1000000,1754.39,NEXT_DAY,-3.51,-35088.0,964912.0
GOLD,PSAB.JK,5,5.0,2,2026-03-31,5.64,2026-04-01,2026-04-06,525.0,525.0,1000000,1904.76,NEXT_DAY,0.0,0.0,1000000.0
GOLD,PSAB.JK,5,5.0,2,2026-06-17,6.1,2026-06-18,2026-06-22,448.0,426.0,1000000,2232.14,NEXT_DAY,-4.91,-49107.0,950893.0
GOLD,HRTA.JK,5,5.0,3,2026-01-21,5.29,2026-01-22,2026-01-27,2320.0,2410.0,1000000,431.03,NEXT_DAY,3.88,38793.0,1038793.0
GOLD,HRTA.JK,5,5.0,3,2026-02-24,5.59,2026-02-25,2026-03-02,2980.0,3250.0,1000000,335.57,NEXT_DAY,9.06,90604.0,1090604.0
GOLD,HRTA.JK,5,5.0,3,2026-03-31,5.64,2026-04-01,2026-04-07,2540.0,2420.0,1000000,393.7,NEXT_DAY,-4.72,-47244.0,952756.0
GOLD,HRTA.JK,5,5.0,3,2026-06-17,6.1,2026-06-18,2026-06-23,2170.0,2050.0,1000000,460.83,NEXT_DAY,-5.53,-55300.0,944700.0
GOLD,MDKA.JK,5,5.0,3,2026-01-21,5.29,2026-01-22,2026-01-27,3240.0,3210.0,1000000,308.64,NEXT_DAY,-0.93,-9259.0,990741.0
GOLD,MDKA.JK,5,5.0,3,2026-02-24,5.59,2026-02-25,2026-03-02,3820.0,3940.0,1000000,261.78,NEXT_DAY,3.14,31414.0,1031414.0
GOLD,MDKA.JK,5,5.0,3,2026-03-31,5.64,2026-04-01,2026-04-07,3340.0,3160.0,1000000,299.4,NEXT_DAY,-5.39,-53892.0,946108.0
GOLD,MDKA.JK,5,5.0,3,2026-06-17,6.1,2026-06-18,2026-06-23,2860.0,2840.0,1000000,349.65,NEXT_DAY,-0.7,-6993.0,993007.0
GOLD,ANTM.JK,5,5.0,3,2026-01-21,5.29,2026-01-22,2026-01-27,4220.0,4610.0,1000000,236.97,NEXT_DAY,9.24,92417.0,1092417.0
GOLD,ANTM.JK,5,5.0,3,2026-02-24,5.59,2026-02-25,2026-03-02,4460.0,4610.0,1000000,224.22,NEXT_DAY,3.36,33632.0,1033632.0
GOLD,ANTM.JK,5,5.0,3,2026-03-31,5.64,2026-04-01,2026-04-07,3710.0,3470.0,1000000,269.54,NEXT_DAY,-6.47,-64690.0,935310.0
GOLD,ANTM.JK,5,5.0,3,2026-06-17,6.1,2026-06-18,2026-06-23,3170.0,2870.0,1000000,315.46,NEXT_DAY,-9.46,-94637.0,905363.0
GOLD,BRMS.JK,5,5.0,3,2026-01-21,5.29,2026-01-22,2026-01-27,1230.0,1295.0,1000000,813.01,NEXT_DAY,5.28,52846.0,1052846.0
GOLD,BRMS.JK,5,5.0,3,2026-02-24,5.59,2026-02-25,2026-03-02,980.0,1010.0,1000000,1020.41,NEXT_DAY,3.06,30612.0,1030612.0
GOLD,BRMS.JK,5,5.0,3,2026-03-31,5.64,2026-04-01,2026-04-07,780.0,760.0,1000000,1282.05,NEXT_DAY,-2.56,-25641.0,974359.0
GOLD,BRMS.JK,5,5.0,3,2026-06-17,6.1,2026-06-18,2026-06-23,670.0,640.0,1000000,1492.54,NEXT_DAY,-4.48,-44776.0,955224.0
GOLD,PSAB.JK,5,5.0,3,2026-01-21,5.29,2026-01-22,2026-01-27,625.0,625.0,1000000,1600.0,NEXT_DAY,0.0,0.0,1000000.0
GOLD,PSAB.JK,5,5.0,3,2026-02-24,5.59,2026-02-25,2026-03-02,570.0,580.0,1000000,1754.39,NEXT_DAY,1.75,17544.0,1017544.0
GOLD,PSAB.JK,5,5.0,3,2026-03-31,5.64,2026-04-01,2026-04-07,525.0,505.0,1000000,1904.76,NEXT_DAY,-3.81,-38095.0,961905.0
GOLD,PSAB.JK,5,5.0,3,2026-06-17,6.1,2026-06-18,2026-06-23,448.0,422.0,1000000,2232.14,NEXT_DAY,-5.8,-58036.0,941964.0
GOLD,HRTA.JK,5,5.0,5,2026-01-21,5.29,2026-01-22,2026-01-29,2320.0,2330.0,1000000,431.03,NEXT_DAY,0.43,4310.0,1004310.0
GOLD,HRTA.JK,5,5.0,5,2026-02-24,5.59,2026-02-25,2026-03-04,2980.0,3000.0,1000000,335.57,NEXT_DAY,0.67,6711.0,1006711.0
GOLD,HRTA.JK,5,5.0,5,2026-03-31,5.64,2026-04-01,2026-04-09,2540.0,2590.0,1000000,393.7,NEXT_DAY,1.97,19685.0,1019685.0
GOLD,HRTA.JK,5,5.0,5,2026-06-17,6.1,2026-06-18,2026-06-25,2170.0,1910.0,1000000,460.83,NEXT_DAY,-11.98,-119816.0,880184.0
GOLD,MDKA.JK,5,5.0,5,2026-01-21,5.29,2026-01-22,2026-01-29,3240.0,3170.0,1000000,308.64,NEXT_DAY,-2.16,-21605.0,978395.0
GOLD,MDKA.JK,5,5.0,5,2026-02-24,5.59,2026-02-25,2026-03-04,3820.0,3430.0,1000000,261.78,NEXT_DAY,-10.21,-102094.0,897906.0
GOLD,MDKA.JK,5,5.0,5,2026-03-31,5.64,2026-04-01,2026-04-09,3340.0,3230.0,1000000,299.4,NEXT_DAY,-3.29,-32934.0,967066.0
GOLD,MDKA.JK,5,5.0,5,2026-06-17,6.1,2026-06-18,2026-06-25,2860.0,2900.0,1000000,349.65,NEXT_DAY,1.4,13986.0,1013986.0
GOLD,ANTM.JK,5,5.0,5,2026-01-21,5.29,2026-01-22,2026-01-29,4220.0,4320.0,1000000,236.97,NEXT_DAY,2.37,23697.0,1023697.0
GOLD,ANTM.JK,5,5.0,5,2026-02-24,5.59,2026-02-25,2026-03-04,4460.0,4050.0,1000000,224.22,NEXT_DAY,-9.19,-91928.0,908072.0
GOLD,ANTM.JK,5,5.0,5,2026-03-31,5.64,2026-04-01,2026-04-09,3710.0,3750.0,1000000,269.54,NEXT_DAY,1.08,10782.0,1010782.0
GOLD,ANTM.JK,5,5.0,5,2026-06-17,6.1,2026-06-18,2026-06-25,3170.0,2740.0,1000000,315.46,NEXT_DAY,-13.56,-135647.0,864353.0
GOLD,BRMS.JK,5,5.0,5,2026-01-21,5.29,2026-01-22,2026-01-29,1230.0,1070.0,1000000,813.01,NEXT_DAY,-13.01,-130081.0,869919.0
GOLD,BRMS.JK,5,5.0,5,2026-02-24,5.59,2026-02-25,2026-03-04,980.0,850.0,1000000,1020.41,NEXT_DAY,-13.27,-132653.0,867347.0
GOLD,BRMS.JK,5,5.0,5,2026-03-31,5.64,2026-04-01,2026-04-09,780.0,845.0,1000000,1282.05,NEXT_DAY,8.33,83333.0,1083333.0
GOLD,BRMS.JK,5,5.0,5,2026-06-17,6.1,2026-06-18,2026-06-25,670.0,545.0,1000000,1492.54,NEXT_DAY,-18.66,-186567.0,813433.0
GOLD,PSAB.JK,5,5.0,5,2026-01-21,5.29,2026-01-22,2026-01-29,625.0,595.0,1000000,1600.0,NEXT_DAY,-4.8,-48000.0,952000.0
GOLD,PSAB.JK,5,5.0,5,2026-02-24,5.59,2026-02-25,2026-03-04,570.0,530.0,1000000,1754.39,NEXT_DAY,-7.02,-70175.0,929825.0
GOLD,PSAB.JK,5,5.0,5,2026-03-31,5.64,2026-04-01,2026-04-09,525.0,510.0,1000000,1904.76,NEXT_DAY,-2.86,-28571.0,971429.0
GOLD,PSAB.JK,5,5.0,5,2026-06-17,6.1,2026-06-18,2026-06-25,448.0,422.0,1000000,2232.14,NEXT_DAY,-5.8,-58036.0,941964.0
GOLD,HRTA.JK,5,5.0,10,2026-01-21,5.29,2026-01-22,2026-02-05,2320.0,2120.0,1000000,431.03,NEXT_DAY,-8.62,-86207.0,913793.0
GOLD,HRTA.JK,5,5.0,10,2026-02-24,5.59,2026-02-25,2026-03-11,2980.0,2680.0,1000000,335.57,NEXT_DAY,-10.07,-100671.0,899329.0
GOLD,HRTA.JK,5,5.0,10,2026-03-31,5.64,2026-04-01,2026-04-16,2540.0,2740.0,1000000,393.7,NEXT_DAY,7.87,78740.0,1078740.0
GOLD,HRTA.JK,5,5.0,10,2026-06-17,6.1,2026-06-18,2026-07-02,2170.0,1740.0,1000000,460.83,NEXT_DAY,-19.82,-198157.0,801843.0
GOLD,MDKA.JK,5,5.0,10,2026-01-21,5.29,2026-01-22,2026-02-05,3240.0,3060.0,1000000,308.64,NEXT_DAY,-5.56,-55556.0,944444.0
GOLD,MDKA.JK,5,5.0,10,2026-02-24,5.59,2026-02-25,2026-03-11,3820.0,3370.0,1000000,261.78,NEXT_DAY,-11.78,-117801.0,882199.0
GOLD,MDKA.JK,5,5.0,10,2026-03-31,5.64,2026-04-01,2026-04-16,3340.0,3320.0,1000000,299.4,NEXT_DAY,-0.6,-5988.0,994012.0
GOLD,MDKA.JK,5,5.0,10,2026-06-17,6.1,2026-06-18,2026-07-02,2860.0,2540.0,1000000,349.65,NEXT_DAY,-11.19,-111888.0,888112.0
GOLD,ANTM.JK,5,5.0,10,2026-01-21,5.29,2026-01-22,2026-02-05,4220.0,3810.0,1000000,236.97,NEXT_DAY,-9.72,-97156.0,902844.0
GOLD,ANTM.JK,5,5.0,10,2026-02-24,5.59,2026-02-25,2026-03-11,4460.0,3970.0,1000000,224.22,NEXT_DAY,-10.99,-109865.0,890135.0
GOLD,ANTM.JK,5,5.0,10,2026-03-31,5.64,2026-04-01,2026-04-16,3710.0,4060.0,1000000,269.54,NEXT_DAY,9.43,94340.0,1094340.0
GOLD,ANTM.JK,5,5.0,10,2026-06-17,6.1,2026-06-18,2026-07-02,3170.0,2760.0,1000000,315.46,NEXT_DAY,-12.93,-129338.0,870662.0
GOLD,BRMS.JK,5,5.0,10,2026-01-21,5.29,2026-01-22,2026-02-05,1230.0,980.0,1000000,813.01,NEXT_DAY,-20.33,-203252.0,796748.0
GOLD,BRMS.JK,5,5.0,10,2026-02-24,5.59,2026-02-25,2026-03-11,980.0,840.0,1000000,1020.41,NEXT_DAY,-14.29,-142857.0,857143.0
GOLD,BRMS.JK,5,5.0,10,2026-03-31,5.64,2026-04-01,2026-04-16,780.0,855.0,1000000,1282.05,NEXT_DAY,9.62,96154.0,1096154.0
GOLD,BRMS.JK,5,5.0,10,2026-06-17,6.1,2026-06-18,2026-07-02,670.0,484.0,1000000,1492.54,NEXT_DAY,-27.76,-277612.0,722388.0
GOLD,PSAB.JK,5,5.0,10,2026-01-21,5.29,2026-01-22,2026-02-05,625.0,494.0,1000000,1600.0,NEXT_DAY,-20.96,-209600.0,790400.0
GOLD,PSAB.JK,5,5.0,10,2026-02-24,5.59,2026-02-25,2026-03-11,570.0,492.0,1000000,1754.39,NEXT_DAY,-13.68,-136842.0,863158.0
GOLD,PSAB.JK,5,5.0,10,2026-03-31,5.64,2026-04-01,2026-04-16,525.0,565.0,1000000,1904.76,NEXT_DAY,7.62,76190.0,1076190.0
GOLD,PSAB.JK,5,5.0,10,2026-06-17,6.1,2026-06-18,2026-07-02,448.0,392.0,1000000,2232.14,NEXT_DAY,-12.5,-125000.0,875000.0
GOLD,HRTA.JK,10,0.5,1,2026-01-16,6.35,2026-01-20,2026-01-21,2620.0,2550.0,1000000,381.68,NEXT_DAY,-2.67,-26718.0,973282.0
GOLD,HRTA.JK,10,0.5,1,2026-02-13,6.54,2026-02-18,2026-02-19,2600.0,2700.0,1000000,384.62,NEXT_DAY,3.85,38462.0,1038462.0
GOLD,HRTA.JK,10,0.5,1,2026-03-06,1.72,2026-03-09,2026-03-10,2600.0,2700.0,1000000,384.62,NEXT_DAY,3.85,38462.0,1038462.0
GOLD,HRTA.JK,10,0.5,1,2026-04-02,1.1,2026-04-06,2026-04-07,2430.0,2420.0,1000000,411.52,NEXT_DAY,-0.41,-4115.0,995885.0
GOLD,HRTA.JK,10,0.5,1,2026-05-11,0.93,2026-05-12,2026-05-13,2670.0,2660.0,1000000,374.53,NEXT_DAY,-0.37,-3745.0,996255.0
GOLD,MDKA.JK,10,0.5,1,2026-01-16,6.35,2026-01-20,2026-01-21,3210.0,3310.0,1000000,311.53,NEXT_DAY,3.12,31153.0,1031153.0
GOLD,MDKA.JK,10,0.5,1,2026-02-13,6.54,2026-02-18,2026-02-19,3290.0,3530.0,1000000,303.95,NEXT_DAY,7.29,72948.0,1072948.0
GOLD,MDKA.JK,10,0.5,1,2026-03-06,1.72,2026-03-09,2026-03-10,3330.0,3500.0,1000000,300.3,NEXT_DAY,5.11,51051.0,1051051.0
GOLD,MDKA.JK,10,0.5,1,2026-04-02,1.1,2026-04-06,2026-04-07,3250.0,3160.0,1000000,307.69,NEXT_DAY,-2.77,-27692.0,972308.0
GOLD,MDKA.JK,10,0.5,1,2026-05-11,0.93,2026-05-12,2026-05-13,2870.0,2730.0,1000000,348.43,NEXT_DAY,-4.88,-48780.0,951220.0
GOLD,ANTM.JK,10,0.5,1,2026-01-16,6.35,2026-01-20,2026-01-21,4120.0,4270.0,1000000,242.72,NEXT_DAY,3.64,36408.0,1036408.0
GOLD,ANTM.JK,10,0.5,1,2026-02-13,6.54,2026-02-18,2026-02-19,4050.0,4230.0,1000000,246.91,NEXT_DAY,4.44,44444.0,1044444.0
GOLD,ANTM.JK,10,0.5,1,2026-03-06,1.72,2026-03-09,2026-03-10,3820.0,4020.0,1000000,261.78,NEXT_DAY,5.24,52356.0,1052356.0
GOLD,ANTM.JK,10,0.5,1,2026-04-02,1.1,2026-04-06,2026-04-07,3650.0,3470.0,1000000,273.97,NEXT_DAY,-4.93,-49315.0,950685.0
GOLD,ANTM.JK,10,0.5,1,2026-05-11,0.93,2026-05-12,2026-05-13,3570.0,3500.0,1000000,280.11,NEXT_DAY,-1.96,-19608.0,980392.0
GOLD,BRMS.JK,10,0.5,1,2026-01-16,6.35,2026-01-20,2026-01-21,1310.0,1265.0,1000000,763.36,NEXT_DAY,-3.44,-34351.0,965649.0
GOLD,BRMS.JK,10,0.5,1,2026-02-13,6.54,2026-02-18,2026-02-19,1040.0,1055.0,1000000,961.54,NEXT_DAY,1.44,14423.0,1014423.0
GOLD,BRMS.JK,10,0.5,1,2026-03-06,1.72,2026-03-09,2026-03-10,755.0,855.0,1000000,1324.5,NEXT_DAY,13.25,132450.0,1132450.0
GOLD,BRMS.JK,10,0.5,1,2026-04-02,1.1,2026-04-06,2026-04-07,760.0,760.0,1000000,1315.79,NEXT_DAY,0.0,0.0,1000000.0
GOLD,BRMS.JK,10,0.5,1,2026-05-11,0.93,2026-05-12,2026-05-13,760.0,770.0,1000000,1315.79,NEXT_DAY,1.32,13158.0,1013158.0
GOLD,PSAB.JK,10,0.5,1,2026-01-16,6.35,2026-01-20,2026-01-21,655.0,650.0,1000000,1526.72,NEXT_DAY,-0.76,-7634.0,992366.0
GOLD,PSAB.JK,10,0.5,1,2026-02-13,6.54,2026-02-18,2026-02-19,535.0,560.0,1000000,1869.16,NEXT_DAY,4.67,46729.0,1046729.0
GOLD,PSAB.JK,10,0.5,1,2026-03-06,1.72,2026-03-09,2026-03-10,476.0,505.0,1000000,2100.84,NEXT_DAY,6.09,60924.0,1060924.0
GOLD,PSAB.JK,10,0.5,1,2026-04-02,1.1,2026-04-06,2026-04-07,525.0,505.0,1000000,1904.76,NEXT_DAY,-3.81,-38095.0,961905.0
GOLD,PSAB.JK,10,0.5,1,2026-05-11,0.93,2026-05-12,2026-05-13,520.0,500.0,1000000,1923.08,NEXT_DAY,-3.85,-38462.0,961538.0
GOLD,HRTA.JK,10,0.5,2,2026-01-16,6.35,2026-01-20,2026-01-22,2620.0,2320.0,1000000,381.68,NEXT_DAY,-11.45,-114504.0,885496.0
GOLD,HRTA.JK,10,0.5,2,2026-02-13,6.54,2026-02-18,2026-02-20,2600.0,2750.0,1000000,384.62,NEXT_DAY,5.77,57692.0,1057692.0
GOLD,HRTA.JK,10,0.5,2,2026-03-06,1.72,2026-03-09,2026-03-11,2600.0,2680.0,1000000,384.62,NEXT_DAY,3.08,30769.0,1030769.0
GOLD,HRTA.JK,10,0.5,2,2026-04-02,1.1,2026-04-06,2026-04-08,2430.0,2570.0,1000000,411.52,NEXT_DAY,5.76,57613.0,1057613.0
GOLD,HRTA.JK,10,0.5,2,2026-05-11,0.93,2026-05-12,2026-05-14,2670.0,2660.0,1000000,374.53,NEXT_DAY,-0.37,-3745.0,996255.0
GOLD,MDKA.JK,10,0.5,2,2026-01-16,6.35,2026-01-20,2026-01-22,3210.0,3240.0,1000000,311.53,NEXT_DAY,0.93,9346.0,1009346.0
GOLD,MDKA.JK,10,0.5,2,2026-02-13,6.54,2026-02-18,2026-02-20,3290.0,3590.0,1000000,303.95,NEXT_DAY,9.12,91185.0,1091185.0
GOLD,MDKA.JK,10,0.5,2,2026-03-06,1.72,2026-03-09,2026-03-11,3330.0,3370.0,1000000,300.3,NEXT_DAY,1.2,12012.0,1012012.0
GOLD,MDKA.JK,10,0.5,2,2026-04-02,1.1,2026-04-06,2026-04-08,3250.0,3300.0,1000000,307.69,NEXT_DAY,1.54,15385.0,1015385.0
GOLD,MDKA.JK,10,0.5,2,2026-05-11,0.93,2026-05-12,2026-05-14,2870.0,2730.0,1000000,348.43,NEXT_DAY,-4.88,-48780.0,951220.0
GOLD,ANTM.JK,10,0.5,2,2026-01-16,6.35,2026-01-20,2026-01-22,4120.0,4220.0,1000000,242.72,NEXT_DAY,2.43,24272.0,1024272.0
GOLD,ANTM.JK,10,0.5,2,2026-02-13,6.54,2026-02-18,2026-02-20,4050.0,4220.0,1000000,246.91,NEXT_DAY,4.2,41975.0,1041975.0
GOLD,ANTM.JK,10,0.5,2,2026-03-06,1.72,2026-03-09,2026-03-11,3820.0,3970.0,1000000,261.78,NEXT_DAY,3.93,39267.0,1039267.0
GOLD,ANTM.JK,10,0.5,2,2026-04-02,1.1,2026-04-06,2026-04-08,3650.0,3740.0,1000000,273.97,NEXT_DAY,2.47,24658.0,1024658.0
GOLD,ANTM.JK,10,0.5,2,2026-05-11,0.93,2026-05-12,2026-05-14,3570.0,3500.0,1000000,280.11,NEXT_DAY,-1.96,-19608.0,980392.0
GOLD,BRMS.JK,10,0.5,2,2026-01-16,6.35,2026-01-20,2026-01-22,1310.0,1230.0,1000000,763.36,NEXT_DAY,-6.11,-61069.0,938931.0
GOLD,BRMS.JK,10,0.5,2,2026-02-13,6.54,2026-02-18,2026-02-20,1040.0,1060.0,1000000,961.54,NEXT_DAY,1.92,19231.0,1019231.0
GOLD,BRMS.JK,10,0.5,2,2026-03-06,1.72,2026-03-09,2026-03-11,755.0,840.0,1000000,1324.5,NEXT_DAY,11.26,112583.0,1112583.0
GOLD,BRMS.JK,10,0.5,2,2026-04-02,1.1,2026-04-06,2026-04-08,760.0,865.0,1000000,1315.79,NEXT_DAY,13.82,138158.0,1138158.0
GOLD,BRMS.JK,10,0.5,2,2026-05-11,0.93,2026-05-12,2026-05-14,760.0,770.0,1000000,1315.79,NEXT_DAY,1.32,13158.0,1013158.0
GOLD,PSAB.JK,10,0.5,2,2026-01-16,6.35,2026-01-20,2026-01-22,655.0,625.0,1000000,1526.72,NEXT_DAY,-4.58,-45802.0,954198.0
GOLD,PSAB.JK,10,0.5,2,2026-02-13,6.54,2026-02-18,2026-02-20,535.0,565.0,1000000,1869.16,NEXT_DAY,5.61,56075.0,1056075.0
GOLD,PSAB.JK,10,0.5,2,2026-03-06,1.72,2026-03-09,2026-03-11,476.0,492.0,1000000,2100.84,NEXT_DAY,3.36,33613.0,1033613.0
GOLD,PSAB.JK,10,0.5,2,2026-04-02,1.1,2026-04-06,2026-04-08,525.0,535.0,1000000,1904.76,NEXT_DAY,1.9,19048.0,1019048.0
GOLD,PSAB.JK,10,0.5,2,2026-05-11,0.93,2026-05-12,2026-05-14,520.0,500.0,1000000,1923.08,NEXT_DAY,-3.85,-38462.0,961538.0
GOLD,HRTA.JK,10,0.5,3,2026-01-16,6.35,2026-01-20,2026-01-23,2620.0,2330.0,1000000,381.68,NEXT_DAY,-11.07,-110687.0,889313.0
GOLD,HRTA.JK,10,0.5,3,2026-02-13,6.54,2026-02-18,2026-02-23,2600.0,2850.0,1000000,384.62,NEXT_DAY,9.62,96154.0,1096154.0
GOLD,HRTA.JK,10,0.5,3,2026-03-06,1.72,2026-03-09,2026-03-12,2600.0,2630.0,1000000,384.62,NEXT_DAY,1.15,11538.0,1011538.0
GOLD,HRTA.JK,10,0.5,3,2026-04-02,1.1,2026-04-06,2026-04-09,2430.0,2590.0,1000000,411.52,NEXT_DAY,6.58,65844.0,1065844.0
GOLD,HRTA.JK,10,0.5,3,2026-05-11,0.93,2026-05-12,2026-05-15,2670.0,2660.0,1000000,374.53,NEXT_DAY,-0.37,-3745.0,996255.0
GOLD,MDKA.JK,10,0.5,3,2026-01-16,6.35,2026-01-20,2026-01-23,3210.0,3300.0,1000000,311.53,NEXT_DAY,2.8,28037.0,1028037.0
GOLD,MDKA.JK,10,0.5,3,2026-02-13,6.54,2026-02-18,2026-02-23,3290.0,3740.0,1000000,303.95,NEXT_DAY,13.68,136778.0,1136778.0
GOLD,MDKA.JK,10,0.5,3,2026-03-06,1.72,2026-03-09,2026-03-12,3330.0,3370.0,1000000,300.3,NEXT_DAY,1.2,12012.0,1012012.0
GOLD,MDKA.JK,10,0.5,3,2026-04-02,1.1,2026-04-06,2026-04-09,3250.0,3230.0,1000000,307.69,NEXT_DAY,-0.62,-6154.0,993846.0
GOLD,MDKA.JK,10,0.5,3,2026-05-11,0.93,2026-05-12,2026-05-15,2870.0,2730.0,1000000,348.43,NEXT_DAY,-4.88,-48780.0,951220.0
GOLD,ANTM.JK,10,0.5,3,2026-01-16,6.35,2026-01-20,2026-01-23,4120.0,4290.0,1000000,242.72,NEXT_DAY,4.13,41262.0,1041262.0
GOLD,ANTM.JK,10,0.5,3,2026-02-13,6.54,2026-02-18,2026-02-23,4050.0,4390.0,1000000,246.91,NEXT_DAY,8.4,83951.0,1083951.0
GOLD,ANTM.JK,10,0.5,3,2026-03-06,1.72,2026-03-09,2026-03-12,3820.0,3890.0,1000000,261.78,NEXT_DAY,1.83,18325.0,1018325.0
GOLD,ANTM.JK,10,0.5,3,2026-04-02,1.1,2026-04-06,2026-04-09,3650.0,3750.0,1000000,273.97,NEXT_DAY,2.74,27397.0,1027397.0
GOLD,ANTM.JK,10,0.5,3,2026-05-11,0.93,2026-05-12,2026-05-15,3570.0,3500.0,1000000,280.11,NEXT_DAY,-1.96,-19608.0,980392.0
GOLD,BRMS.JK,10,0.5,3,2026-01-16,6.35,2026-01-20,2026-01-23,1310.0,1250.0,1000000,763.36,NEXT_DAY,-4.58,-45802.0,954198.0
GOLD,BRMS.JK,10,0.5,3,2026-02-13,6.54,2026-02-18,2026-02-23,1040.0,1060.0,1000000,961.54,NEXT_DAY,1.92,19231.0,1019231.0
GOLD,BRMS.JK,10,0.5,3,2026-03-06,1.72,2026-03-09,2026-03-12,755.0,815.0,1000000,1324.5,NEXT_DAY,7.95,79470.0,1079470.0
GOLD,BRMS.JK,10,0.5,3,2026-04-02,1.1,2026-04-06,2026-04-09,760.0,845.0,1000000,1315.79,NEXT_DAY,11.18,111842.0,1111842.0
GOLD,BRMS.JK,10,0.5,3,2026-05-11,0.93,2026-05-12,2026-05-15,760.0,770.0,1000000,1315.79,NEXT_DAY,1.32,13158.0,1013158.0
GOLD,PSAB.JK,10,0.5,3,2026-01-16,6.35,2026-01-20,2026-01-23,655.0,620.0,1000000,1526.72,NEXT_DAY,-5.34,-53435.0,946565.0
GOLD,PSAB.JK,10,0.5,3,2026-02-13,6.54,2026-02-18,2026-02-23,535.0,570.0,1000000,1869.16,NEXT_DAY,6.54,65421.0,1065421.0
GOLD,PSAB.JK,10,0.5,3,2026-03-06,1.72,2026-03-09,2026-03-12,476.0,482.0,1000000,2100.84,NEXT_DAY,1.26,12605.0,1012605.0
GOLD,PSAB.JK,10,0.5,3,2026-04-02,1.1,2026-04-06,2026-04-09,525.0,510.0,1000000,1904.76,NEXT_DAY,-2.86,-28571.0,971429.0
GOLD,PSAB.JK,10,0.5,3,2026-05-11,0.93,2026-05-12,2026-05-15,520.0,500.0,1000000,1923.08,NEXT_DAY,-3.85,-38462.0,961538.0
GOLD,HRTA.JK,10,0.5,5,2026-01-16,6.35,2026-01-20,2026-01-27,2620.0,2410.0,1000000,381.68,NEXT_DAY,-8.02,-80153.0,919847.0
GOLD,HRTA.JK,10,0.5,5,2026-02-13,6.54,2026-02-18,2026-02-25,2600.0,2980.0,1000000,384.62,NEXT_DAY,14.62,146154.0,1146154.0
GOLD,HRTA.JK,10,0.5,5,2026-03-06,1.72,2026-03-09,2026-03-16,2600.0,2600.0,1000000,384.62,NEXT_DAY,0.0,0.0,1000000.0
GOLD,HRTA.JK,10,0.5,5,2026-04-02,1.1,2026-04-06,2026-04-13,2430.0,2480.0,1000000,411.52,NEXT_DAY,2.06,20576.0,1020576.0
GOLD,HRTA.JK,10,0.5,5,2026-05-11,0.93,2026-05-12,2026-05-19,2670.0,2180.0,1000000,374.53,NEXT_DAY,-18.35,-183521.0,816479.0
GOLD,MDKA.JK,10,0.5,5,2026-01-16,6.35,2026-01-20,2026-01-27,3210.0,3210.0,1000000,311.53,NEXT_DAY,0.0,0.0,1000000.0
GOLD,MDKA.JK,10,0.5,5,2026-02-13,6.54,2026-02-18,2026-02-25,3290.0,3820.0,1000000,303.95,NEXT_DAY,16.11,161094.0,1161094.0
GOLD,MDKA.JK,10,0.5,5,2026-03-06,1.72,2026-03-09,2026-03-16,3330.0,3060.0,1000000,300.3,NEXT_DAY,-8.11,-81081.0,918919.0
GOLD,MDKA.JK,10,0.5,5,2026-04-02,1.1,2026-04-06,2026-04-13,3250.0,3150.0,1000000,307.69,NEXT_DAY,-3.08,-30769.0,969231.0
GOLD,MDKA.JK,10,0.5,5,2026-05-11,0.93,2026-05-12,2026-05-19,2870.0,2500.0,1000000,348.43,NEXT_DAY,-12.89,-128920.0,871080.0
GOLD,ANTM.JK,10,0.5,5,2026-01-16,6.35,2026-01-20,2026-01-27,4120.0,4610.0,1000000,242.72,NEXT_DAY,11.89,118932.0,1118932.0
GOLD,ANTM.JK,10,0.5,5,2026-02-13,6.54,2026-02-18,2026-02-25,4050.0,4460.0,1000000,246.91,NEXT_DAY,10.12,101235.0,1101235.0
GOLD,ANTM.JK,10,0.5,5,2026-03-06,1.72,2026-03-09,2026-03-16,3820.0,3640.0,1000000,261.78,NEXT_DAY,-4.71,-47120.0,952880.0
GOLD,ANTM.JK,10,0.5,5,2026-04-02,1.1,2026-04-06,2026-04-13,3650.0,3750.0,1000000,273.97,NEXT_DAY,2.74,27397.0,1027397.0
GOLD,ANTM.JK,10,0.5,5,2026-05-11,0.93,2026-05-12,2026-05-19,3570.0,3060.0,1000000,280.11,NEXT_DAY,-14.29,-142857.0,857143.0
GOLD,BRMS.JK,10,0.5,5,2026-01-16,6.35,2026-01-20,2026-01-27,1310.0,1295.0,1000000,763.36,NEXT_DAY,-1.15,-11450.0,988550.0
GOLD,BRMS.JK,10,0.5,5,2026-02-13,6.54,2026-02-18,2026-02-25,1040.0,980.0,1000000,961.54,NEXT_DAY,-5.77,-57692.0,942308.0
GOLD,BRMS.JK,10,0.5,5,2026-03-06,1.72,2026-03-09,2026-03-16,755.0,675.0,1000000,1324.5,NEXT_DAY,-10.6,-105960.0,894040.0
GOLD,BRMS.JK,10,0.5,5,2026-04-02,1.1,2026-04-06,2026-04-13,760.0,870.0,1000000,1315.79,NEXT_DAY,14.47,144737.0,1144737.0
GOLD,BRMS.JK,10,0.5,5,2026-05-11,0.93,2026-05-12,2026-05-19,760.0,670.0,1000000,1315.79,NEXT_DAY,-11.84,-118421.0,881579.0
GOLD,PSAB.JK,10,0.5,5,2026-01-16,6.35,2026-01-20,2026-01-27,655.0,625.0,1000000,1526.72,NEXT_DAY,-4.58,-45802.0,954198.0
GOLD,PSAB.JK,10,0.5,5,2026-02-13,6.54,2026-02-18,2026-02-25,535.0,570.0,1000000,1869.16,NEXT_DAY,6.54,65421.0,1065421.0
GOLD,PSAB.JK,10,0.5,5,2026-03-06,1.72,2026-03-09,2026-03-16,476.0,555.0,1000000,2100.84,NEXT_DAY,16.6,165966.0,1165966.0
GOLD,PSAB.JK,10,0.5,5,2026-04-02,1.1,2026-04-06,2026-04-13,525.0,515.0,1000000,1904.76,NEXT_DAY,-1.9,-19048.0,980952.0
GOLD,PSAB.JK,10,0.5,5,2026-05-11,0.93,2026-05-12,2026-05-19,520.0,412.0,1000000,1923.08,NEXT_DAY,-20.77,-207692.0,792308.0
GOLD,HRTA.JK,10,0.5,10,2026-01-16,6.35,2026-01-20,2026-02-03,2620.0,2160.0,1000000,381.68,NEXT_DAY,-17.56,-175573.0,824427.0
GOLD,HRTA.JK,10,0.5,10,2026-02-13,6.54,2026-02-18,2026-03-04,2600.0,3000.0,1000000,384.62,NEXT_DAY,15.38,153846.0,1153846.0
GOLD,HRTA.JK,10,0.5,10,2026-03-06,1.72,2026-03-09,2026-03-30,2600.0,2200.0,1000000,384.62,NEXT_DAY,-15.38,-153846.0,846154.0
GOLD,HRTA.JK,10,0.5,10,2026-04-02,1.1,2026-04-06,2026-04-20,2430.0,2880.0,1000000,411.52,NEXT_DAY,18.52,185185.0,1185185.0
GOLD,HRTA.JK,10,0.5,10,2026-05-11,0.93,2026-05-12,2026-05-26,2670.0,2370.0,1000000,374.53,NEXT_DAY,-11.24,-112360.0,887640.0
GOLD,MDKA.JK,10,0.5,10,2026-01-16,6.35,2026-01-20,2026-02-03,3210.0,2950.0,1000000,311.53,NEXT_DAY,-8.1,-80997.0,919003.0
GOLD,MDKA.JK,10,0.5,10,2026-02-13,6.54,2026-02-18,2026-03-04,3290.0,3430.0,1000000,303.95,NEXT_DAY,4.26,42553.0,1042553.0
GOLD,MDKA.JK,10,0.5,10,2026-03-06,1.72,2026-03-09,2026-03-30,3330.0,3100.0,1000000,300.3,NEXT_DAY,-6.91,-69069.0,930931.0
GOLD,MDKA.JK,10,0.5,10,2026-04-02,1.1,2026-04-06,2026-04-20,3250.0,3350.0,1000000,307.69,NEXT_DAY,3.08,30769.0,1030769.0
GOLD,MDKA.JK,10,0.5,10,2026-05-11,0.93,2026-05-12,2026-05-26,2870.0,2720.0,1000000,348.43,NEXT_DAY,-5.23,-52265.0,947735.0
GOLD,ANTM.JK,10,0.5,10,2026-01-16,6.35,2026-01-20,2026-02-03,4120.0,3930.0,1000000,242.72,NEXT_DAY,-4.61,-46117.0,953883.0
GOLD,ANTM.JK,10,0.5,10,2026-02-13,6.54,2026-02-18,2026-03-04,4050.0,4050.0,1000000,246.91,NEXT_DAY,0.0,0.0,1000000.0
GOLD,ANTM.JK,10,0.5,10,2026-03-06,1.72,2026-03-09,2026-03-30,3820.0,3500.0,1000000,261.78,NEXT_DAY,-8.38,-83770.0,916230.0
GOLD,ANTM.JK,10,0.5,10,2026-04-02,1.1,2026-04-06,2026-04-20,3650.0,4010.0,1000000,273.97,NEXT_DAY,9.86,98630.0,1098630.0
GOLD,ANTM.JK,10,0.5,10,2026-05-11,0.93,2026-05-12,2026-05-26,3570.0,2960.0,1000000,280.11,NEXT_DAY,-17.09,-170868.0,829132.0
GOLD,BRMS.JK,10,0.5,10,2026-01-16,6.35,2026-01-20,2026-02-03,1310.0,955.0,1000000,763.36,NEXT_DAY,-27.1,-270992.0,729008.0
GOLD,BRMS.JK,10,0.5,10,2026-02-13,6.54,2026-02-18,2026-03-04,1040.0,850.0,1000000,961.54,NEXT_DAY,-18.27,-182692.0,817308.0
GOLD,BRMS.JK,10,0.5,10,2026-03-06,1.72,2026-03-09,2026-03-30,755.0,765.0,1000000,1324.5,NEXT_DAY,1.32,13245.0,1013245.0
GOLD,BRMS.JK,10,0.5,10,2026-04-02,1.1,2026-04-06,2026-04-20,760.0,905.0,1000000,1315.79,NEXT_DAY,19.08,190789.0,1190789.0
GOLD,BRMS.JK,10,0.5,10,2026-05-11,0.93,2026-05-12,2026-05-26,760.0,605.0,1000000,1315.79,NEXT_DAY,-20.39,-203947.0,796053.0
GOLD,PSAB.JK,10,0.5,10,2026-01-16,6.35,2026-01-20,2026-02-03,655.0,510.0,1000000,1526.72,NEXT_DAY,-22.14,-221374.0,778626.0
GOLD,PSAB.JK,10,0.5,10,2026-02-13,6.54,2026-02-18,2026-03-04,535.0,530.0,1000000,1869.16,NEXT_DAY,-0.93,-9346.0,990654.0
GOLD,PSAB.JK,10,0.5,10,2026-03-06,1.72,2026-03-09,2026-03-30,476.0,466.0,1000000,2100.84,NEXT_DAY,-2.1,-21008.0,978992.0
GOLD,PSAB.JK,10,0.5,10,2026-04-02,1.1,2026-04-06,2026-04-20,525.0,555.0,1000000,1904.76,NEXT_DAY,5.71,57143.0,1057143.0
GOLD,PSAB.JK,10,0.5,10,2026-05-11,0.93,2026-05-12,2026-05-26,520.0,468.0,1000000,1923.08,NEXT_DAY,-10.0,-100000.0,900000.0
GOLD,HRTA.JK,10,1.0,1,2026-01-16,6.35,2026-01-20,2026-01-21,2620.0,2550.0,1000000,381.68,NEXT_DAY,-2.67,-26718.0,973282.0
GOLD,HRTA.JK,10,1.0,1,2026-02-13,6.54,2026-02-18,2026-02-19,2600.0,2700.0,1000000,384.62,NEXT_DAY,3.85,38462.0,1038462.0
GOLD,HRTA.JK,10,1.0,1,2026-03-06,1.72,2026-03-09,2026-03-10,2600.0,2700.0,1000000,384.62,NEXT_DAY,3.85,38462.0,1038462.0
GOLD,HRTA.JK,10,1.0,1,2026-04-02,1.1,2026-04-06,2026-04-07,2430.0,2420.0,1000000,411.52,NEXT_DAY,-0.41,-4115.0,995885.0
GOLD,HRTA.JK,10,1.0,1,2026-05-12,1.88,2026-05-13,2026-05-14,2660.0,2660.0,1000000,375.94,NEXT_DAY,0.0,0.0,1000000.0
GOLD,MDKA.JK,10,1.0,1,2026-01-16,6.35,2026-01-20,2026-01-21,3210.0,3310.0,1000000,311.53,NEXT_DAY,3.12,31153.0,1031153.0
GOLD,MDKA.JK,10,1.0,1,2026-02-13,6.54,2026-02-18,2026-02-19,3290.0,3530.0,1000000,303.95,NEXT_DAY,7.29,72948.0,1072948.0
GOLD,MDKA.JK,10,1.0,1,2026-03-06,1.72,2026-03-09,2026-03-10,3330.0,3500.0,1000000,300.3,NEXT_DAY,5.11,51051.0,1051051.0
GOLD,MDKA.JK,10,1.0,1,2026-04-02,1.1,2026-04-06,2026-04-07,3250.0,3160.0,1000000,307.69,NEXT_DAY,-2.77,-27692.0,972308.0
GOLD,MDKA.JK,10,1.0,1,2026-05-12,1.88,2026-05-13,2026-05-14,2730.0,2730.0,1000000,366.3,NEXT_DAY,0.0,0.0,1000000.0
GOLD,ANTM.JK,10,1.0,1,2026-01-16,6.35,2026-01-20,2026-01-21,4120.0,4270.0,1000000,242.72,NEXT_DAY,3.64,36408.0,1036408.0
GOLD,ANTM.JK,10,1.0,1,2026-02-13,6.54,2026-02-18,2026-02-19,4050.0,4230.0,1000000,246.91,NEXT_DAY,4.44,44444.0,1044444.0
GOLD,ANTM.JK,10,1.0,1,2026-03-06,1.72,2026-03-09,2026-03-10,3820.0,4020.0,1000000,261.78,NEXT_DAY,5.24,52356.0,1052356.0
GOLD,ANTM.JK,10,1.0,1,2026-04-02,1.1,2026-04-06,2026-04-07,3650.0,3470.0,1000000,273.97,NEXT_DAY,-4.93,-49315.0,950685.0
GOLD,ANTM.JK,10,1.0,1,2026-05-12,1.88,2026-05-13,2026-05-14,3500.0,3500.0,1000000,285.71,NEXT_DAY,0.0,0.0,1000000.0
GOLD,BRMS.JK,10,1.0,1,2026-01-16,6.35,2026-01-20,2026-01-21,1310.0,1265.0,1000000,763.36,NEXT_DAY,-3.44,-34351.0,965649.0
GOLD,BRMS.JK,10,1.0,1,2026-02-13,6.54,2026-02-18,2026-02-19,1040.0,1055.0,1000000,961.54,NEXT_DAY,1.44,14423.0,1014423.0
GOLD,BRMS.JK,10,1.0,1,2026-03-06,1.72,2026-03-09,2026-03-10,755.0,855.0,1000000,1324.5,NEXT_DAY,13.25,132450.0,1132450.0
GOLD,BRMS.JK,10,1.0,1,2026-04-02,1.1,2026-04-06,2026-04-07,760.0,760.0,1000000,1315.79,NEXT_DAY,0.0,0.0,1000000.0
GOLD,BRMS.JK,10,1.0,1,2026-05-12,1.88,2026-05-13,2026-05-14,770.0,770.0,1000000,1298.7,NEXT_DAY,0.0,0.0,1000000.0
GOLD,PSAB.JK,10,1.0,1,2026-01-16,6.35,2026-01-20,2026-01-21,655.0,650.0,1000000,1526.72,NEXT_DAY,-0.76,-7634.0,992366.0
GOLD,PSAB.JK,10,1.0,1,2026-02-13,6.54,2026-02-18,2026-02-19,535.0,560.0,1000000,1869.16,NEXT_DAY,4.67,46729.0,1046729.0
GOLD,PSAB.JK,10,1.0,1,2026-03-06,1.72,2026-03-09,2026-03-10,476.0,505.0,1000000,2100.84,NEXT_DAY,6.09,60924.0,1060924.0
GOLD,PSAB.JK,10,1.0,1,2026-04-02,1.1,2026-04-06,2026-04-07,525.0,505.0,1000000,1904.76,NEXT_DAY,-3.81,-38095.0,961905.0
GOLD,PSAB.JK,10,1.0,1,2026-05-12,1.88,2026-05-13,2026-05-14,500.0,500.0,1000000,2000.0,NEXT_DAY,0.0,0.0,1000000.0
GOLD,HRTA.JK,10,1.0,2,2026-01-16,6.35,2026-01-20,2026-01-22,2620.0,2320.0,1000000,381.68,NEXT_DAY,-11.45,-114504.0,885496.0
GOLD,HRTA.JK,10,1.0,2,2026-02-13,6.54,2026-02-18,2026-02-20,2600.0,2750.0,1000000,384.62,NEXT_DAY,5.77,57692.0,1057692.0
GOLD,HRTA.JK,10,1.0,2,2026-03-06,1.72,2026-03-09,2026-03-11,2600.0,2680.0,1000000,384.62,NEXT_DAY,3.08,30769.0,1030769.0
GOLD,HRTA.JK,10,1.0,2,2026-04-02,1.1,2026-04-06,2026-04-08,2430.0,2570.0,1000000,411.52,NEXT_DAY,5.76,57613.0,1057613.0
GOLD,HRTA.JK,10,1.0,2,2026-05-12,1.88,2026-05-13,2026-05-15,2660.0,2660.0,1000000,375.94,NEXT_DAY,0.0,0.0,1000000.0
GOLD,MDKA.JK,10,1.0,2,2026-01-16,6.35,2026-01-20,2026-01-22,3210.0,3240.0,1000000,311.53,NEXT_DAY,0.93,9346.0,1009346.0
GOLD,MDKA.JK,10,1.0,2,2026-02-13,6.54,2026-02-18,2026-02-20,3290.0,3590.0,1000000,303.95,NEXT_DAY,9.12,91185.0,1091185.0
GOLD,MDKA.JK,10,1.0,2,2026-03-06,1.72,2026-03-09,2026-03-11,3330.0,3370.0,1000000,300.3,NEXT_DAY,1.2,12012.0,1012012.0
GOLD,MDKA.JK,10,1.0,2,2026-04-02,1.1,2026-04-06,2026-04-08,3250.0,3300.0,1000000,307.69,NEXT_DAY,1.54,15385.0,1015385.0
GOLD,MDKA.JK,10,1.0,2,2026-05-12,1.88,2026-05-13,2026-05-15,2730.0,2730.0,1000000,366.3,NEXT_DAY,0.0,0.0,1000000.0
GOLD,ANTM.JK,10,1.0,2,2026-01-16,6.35,2026-01-20,2026-01-22,4120.0,4220.0,1000000,242.72,NEXT_DAY,2.43,24272.0,1024272.0
GOLD,ANTM.JK,10,1.0,2,2026-02-13,6.54,2026-02-18,2026-02-20,4050.0,4220.0,1000000,246.91,NEXT_DAY,4.2,41975.0,1041975.0
GOLD,ANTM.JK,10,1.0,2,2026-03-06,1.72,2026-03-09,2026-03-11,3820.0,3970.0,1000000,261.78,NEXT_DAY,3.93,39267.0,1039267.0
GOLD,ANTM.JK,10,1.0,2,2026-04-02,1.1,2026-04-06,2026-04-08,3650.0,3740.0,1000000,273.97,NEXT_DAY,2.47,24658.0,1024658.0
GOLD,ANTM.JK,10,1.0,2,2026-05-12,1.88,2026-05-13,2026-05-15,3500.0,3500.0,1000000,285.71,NEXT_DAY,0.0,0.0,1000000.0
GOLD,BRMS.JK,10,1.0,2,2026-01-16,6.35,2026-01-20,2026-01-22,1310.0,1230.0,1000000,763.36,NEXT_DAY,-6.11,-61069.0,938931.0
GOLD,BRMS.JK,10,1.0,2,2026-02-13,6.54,2026-02-18,2026-02-20,1040.0,1060.0,1000000,961.54,NEXT_DAY,1.92,19231.0,1019231.0
GOLD,BRMS.JK,10,1.0,2,2026-03-06,1.72,2026-03-09,2026-03-11,755.0,840.0,1000000,1324.5,NEXT_DAY,11.26,112583.0,1112583.0
GOLD,BRMS.JK,10,1.0,2,2026-04-02,1.1,2026-04-06,2026-04-08,760.0,865.0,1000000,1315.79,NEXT_DAY,13.82,138158.0,1138158.0
GOLD,BRMS.JK,10,1.0,2,2026-05-12,1.88,2026-05-13,2026-05-15,770.0,770.0,1000000,1298.7,NEXT_DAY,0.0,0.0,1000000.0
GOLD,PSAB.JK,10,1.0,2,2026-01-16,6.35,2026-01-20,2026-01-22,655.0,625.0,1000000,1526.72,NEXT_DAY,-4.58,-45802.0,954198.0
GOLD,PSAB.JK,10,1.0,2,2026-02-13,6.54,2026-02-18,2026-02-20,535.0,565.0,1000000,1869.16,NEXT_DAY,5.61,56075.0,1056075.0
GOLD,PSAB.JK,10,1.0,2,2026-03-06,1.72,2026-03-09,2026-03-11,476.0,492.0,1000000,2100.84,NEXT_DAY,3.36,33613.0,1033613.0
GOLD,PSAB.JK,10,1.0,2,2026-04-02,1.1,2026-04-06,2026-04-08,525.0,535.0,1000000,1904.76,NEXT_DAY,1.9,19048.0,1019048.0
GOLD,PSAB.JK,10,1.0,2,2026-05-12,1.88,2026-05-13,2026-05-15,500.0,500.0,1000000,2000.0,NEXT_DAY,0.0,0.0,1000000.0
GOLD,HRTA.JK,10,1.0,3,2026-01-16,6.35,2026-01-20,2026-01-23,2620.0,2330.0,1000000,381.68,NEXT_DAY,-11.07,-110687.0,889313.0
GOLD,HRTA.JK,10,1.0,3,2026-02-13,6.54,2026-02-18,2026-02-23,2600.0,2850.0,1000000,384.62,NEXT_DAY,9.62,96154.0,1096154.0
GOLD,HRTA.JK,10,1.0,3,2026-03-06,1.72,2026-03-09,2026-03-12,2600.0,2630.0,1000000,384.62,NEXT_DAY,1.15,11538.0,1011538.0
GOLD,HRTA.JK,10,1.0,3,2026-04-02,1.1,2026-04-06,2026-04-09,2430.0,2590.0,1000000,411.52,NEXT_DAY,6.58,65844.0,1065844.0
GOLD,HRTA.JK,10,1.0,3,2026-05-12,1.88,2026-05-13,2026-05-18,2660.0,2370.0,1000000,375.94,NEXT_DAY,-10.9,-109023.0,890977.0
GOLD,MDKA.JK,10,1.0,3,2026-01-16,6.35,2026-01-20,2026-01-23,3210.0,3300.0,1000000,311.53,NEXT_DAY,2.8,28037.0,1028037.0
GOLD,MDKA.JK,10,1.0,3,2026-02-13,6.54,2026-02-18,2026-02-23,3290.0,3740.0,1000000,303.95,NEXT_DAY,13.68,136778.0,1136778.0
GOLD,MDKA.JK,10,1.0,3,2026-03-06,1.72,2026-03-09,2026-03-12,3330.0,3370.0,1000000,300.3,NEXT_DAY,1.2,12012.0,1012012.0
GOLD,MDKA.JK,10,1.0,3,2026-04-02,1.1,2026-04-06,2026-04-09,3250.0,3230.0,1000000,307.69,NEXT_DAY,-0.62,-6154.0,993846.0
GOLD,MDKA.JK,10,1.0,3,2026-05-12,1.88,2026-05-13,2026-05-18,2730.0,2660.0,1000000,366.3,NEXT_DAY,-2.56,-25641.0,974359.0
GOLD,ANTM.JK,10,1.0,3,2026-01-16,6.35,2026-01-20,2026-01-23,4120.0,4290.0,1000000,242.72,NEXT_DAY,4.13,41262.0,1041262.0
GOLD,ANTM.JK,10,1.0,3,2026-02-13,6.54,2026-02-18,2026-02-23,4050.0,4390.0,1000000,246.91,NEXT_DAY,8.4,83951.0,1083951.0
GOLD,ANTM.JK,10,1.0,3,2026-03-06,1.72,2026-03-09,2026-03-12,3820.0,3890.0,1000000,261.78,NEXT_DAY,1.83,18325.0,1018325.0
GOLD,ANTM.JK,10,1.0,3,2026-04-02,1.1,2026-04-06,2026-04-09,3650.0,3750.0,1000000,273.97,NEXT_DAY,2.74,27397.0,1027397.0
GOLD,ANTM.JK,10,1.0,3,2026-05-12,1.88,2026-05-13,2026-05-18,3500.0,3160.0,1000000,285.71,NEXT_DAY,-9.71,-97143.0,902857.0
GOLD,BRMS.JK,10,1.0,3,2026-01-16,6.35,2026-01-20,2026-01-23,1310.0,1250.0,1000000,763.36,NEXT_DAY,-4.58,-45802.0,954198.0
GOLD,BRMS.JK,10,1.0,3,2026-02-13,6.54,2026-02-18,2026-02-23,1040.0,1060.0,1000000,961.54,NEXT_DAY,1.92,19231.0,1019231.0
GOLD,BRMS.JK,10,1.0,3,2026-03-06,1.72,2026-03-09,2026-03-12,755.0,815.0,1000000,1324.5,NEXT_DAY,7.95,79470.0,1079470.0
GOLD,BRMS.JK,10,1.0,3,2026-04-02,1.1,2026-04-06,2026-04-09,760.0,845.0,1000000,1315.79,NEXT_DAY,11.18,111842.0,1111842.0
GOLD,BRMS.JK,10,1.0,3,2026-05-12,1.88,2026-05-13,2026-05-18,770.0,720.0,1000000,1298.7,NEXT_DAY,-6.49,-64935.0,935065.0
GOLD,PSAB.JK,10,1.0,3,2026-01-16,6.35,2026-01-20,2026-01-23,655.0,620.0,1000000,1526.72,NEXT_DAY,-5.34,-53435.0,946565.0
GOLD,PSAB.JK,10,1.0,3,2026-02-13,6.54,2026-02-18,2026-02-23,535.0,570.0,1000000,1869.16,NEXT_DAY,6.54,65421.0,1065421.0
GOLD,PSAB.JK,10,1.0,3,2026-03-06,1.72,2026-03-09,2026-03-12,476.0,482.0,1000000,2100.84,NEXT_DAY,1.26,12605.0,1012605.0
GOLD,PSAB.JK,10,1.0,3,2026-04-02,1.1,2026-04-06,2026-04-09,525.0,510.0,1000000,1904.76,NEXT_DAY,-2.86,-28571.0,971429.0
GOLD,PSAB.JK,10,1.0,3,2026-05-12,1.88,2026-05-13,2026-05-18,500.0,466.0,1000000,2000.0,NEXT_DAY,-6.8,-68000.0,932000.0
GOLD,HRTA.JK,10,1.0,5,2026-01-16,6.35,2026-01-20,2026-01-27,2620.0,2410.0,1000000,381.68,NEXT_DAY,-8.02,-80153.0,919847.0
GOLD,HRTA.JK,10,1.0,5,2026-02-13,6.54,2026-02-18,2026-02-25,2600.0,2980.0,1000000,384.62,NEXT_DAY,14.62,146154.0,1146154.0
GOLD,HRTA.JK,10,1.0,5,2026-03-06,1.72,2026-03-09,2026-03-16,2600.0,2600.0,1000000,384.62,NEXT_DAY,0.0,0.0,1000000.0
GOLD,HRTA.JK,10,1.0,5,2026-04-02,1.1,2026-04-06,2026-04-13,2430.0,2480.0,1000000,411.52,NEXT_DAY,2.06,20576.0,1020576.0
GOLD,HRTA.JK,10,1.0,5,2026-05-12,1.88,2026-05-13,2026-05-20,2660.0,2170.0,1000000,375.94,NEXT_DAY,-18.42,-184211.0,815789.0
GOLD,MDKA.JK,10,1.0,5,2026-01-16,6.35,2026-01-20,2026-01-27,3210.0,3210.0,1000000,311.53,NEXT_DAY,0.0,0.0,1000000.0
GOLD,MDKA.JK,10,1.0,5,2026-02-13,6.54,2026-02-18,2026-02-25,3290.0,3820.0,1000000,303.95,NEXT_DAY,16.11,161094.0,1161094.0
GOLD,MDKA.JK,10,1.0,5,2026-03-06,1.72,2026-03-09,2026-03-16,3330.0,3060.0,1000000,300.3,NEXT_DAY,-8.11,-81081.0,918919.0
GOLD,MDKA.JK,10,1.0,5,2026-04-02,1.1,2026-04-06,2026-04-13,3250.0,3150.0,1000000,307.69,NEXT_DAY,-3.08,-30769.0,969231.0
GOLD,MDKA.JK,10,1.0,5,2026-05-12,1.88,2026-05-13,2026-05-20,2730.0,2350.0,1000000,366.3,NEXT_DAY,-13.92,-139194.0,860806.0
GOLD,ANTM.JK,10,1.0,5,2026-01-16,6.35,2026-01-20,2026-01-27,4120.0,4610.0,1000000,242.72,NEXT_DAY,11.89,118932.0,1118932.0
GOLD,ANTM.JK,10,1.0,5,2026-02-13,6.54,2026-02-18,2026-02-25,4050.0,4460.0,1000000,246.91,NEXT_DAY,10.12,101235.0,1101235.0
GOLD,ANTM.JK,10,1.0,5,2026-03-06,1.72,2026-03-09,2026-03-16,3820.0,3640.0,1000000,261.78,NEXT_DAY,-4.71,-47120.0,952880.0
GOLD,ANTM.JK,10,1.0,5,2026-04-02,1.1,2026-04-06,2026-04-13,3650.0,3750.0,1000000,273.97,NEXT_DAY,2.74,27397.0,1027397.0
GOLD,ANTM.JK,10,1.0,5,2026-05-12,1.88,2026-05-13,2026-05-20,3500.0,3100.0,1000000,285.71,NEXT_DAY,-11.43,-114286.0,885714.0
GOLD,BRMS.JK,10,1.0,5,2026-01-16,6.35,2026-01-20,2026-01-27,1310.0,1295.0,1000000,763.36,NEXT_DAY,-1.15,-11450.0,988550.0
GOLD,BRMS.JK,10,1.0,5,2026-02-13,6.54,2026-02-18,2026-02-25,1040.0,980.0,1000000,961.54,NEXT_DAY,-5.77,-57692.0,942308.0
GOLD,BRMS.JK,10,1.0,5,2026-03-06,1.72,2026-03-09,2026-03-16,755.0,675.0,1000000,1324.5,NEXT_DAY,-10.6,-105960.0,894040.0
GOLD,BRMS.JK,10,1.0,5,2026-04-02,1.1,2026-04-06,2026-04-13,760.0,870.0,1000000,1315.79,NEXT_DAY,14.47,144737.0,1144737.0
GOLD,BRMS.JK,10,1.0,5,2026-05-12,1.88,2026-05-13,2026-05-20,770.0,660.0,1000000,1298.7,NEXT_DAY,-14.29,-142857.0,857143.0
GOLD,PSAB.JK,10,1.0,5,2026-01-16,6.35,2026-01-20,2026-01-27,655.0,625.0,1000000,1526.72,NEXT_DAY,-4.58,-45802.0,954198.0
GOLD,PSAB.JK,10,1.0,5,2026-02-13,6.54,2026-02-18,2026-02-25,535.0,570.0,1000000,1869.16,NEXT_DAY,6.54,65421.0,1065421.0
GOLD,PSAB.JK,10,1.0,5,2026-03-06,1.72,2026-03-09,2026-03-16,476.0,555.0,1000000,2100.84,NEXT_DAY,16.6,165966.0,1165966.0
GOLD,PSAB.JK,10,1.0,5,2026-04-02,1.1,2026-04-06,2026-04-13,525.0,515.0,1000000,1904.76,NEXT_DAY,-1.9,-19048.0,980952.0
GOLD,PSAB.JK,10,1.0,5,2026-05-12,1.88,2026-05-13,2026-05-20,500.0,390.0,1000000,2000.0,NEXT_DAY,-22.0,-220000.0,780000.0
GOLD,HRTA.JK,10,1.0,10,2026-01-16,6.35,2026-01-20,2026-02-03,2620.0,2160.0,1000000,381.68,NEXT_DAY,-17.56,-175573.0,824427.0
GOLD,HRTA.JK,10,1.0,10,2026-02-13,6.54,2026-02-18,2026-03-04,2600.0,3000.0,1000000,384.62,NEXT_DAY,15.38,153846.0,1153846.0
GOLD,HRTA.JK,10,1.0,10,2026-03-06,1.72,2026-03-09,2026-03-30,2600.0,2200.0,1000000,384.62,NEXT_DAY,-15.38,-153846.0,846154.0
GOLD,HRTA.JK,10,1.0,10,2026-04-02,1.1,2026-04-06,2026-04-20,2430.0,2880.0,1000000,411.52,NEXT_DAY,18.52,185185.0,1185185.0
GOLD,HRTA.JK,10,1.0,10,2026-05-12,1.88,2026-05-13,2026-05-27,2660.0,2370.0,1000000,375.94,NEXT_DAY,-10.9,-109023.0,890977.0
GOLD,MDKA.JK,10,1.0,10,2026-01-16,6.35,2026-01-20,2026-02-03,3210.0,2950.0,1000000,311.53,NEXT_DAY,-8.1,-80997.0,919003.0
GOLD,MDKA.JK,10,1.0,10,2026-02-13,6.54,2026-02-18,2026-03-04,3290.0,3430.0,1000000,303.95,NEXT_DAY,4.26,42553.0,1042553.0
GOLD,MDKA.JK,10,1.0,10,2026-03-06,1.72,2026-03-09,2026-03-30,3330.0,3100.0,1000000,300.3,NEXT_DAY,-6.91,-69069.0,930931.0
GOLD,MDKA.JK,10,1.0,10,2026-04-02,1.1,2026-04-06,2026-04-20,3250.0,3350.0,1000000,307.69,NEXT_DAY,3.08,30769.0,1030769.0
GOLD,MDKA.JK,10,1.0,10,2026-05-12,1.88,2026-05-13,2026-05-27,2730.0,2720.0,1000000,366.3,NEXT_DAY,-0.37,-3663.0,996337.0
GOLD,ANTM.JK,10,1.0,10,2026-01-16,6.35,2026-01-20,2026-02-03,4120.0,3930.0,1000000,242.72,NEXT_DAY,-4.61,-46117.0,953883.0
GOLD,ANTM.JK,10,1.0,10,2026-02-13,6.54,2026-02-18,2026-03-04,4050.0,4050.0,1000000,246.91,NEXT_DAY,0.0,0.0,1000000.0
GOLD,ANTM.JK,10,1.0,10,2026-03-06,1.72,2026-03-09,2026-03-30,3820.0,3500.0,1000000,261.78,NEXT_DAY,-8.38,-83770.0,916230.0
GOLD,ANTM.JK,10,1.0,10,2026-04-02,1.1,2026-04-06,2026-04-20,3650.0,4010.0,1000000,273.97,NEXT_DAY,9.86,98630.0,1098630.0
GOLD,ANTM.JK,10,1.0,10,2026-05-12,1.88,2026-05-13,2026-05-27,3500.0,2960.0,1000000,285.71,NEXT_DAY,-15.43,-154286.0,845714.0
GOLD,BRMS.JK,10,1.0,10,2026-01-16,6.35,2026-01-20,2026-02-03,1310.0,955.0,1000000,763.36,NEXT_DAY,-27.1,-270992.0,729008.0
GOLD,BRMS.JK,10,1.0,10,2026-02-13,6.54,2026-02-18,2026-03-04,1040.0,850.0,1000000,961.54,NEXT_DAY,-18.27,-182692.0,817308.0
GOLD,BRMS.JK,10,1.0,10,2026-03-06,1.72,2026-03-09,2026-03-30,755.0,765.0,1000000,1324.5,NEXT_DAY,1.32,13245.0,1013245.0
GOLD,BRMS.JK,10,1.0,10,2026-04-02,1.1,2026-04-06,2026-04-20,760.0,905.0,1000000,1315.79,NEXT_DAY,19.08,190789.0,1190789.0
GOLD,BRMS.JK,10,1.0,10,2026-05-12,1.88,2026-05-13,2026-05-27,770.0,605.0,1000000,1298.7,NEXT_DAY,-21.43,-214286.0,785714.0
GOLD,PSAB.JK,10,1.0,10,2026-01-16,6.35,2026-01-20,2026-02-03,655.0,510.0,1000000,1526.72,NEXT_DAY,-22.14,-221374.0,778626.0
GOLD,PSAB.JK,10,1.0,10,2026-02-13,6.54,2026-02-18,2026-03-04,535.0,530.0,1000000,1869.16,NEXT_DAY,-0.93,-9346.0,990654.0
GOLD,PSAB.JK,10,1.0,10,2026-03-06,1.72,2026-03-09,2026-03-30,476.0,466.0,1000000,2100.84,NEXT_DAY,-2.1,-21008.0,978992.0
GOLD,PSAB.JK,10,1.0,10,2026-04-02,1.1,2026-04-06,2026-04-20,525.0,555.0,1000000,1904.76,NEXT_DAY,5.71,57143.0,1057143.0
GOLD,PSAB.JK,10,1.0,10,2026-05-12,1.88,2026-05-13,2026-05-27,500.0,468.0,1000000,2000.0,NEXT_DAY,-6.4,-64000.0,936000.0
GOLD,HRTA.JK,10,1.5,1,2026-01-16,6.35,2026-01-20,2026-01-21,2620.0,2550.0,1000000,381.68,NEXT_DAY,-2.67,-26718.0,973282.0
GOLD,HRTA.JK,10,1.5,1,2026-02-13,6.54,2026-02-18,2026-02-19,2600.0,2700.0,1000000,384.62,NEXT_DAY,3.85,38462.0,1038462.0
GOLD,HRTA.JK,10,1.5,1,2026-03-06,1.72,2026-03-09,2026-03-10,2600.0,2700.0,1000000,384.62,NEXT_DAY,3.85,38462.0,1038462.0
GOLD,HRTA.JK,10,1.5,1,2026-04-06,1.89,2026-04-07,2026-04-08,2420.0,2570.0,1000000,413.22,NEXT_DAY,6.2,61983.0,1061983.0
GOLD,HRTA.JK,10,1.5,1,2026-05-12,1.88,2026-05-13,2026-05-14,2660.0,2660.0,1000000,375.94,NEXT_DAY,0.0,0.0,1000000.0
GOLD,MDKA.JK,10,1.5,1,2026-01-16,6.35,2026-01-20,2026-01-21,3210.0,3310.0,1000000,311.53,NEXT_DAY,3.12,31153.0,1031153.0
GOLD,MDKA.JK,10,1.5,1,2026-02-13,6.54,2026-02-18,2026-02-19,3290.0,3530.0,1000000,303.95,NEXT_DAY,7.29,72948.0,1072948.0
GOLD,MDKA.JK,10,1.5,1,2026-03-06,1.72,2026-03-09,2026-03-10,3330.0,3500.0,1000000,300.3,NEXT_DAY,5.11,51051.0,1051051.0
GOLD,MDKA.JK,10,1.5,1,2026-04-06,1.89,2026-04-07,2026-04-08,3160.0,3300.0,1000000,316.46,NEXT_DAY,4.43,44304.0,1044304.0
GOLD,MDKA.JK,10,1.5,1,2026-05-12,1.88,2026-05-13,2026-05-14,2730.0,2730.0,1000000,366.3,NEXT_DAY,0.0,0.0,1000000.0
GOLD,ANTM.JK,10,1.5,1,2026-01-16,6.35,2026-01-20,2026-01-21,4120.0,4270.0,1000000,242.72,NEXT_DAY,3.64,36408.0,1036408.0
GOLD,ANTM.JK,10,1.5,1,2026-02-13,6.54,2026-02-18,2026-02-19,4050.0,4230.0,1000000,246.91,NEXT_DAY,4.44,44444.0,1044444.0
GOLD,ANTM.JK,10,1.5,1,2026-03-06,1.72,2026-03-09,2026-03-10,3820.0,4020.0,1000000,261.78,NEXT_DAY,5.24,52356.0,1052356.0
GOLD,ANTM.JK,10,1.5,1,2026-04-06,1.89,2026-04-07,2026-04-08,3470.0,3740.0,1000000,288.18,NEXT_DAY,7.78,77810.0,1077810.0
GOLD,ANTM.JK,10,1.5,1,2026-05-12,1.88,2026-05-13,2026-05-14,3500.0,3500.0,1000000,285.71,NEXT_DAY,0.0,0.0,1000000.0
GOLD,BRMS.JK,10,1.5,1,2026-01-16,6.35,2026-01-20,2026-01-21,1310.0,1265.0,1000000,763.36,NEXT_DAY,-3.44,-34351.0,965649.0
GOLD,BRMS.JK,10,1.5,1,2026-02-13,6.54,2026-02-18,2026-02-19,1040.0,1055.0,1000000,961.54,NEXT_DAY,1.44,14423.0,1014423.0
GOLD,BRMS.JK,10,1.5,1,2026-03-06,1.72,2026-03-09,2026-03-10,755.0,855.0,1000000,1324.5,NEXT_DAY,13.25,132450.0,1132450.0
GOLD,BRMS.JK,10,1.5,1,2026-04-06,1.89,2026-04-07,2026-04-08,760.0,865.0,1000000,1315.79,NEXT_DAY,13.82,138158.0,1138158.0
GOLD,BRMS.JK,10,1.5,1,2026-05-12,1.88,2026-05-13,2026-05-14,770.0,770.0,1000000,1298.7,NEXT_DAY,0.0,0.0,1000000.0
GOLD,PSAB.JK,10,1.5,1,2026-01-16,6.35,2026-01-20,2026-01-21,655.0,650.0,1000000,1526.72,NEXT_DAY,-0.76,-7634.0,992366.0
GOLD,PSAB.JK,10,1.5,1,2026-02-13,6.54,2026-02-18,2026-02-19,535.0,560.0,1000000,1869.16,NEXT_DAY,4.67,46729.0,1046729.0
GOLD,PSAB.JK,10,1.5,1,2026-03-06,1.72,2026-03-09,2026-03-10,476.0,505.0,1000000,2100.84,NEXT_DAY,6.09,60924.0,1060924.0
GOLD,PSAB.JK,10,1.5,1,2026-04-06,1.89,2026-04-07,2026-04-08,505.0,535.0,1000000,1980.2,NEXT_DAY,5.94,59406.0,1059406.0
GOLD,PSAB.JK,10,1.5,1,2026-05-12,1.88,2026-05-13,2026-05-14,500.0,500.0,1000000,2000.0,NEXT_DAY,0.0,0.0,1000000.0
GOLD,HRTA.JK,10,1.5,2,2026-01-16,6.35,2026-01-20,2026-01-22,2620.0,2320.0,1000000,381.68,NEXT_DAY,-11.45,-114504.0,885496.0
GOLD,HRTA.JK,10,1.5,2,2026-02-13,6.54,2026-02-18,2026-02-20,2600.0,2750.0,1000000,384.62,NEXT_DAY,5.77,57692.0,1057692.0
GOLD,HRTA.JK,10,1.5,2,2026-03-06,1.72,2026-03-09,2026-03-11,2600.0,2680.0,1000000,384.62,NEXT_DAY,3.08,30769.0,1030769.0
GOLD,HRTA.JK,10,1.5,2,2026-04-06,1.89,2026-04-07,2026-04-09,2420.0,2590.0,1000000,413.22,NEXT_DAY,7.02,70248.0,1070248.0
GOLD,HRTA.JK,10,1.5,2,2026-05-12,1.88,2026-05-13,2026-05-15,2660.0,2660.0,1000000,375.94,NEXT_DAY,0.0,0.0,1000000.0
GOLD,MDKA.JK,10,1.5,2,2026-01-16,6.35,2026-01-20,2026-01-22,3210.0,3240.0,1000000,311.53,NEXT_DAY,0.93,9346.0,1009346.0
GOLD,MDKA.JK,10,1.5,2,2026-02-13,6.54,2026-02-18,2026-02-20,3290.0,3590.0,1000000,303.95,NEXT_DAY,9.12,91185.0,1091185.0
GOLD,MDKA.JK,10,1.5,2,2026-03-06,1.72,2026-03-09,2026-03-11,3330.0,3370.0,1000000,300.3,NEXT_DAY,1.2,12012.0,1012012.0
GOLD,MDKA.JK,10,1.5,2,2026-04-06,1.89,2026-04-07,2026-04-09,3160.0,3230.0,1000000,316.46,NEXT_DAY,2.22,22152.0,1022152.0
GOLD,MDKA.JK,10,1.5,2,2026-05-12,1.88,2026-05-13,2026-05-15,2730.0,2730.0,1000000,366.3,NEXT_DAY,0.0,0.0,1000000.0
GOLD,ANTM.JK,10,1.5,2,2026-01-16,6.35,2026-01-20,2026-01-22,4120.0,4220.0,1000000,242.72,NEXT_DAY,2.43,24272.0,1024272.0
GOLD,ANTM.JK,10,1.5,2,2026-02-13,6.54,2026-02-18,2026-02-20,4050.0,4220.0,1000000,246.91,NEXT_DAY,4.2,41975.0,1041975.0
GOLD,ANTM.JK,10,1.5,2,2026-03-06,1.72,2026-03-09,2026-03-11,3820.0,3970.0,1000000,261.78,NEXT_DAY,3.93,39267.0,1039267.0
GOLD,ANTM.JK,10,1.5,2,2026-04-06,1.89,2026-04-07,2026-04-09,3470.0,3750.0,1000000,288.18,NEXT_DAY,8.07,80692.0,1080692.0
GOLD,ANTM.JK,10,1.5,2,2026-05-12,1.88,2026-05-13,2026-05-15,3500.0,3500.0,1000000,285.71,NEXT_DAY,0.0,0.0,1000000.0
GOLD,BRMS.JK,10,1.5,2,2026-01-16,6.35,2026-01-20,2026-01-22,1310.0,1230.0,1000000,763.36,NEXT_DAY,-6.11,-61069.0,938931.0
GOLD,BRMS.JK,10,1.5,2,2026-02-13,6.54,2026-02-18,2026-02-20,1040.0,1060.0,1000000,961.54,NEXT_DAY,1.92,19231.0,1019231.0
GOLD,BRMS.JK,10,1.5,2,2026-03-06,1.72,2026-03-09,2026-03-11,755.0,840.0,1000000,1324.5,NEXT_DAY,11.26,112583.0,1112583.0
GOLD,BRMS.JK,10,1.5,2,2026-04-06,1.89,2026-04-07,2026-04-09,760.0,845.0,1000000,1315.79,NEXT_DAY,11.18,111842.0,1111842.0
GOLD,BRMS.JK,10,1.5,2,2026-05-12,1.88,2026-05-13,2026-05-15,770.0,770.0,1000000,1298.7,NEXT_DAY,0.0,0.0,1000000.0
GOLD,PSAB.JK,10,1.5,2,2026-01-16,6.35,2026-01-20,2026-01-22,655.0,625.0,1000000,1526.72,NEXT_DAY,-4.58,-45802.0,954198.0
GOLD,PSAB.JK,10,1.5,2,2026-02-13,6.54,2026-02-18,2026-02-20,535.0,565.0,1000000,1869.16,NEXT_DAY,5.61,56075.0,1056075.0
GOLD,PSAB.JK,10,1.5,2,2026-03-06,1.72,2026-03-09,2026-03-11,476.0,492.0,1000000,2100.84,NEXT_DAY,3.36,33613.0,1033613.0
GOLD,PSAB.JK,10,1.5,2,2026-04-06,1.89,2026-04-07,2026-04-09,505.0,510.0,1000000,1980.2,NEXT_DAY,0.99,9901.0,1009901.0
GOLD,PSAB.JK,10,1.5,2,2026-05-12,1.88,2026-05-13,2026-05-15,500.0,500.0,1000000,2000.0,NEXT_DAY,0.0,0.0,1000000.0
GOLD,HRTA.JK,10,1.5,3,2026-01-16,6.35,2026-01-20,2026-01-23,2620.0,2330.0,1000000,381.68,NEXT_DAY,-11.07,-110687.0,889313.0
GOLD,HRTA.JK,10,1.5,3,2026-02-13,6.54,2026-02-18,2026-02-23,2600.0,2850.0,1000000,384.62,NEXT_DAY,9.62,96154.0,1096154.0
GOLD,HRTA.JK,10,1.5,3,2026-03-06,1.72,2026-03-09,2026-03-12,2600.0,2630.0,1000000,384.62,NEXT_DAY,1.15,11538.0,1011538.0
GOLD,HRTA.JK,10,1.5,3,2026-04-06,1.89,2026-04-07,2026-04-10,2420.0,2530.0,1000000,413.22,NEXT_DAY,4.55,45455.0,1045455.0
GOLD,HRTA.JK,10,1.5,3,2026-05-12,1.88,2026-05-13,2026-05-18,2660.0,2370.0,1000000,375.94,NEXT_DAY,-10.9,-109023.0,890977.0
GOLD,MDKA.JK,10,1.5,3,2026-01-16,6.35,2026-01-20,2026-01-23,3210.0,3300.0,1000000,311.53,NEXT_DAY,2.8,28037.0,1028037.0
GOLD,MDKA.JK,10,1.5,3,2026-02-13,6.54,2026-02-18,2026-02-23,3290.0,3740.0,1000000,303.95,NEXT_DAY,13.68,136778.0,1136778.0
GOLD,MDKA.JK,10,1.5,3,2026-03-06,1.72,2026-03-09,2026-03-12,3330.0,3370.0,1000000,300.3,NEXT_DAY,1.2,12012.0,1012012.0
GOLD,MDKA.JK,10,1.5,3,2026-04-06,1.89,2026-04-07,2026-04-10,3160.0,3220.0,1000000,316.46,NEXT_DAY,1.9,18987.0,1018987.0
GOLD,MDKA.JK,10,1.5,3,2026-05-12,1.88,2026-05-13,2026-05-18,2730.0,2660.0,1000000,366.3,NEXT_DAY,-2.56,-25641.0,974359.0
GOLD,ANTM.JK,10,1.5,3,2026-01-16,6.35,2026-01-20,2026-01-23,4120.0,4290.0,1000000,242.72,NEXT_DAY,4.13,41262.0,1041262.0
GOLD,ANTM.JK,10,1.5,3,2026-02-13,6.54,2026-02-18,2026-02-23,4050.0,4390.0,1000000,246.91,NEXT_DAY,8.4,83951.0,1083951.0
GOLD,ANTM.JK,10,1.5,3,2026-03-06,1.72,2026-03-09,2026-03-12,3820.0,3890.0,1000000,261.78,NEXT_DAY,1.83,18325.0,1018325.0
GOLD,ANTM.JK,10,1.5,3,2026-04-06,1.89,2026-04-07,2026-04-10,3470.0,3710.0,1000000,288.18,NEXT_DAY,6.92,69164.0,1069164.0
GOLD,ANTM.JK,10,1.5,3,2026-05-12,1.88,2026-05-13,2026-05-18,3500.0,3160.0,1000000,285.71,NEXT_DAY,-9.71,-97143.0,902857.0
GOLD,BRMS.JK,10,1.5,3,2026-01-16,6.35,2026-01-20,2026-01-23,1310.0,1250.0,1000000,763.36,NEXT_DAY,-4.58,-45802.0,954198.0
GOLD,BRMS.JK,10,1.5,3,2026-02-13,6.54,2026-02-18,2026-02-23,1040.0,1060.0,1000000,961.54,NEXT_DAY,1.92,19231.0,1019231.0
GOLD,BRMS.JK,10,1.5,3,2026-03-06,1.72,2026-03-09,2026-03-12,755.0,815.0,1000000,1324.5,NEXT_DAY,7.95,79470.0,1079470.0
GOLD,BRMS.JK,10,1.5,3,2026-04-06,1.89,2026-04-07,2026-04-10,760.0,845.0,1000000,1315.79,NEXT_DAY,11.18,111842.0,1111842.0
GOLD,BRMS.JK,10,1.5,3,2026-05-12,1.88,2026-05-13,2026-05-18,770.0,720.0,1000000,1298.7,NEXT_DAY,-6.49,-64935.0,935065.0
GOLD,PSAB.JK,10,1.5,3,2026-01-16,6.35,2026-01-20,2026-01-23,655.0,620.0,1000000,1526.72,NEXT_DAY,-5.34,-53435.0,946565.0
GOLD,PSAB.JK,10,1.5,3,2026-02-13,6.54,2026-02-18,2026-02-23,535.0,570.0,1000000,1869.16,NEXT_DAY,6.54,65421.0,1065421.0
GOLD,PSAB.JK,10,1.5,3,2026-03-06,1.72,2026-03-09,2026-03-12,476.0,482.0,1000000,2100.84,NEXT_DAY,1.26,12605.0,1012605.0
GOLD,PSAB.JK,10,1.5,3,2026-04-06,1.89,2026-04-07,2026-04-10,505.0,510.0,1000000,1980.2,NEXT_DAY,0.99,9901.0,1009901.0
GOLD,PSAB.JK,10,1.5,3,2026-05-12,1.88,2026-05-13,2026-05-18,500.0,466.0,1000000,2000.0,NEXT_DAY,-6.8,-68000.0,932000.0
GOLD,HRTA.JK,10,1.5,5,2026-01-16,6.35,2026-01-20,2026-01-27,2620.0,2410.0,1000000,381.68,NEXT_DAY,-8.02,-80153.0,919847.0
GOLD,HRTA.JK,10,1.5,5,2026-02-13,6.54,2026-02-18,2026-02-25,2600.0,2980.0,1000000,384.62,NEXT_DAY,14.62,146154.0,1146154.0
GOLD,HRTA.JK,10,1.5,5,2026-03-06,1.72,2026-03-09,2026-03-16,2600.0,2600.0,1000000,384.62,NEXT_DAY,0.0,0.0,1000000.0
GOLD,HRTA.JK,10,1.5,5,2026-04-06,1.89,2026-04-07,2026-04-14,2420.0,2550.0,1000000,413.22,NEXT_DAY,5.37,53719.0,1053719.0
GOLD,HRTA.JK,10,1.5,5,2026-05-12,1.88,2026-05-13,2026-05-20,2660.0,2170.0,1000000,375.94,NEXT_DAY,-18.42,-184211.0,815789.0
GOLD,MDKA.JK,10,1.5,5,2026-01-16,6.35,2026-01-20,2026-01-27,3210.0,3210.0,1000000,311.53,NEXT_DAY,0.0,0.0,1000000.0
GOLD,MDKA.JK,10,1.5,5,2026-02-13,6.54,2026-02-18,2026-02-25,3290.0,3820.0,1000000,303.95,NEXT_DAY,16.11,161094.0,1161094.0
GOLD,MDKA.JK,10,1.5,5,2026-03-06,1.72,2026-03-09,2026-03-16,3330.0,3060.0,1000000,300.3,NEXT_DAY,-8.11,-81081.0,918919.0
GOLD,MDKA.JK,10,1.5,5,2026-04-06,1.89,2026-04-07,2026-04-14,3160.0,3210.0,1000000,316.46,NEXT_DAY,1.58,15823.0,1015823.0
GOLD,MDKA.JK,10,1.5,5,2026-05-12,1.88,2026-05-13,2026-05-20,2730.0,2350.0,1000000,366.3,NEXT_DAY,-13.92,-139194.0,860806.0
GOLD,ANTM.JK,10,1.5,5,2026-01-16,6.35,2026-01-20,2026-01-27,4120.0,4610.0,1000000,242.72,NEXT_DAY,11.89,118932.0,1118932.0
GOLD,ANTM.JK,10,1.5,5,2026-02-13,6.54,2026-02-18,2026-02-25,4050.0,4460.0,1000000,246.91,NEXT_DAY,10.12,101235.0,1101235.0
GOLD,ANTM.JK,10,1.5,5,2026-03-06,1.72,2026-03-09,2026-03-16,3820.0,3640.0,1000000,261.78,NEXT_DAY,-4.71,-47120.0,952880.0
GOLD,ANTM.JK,10,1.5,5,2026-04-06,1.89,2026-04-07,2026-04-14,3470.0,3900.0,1000000,288.18,NEXT_DAY,12.39,123919.0,1123919.0
GOLD,ANTM.JK,10,1.5,5,2026-05-12,1.88,2026-05-13,2026-05-20,3500.0,3100.0,1000000,285.71,NEXT_DAY,-11.43,-114286.0,885714.0
GOLD,BRMS.JK,10,1.5,5,2026-01-16,6.35,2026-01-20,2026-01-27,1310.0,1295.0,1000000,763.36,NEXT_DAY,-1.15,-11450.0,988550.0
GOLD,BRMS.JK,10,1.5,5,2026-02-13,6.54,2026-02-18,2026-02-25,1040.0,980.0,1000000,961.54,NEXT_DAY,-5.77,-57692.0,942308.0
GOLD,BRMS.JK,10,1.5,5,2026-03-06,1.72,2026-03-09,2026-03-16,755.0,675.0,1000000,1324.5,NEXT_DAY,-10.6,-105960.0,894040.0
GOLD,BRMS.JK,10,1.5,5,2026-04-06,1.89,2026-04-07,2026-04-14,760.0,860.0,1000000,1315.79,NEXT_DAY,13.16,131579.0,1131579.0
GOLD,BRMS.JK,10,1.5,5,2026-05-12,1.88,2026-05-13,2026-05-20,770.0,660.0,1000000,1298.7,NEXT_DAY,-14.29,-142857.0,857143.0
GOLD,PSAB.JK,10,1.5,5,2026-01-16,6.35,2026-01-20,2026-01-27,655.0,625.0,1000000,1526.72,NEXT_DAY,-4.58,-45802.0,954198.0
GOLD,PSAB.JK,10,1.5,5,2026-02-13,6.54,2026-02-18,2026-02-25,535.0,570.0,1000000,1869.16,NEXT_DAY,6.54,65421.0,1065421.0
GOLD,PSAB.JK,10,1.5,5,2026-03-06,1.72,2026-03-09,2026-03-16,476.0,555.0,1000000,2100.84,NEXT_DAY,16.6,165966.0,1165966.0
GOLD,PSAB.JK,10,1.5,5,2026-04-06,1.89,2026-04-07,2026-04-14,505.0,530.0,1000000,1980.2,NEXT_DAY,4.95,49505.0,1049505.0
GOLD,PSAB.JK,10,1.5,5,2026-05-12,1.88,2026-05-13,2026-05-20,500.0,390.0,1000000,2000.0,NEXT_DAY,-22.0,-220000.0,780000.0
GOLD,HRTA.JK,10,1.5,10,2026-01-16,6.35,2026-01-20,2026-02-03,2620.0,2160.0,1000000,381.68,NEXT_DAY,-17.56,-175573.0,824427.0
GOLD,HRTA.JK,10,1.5,10,2026-02-13,6.54,2026-02-18,2026-03-04,2600.0,3000.0,1000000,384.62,NEXT_DAY,15.38,153846.0,1153846.0
GOLD,HRTA.JK,10,1.5,10,2026-03-06,1.72,2026-03-09,2026-03-30,2600.0,2200.0,1000000,384.62,NEXT_DAY,-15.38,-153846.0,846154.0
GOLD,HRTA.JK,10,1.5,10,2026-04-06,1.89,2026-04-07,2026-04-21,2420.0,2970.0,1000000,413.22,NEXT_DAY,22.73,227273.0,1227273.0
GOLD,HRTA.JK,10,1.5,10,2026-05-12,1.88,2026-05-13,2026-05-27,2660.0,2370.0,1000000,375.94,NEXT_DAY,-10.9,-109023.0,890977.0
GOLD,MDKA.JK,10,1.5,10,2026-01-16,6.35,2026-01-20,2026-02-03,3210.0,2950.0,1000000,311.53,NEXT_DAY,-8.1,-80997.0,919003.0
GOLD,MDKA.JK,10,1.5,10,2026-02-13,6.54,2026-02-18,2026-03-04,3290.0,3430.0,1000000,303.95,NEXT_DAY,4.26,42553.0,1042553.0
GOLD,MDKA.JK,10,1.5,10,2026-03-06,1.72,2026-03-09,2026-03-30,3330.0,3100.0,1000000,300.3,NEXT_DAY,-6.91,-69069.0,930931.0
GOLD,MDKA.JK,10,1.5,10,2026-04-06,1.89,2026-04-07,2026-04-21,3160.0,3370.0,1000000,316.46,NEXT_DAY,6.65,66456.0,1066456.0
GOLD,MDKA.JK,10,1.5,10,2026-05-12,1.88,2026-05-13,2026-05-27,2730.0,2720.0,1000000,366.3,NEXT_DAY,-0.37,-3663.0,996337.0
GOLD,ANTM.JK,10,1.5,10,2026-01-16,6.35,2026-01-20,2026-02-03,4120.0,3930.0,1000000,242.72,NEXT_DAY,-4.61,-46117.0,953883.0
GOLD,ANTM.JK,10,1.5,10,2026-02-13,6.54,2026-02-18,2026-03-04,4050.0,4050.0,1000000,246.91,NEXT_DAY,0.0,0.0,1000000.0
GOLD,ANTM.JK,10,1.5,10,2026-03-06,1.72,2026-03-09,2026-03-30,3820.0,3500.0,1000000,261.78,NEXT_DAY,-8.38,-83770.0,916230.0
GOLD,ANTM.JK,10,1.5,10,2026-04-06,1.89,2026-04-07,2026-04-21,3470.0,4030.0,1000000,288.18,NEXT_DAY,16.14,161383.0,1161383.0
GOLD,ANTM.JK,10,1.5,10,2026-05-12,1.88,2026-05-13,2026-05-27,3500.0,2960.0,1000000,285.71,NEXT_DAY,-15.43,-154286.0,845714.0
GOLD,BRMS.JK,10,1.5,10,2026-01-16,6.35,2026-01-20,2026-02-03,1310.0,955.0,1000000,763.36,NEXT_DAY,-27.1,-270992.0,729008.0
GOLD,BRMS.JK,10,1.5,10,2026-02-13,6.54,2026-02-18,2026-03-04,1040.0,850.0,1000000,961.54,NEXT_DAY,-18.27,-182692.0,817308.0
GOLD,BRMS.JK,10,1.5,10,2026-03-06,1.72,2026-03-09,2026-03-30,755.0,765.0,1000000,1324.5,NEXT_DAY,1.32,13245.0,1013245.0
GOLD,BRMS.JK,10,1.5,10,2026-04-06,1.89,2026-04-07,2026-04-21,760.0,900.0,1000000,1315.79,NEXT_DAY,18.42,184211.0,1184211.0
GOLD,BRMS.JK,10,1.5,10,2026-05-12,1.88,2026-05-13,2026-05-27,770.0,605.0,1000000,1298.7,NEXT_DAY,-21.43,-214286.0,785714.0
GOLD,PSAB.JK,10,1.5,10,2026-01-16,6.35,2026-01-20,2026-02-03,655.0,510.0,1000000,1526.72,NEXT_DAY,-22.14,-221374.0,778626.0
GOLD,PSAB.JK,10,1.5,10,2026-02-13,6.54,2026-02-18,2026-03-04,535.0,530.0,1000000,1869.16,NEXT_DAY,-0.93,-9346.0,990654.0
GOLD,PSAB.JK,10,1.5,10,2026-03-06,1.72,2026-03-09,2026-03-30,476.0,466.0,1000000,2100.84,NEXT_DAY,-2.1,-21008.0,978992.0
GOLD,PSAB.JK,10,1.5,10,2026-04-06,1.89,2026-04-07,2026-04-21,505.0,575.0,1000000,1980.2,NEXT_DAY,13.86,138614.0,1138614.0
GOLD,PSAB.JK,10,1.5,10,2026-05-12,1.88,2026-05-13,2026-05-27,500.0,468.0,1000000,2000.0,NEXT_DAY,-6.4,-64000.0,936000.0
GOLD,HRTA.JK,10,2.0,1,2026-01-16,6.35,2026-01-20,2026-01-21,2620.0,2550.0,1000000,381.68,NEXT_DAY,-2.67,-26718.0,973282.0
GOLD,HRTA.JK,10,2.0,1,2026-02-13,6.54,2026-02-18,2026-02-19,2600.0,2700.0,1000000,384.62,NEXT_DAY,3.85,38462.0,1038462.0
GOLD,HRTA.JK,10,2.0,1,2026-04-07,5.74,2026-04-08,2026-04-09,2570.0,2590.0,1000000,389.11,NEXT_DAY,0.78,7782.0,1007782.0
GOLD,HRTA.JK,10,2.0,1,2026-05-13,3.36,2026-05-14,2026-05-15,2660.0,2660.0,1000000,375.94,NEXT_DAY,0.0,0.0,1000000.0
GOLD,MDKA.JK,10,2.0,1,2026-01-16,6.35,2026-01-20,2026-01-21,3210.0,3310.0,1000000,311.53,NEXT_DAY,3.12,31153.0,1031153.0
GOLD,MDKA.JK,10,2.0,1,2026-02-13,6.54,2026-02-18,2026-02-19,3290.0,3530.0,1000000,303.95,NEXT_DAY,7.29,72948.0,1072948.0
GOLD,MDKA.JK,10,2.0,1,2026-04-07,5.74,2026-04-08,2026-04-09,3300.0,3230.0,1000000,303.03,NEXT_DAY,-2.12,-21212.0,978788.0
GOLD,MDKA.JK,10,2.0,1,2026-05-13,3.36,2026-05-14,2026-05-15,2730.0,2730.0,1000000,366.3,NEXT_DAY,0.0,0.0,1000000.0
GOLD,ANTM.JK,10,2.0,1,2026-01-16,6.35,2026-01-20,2026-01-21,4120.0,4270.0,1000000,242.72,NEXT_DAY,3.64,36408.0,1036408.0
GOLD,ANTM.JK,10,2.0,1,2026-02-13,6.54,2026-02-18,2026-02-19,4050.0,4230.0,1000000,246.91,NEXT_DAY,4.44,44444.0,1044444.0
GOLD,ANTM.JK,10,2.0,1,2026-04-07,5.74,2026-04-08,2026-04-09,3740.0,3750.0,1000000,267.38,NEXT_DAY,0.27,2674.0,1002674.0
GOLD,ANTM.JK,10,2.0,1,2026-05-13,3.36,2026-05-14,2026-05-15,3500.0,3500.0,1000000,285.71,NEXT_DAY,0.0,0.0,1000000.0
GOLD,BRMS.JK,10,2.0,1,2026-01-16,6.35,2026-01-20,2026-01-21,1310.0,1265.0,1000000,763.36,NEXT_DAY,-3.44,-34351.0,965649.0
GOLD,BRMS.JK,10,2.0,1,2026-02-13,6.54,2026-02-18,2026-02-19,1040.0,1055.0,1000000,961.54,NEXT_DAY,1.44,14423.0,1014423.0
GOLD,BRMS.JK,10,2.0,1,2026-04-07,5.74,2026-04-08,2026-04-09,865.0,845.0,1000000,1156.07,NEXT_DAY,-2.31,-23121.0,976879.0
GOLD,BRMS.JK,10,2.0,1,2026-05-13,3.36,2026-05-14,2026-05-15,770.0,770.0,1000000,1298.7,NEXT_DAY,0.0,0.0,1000000.0
GOLD,PSAB.JK,10,2.0,1,2026-01-16,6.35,2026-01-20,2026-01-21,655.0,650.0,1000000,1526.72,NEXT_DAY,-0.76,-7634.0,992366.0
GOLD,PSAB.JK,10,2.0,1,2026-02-13,6.54,2026-02-18,2026-02-19,535.0,560.0,1000000,1869.16,NEXT_DAY,4.67,46729.0,1046729.0
GOLD,PSAB.JK,10,2.0,1,2026-04-07,5.74,2026-04-08,2026-04-09,535.0,510.0,1000000,1869.16,NEXT_DAY,-4.67,-46729.0,953271.0
GOLD,PSAB.JK,10,2.0,1,2026-05-13,3.36,2026-05-14,2026-05-15,500.0,500.0,1000000,2000.0,NEXT_DAY,0.0,0.0,1000000.0
GOLD,HRTA.JK,10,2.0,2,2026-01-16,6.35,2026-01-20,2026-01-22,2620.0,2320.0,1000000,381.68,NEXT_DAY,-11.45,-114504.0,885496.0
GOLD,HRTA.JK,10,2.0,2,2026-02-13,6.54,2026-02-18,2026-02-20,2600.0,2750.0,1000000,384.62,NEXT_DAY,5.77,57692.0,1057692.0
GOLD,HRTA.JK,10,2.0,2,2026-04-07,5.74,2026-04-08,2026-04-10,2570.0,2530.0,1000000,389.11,NEXT_DAY,-1.56,-15564.0,984436.0
GOLD,HRTA.JK,10,2.0,2,2026-05-13,3.36,2026-05-14,2026-05-18,2660.0,2370.0,1000000,375.94,NEXT_DAY,-10.9,-109023.0,890977.0
GOLD,MDKA.JK,10,2.0,2,2026-01-16,6.35,2026-01-20,2026-01-22,3210.0,3240.0,1000000,311.53,NEXT_DAY,0.93,9346.0,1009346.0
GOLD,MDKA.JK,10,2.0,2,2026-02-13,6.54,2026-02-18,2026-02-20,3290.0,3590.0,1000000,303.95,NEXT_DAY,9.12,91185.0,1091185.0
GOLD,MDKA.JK,10,2.0,2,2026-04-07,5.74,2026-04-08,2026-04-10,3300.0,3220.0,1000000,303.03,NEXT_DAY,-2.42,-24242.0,975758.0
GOLD,MDKA.JK,10,2.0,2,2026-05-13,3.36,2026-05-14,2026-05-18,2730.0,2660.0,1000000,366.3,NEXT_DAY,-2.56,-25641.0,974359.0
GOLD,ANTM.JK,10,2.0,2,2026-01-16,6.35,2026-01-20,2026-01-22,4120.0,4220.0,1000000,242.72,NEXT_DAY,2.43,24272.0,1024272.0
GOLD,ANTM.JK,10,2.0,2,2026-02-13,6.54,2026-02-18,2026-02-20,4050.0,4220.0,1000000,246.91,NEXT_DAY,4.2,41975.0,1041975.0
GOLD,ANTM.JK,10,2.0,2,2026-04-07,5.74,2026-04-08,2026-04-10,3740.0,3710.0,1000000,267.38,NEXT_DAY,-0.8,-8021.0,991979.0
GOLD,ANTM.JK,10,2.0,2,2026-05-13,3.36,2026-05-14,2026-05-18,3500.0,3160.0,1000000,285.71,NEXT_DAY,-9.71,-97143.0,902857.0
GOLD,BRMS.JK,10,2.0,2,2026-01-16,6.35,2026-01-20,2026-01-22,1310.0,1230.0,1000000,763.36,NEXT_DAY,-6.11,-61069.0,938931.0
GOLD,BRMS.JK,10,2.0,2,2026-02-13,6.54,2026-02-18,2026-02-20,1040.0,1060.0,1000000,961.54,NEXT_DAY,1.92,19231.0,1019231.0
GOLD,BRMS.JK,10,2.0,2,2026-04-07,5.74,2026-04-08,2026-04-10,865.0,845.0,1000000,1156.07,NEXT_DAY,-2.31,-23121.0,976879.0
GOLD,BRMS.JK,10,2.0,2,2026-05-13,3.36,2026-05-14,2026-05-18,770.0,720.0,1000000,1298.7,NEXT_DAY,-6.49,-64935.0,935065.0
GOLD,PSAB.JK,10,2.0,2,2026-01-16,6.35,2026-01-20,2026-01-22,655.0,625.0,1000000,1526.72,NEXT_DAY,-4.58,-45802.0,954198.0
GOLD,PSAB.JK,10,2.0,2,2026-02-13,6.54,2026-02-18,2026-02-20,535.0,565.0,1000000,1869.16,NEXT_DAY,5.61,56075.0,1056075.0
GOLD,PSAB.JK,10,2.0,2,2026-04-07,5.74,2026-04-08,2026-04-10,535.0,510.0,1000000,1869.16,NEXT_DAY,-4.67,-46729.0,953271.0
GOLD,PSAB.JK,10,2.0,2,2026-05-13,3.36,2026-05-14,2026-05-18,500.0,466.0,1000000,2000.0,NEXT_DAY,-6.8,-68000.0,932000.0
GOLD,HRTA.JK,10,2.0,3,2026-01-16,6.35,2026-01-20,2026-01-23,2620.0,2330.0,1000000,381.68,NEXT_DAY,-11.07,-110687.0,889313.0
GOLD,HRTA.JK,10,2.0,3,2026-02-13,6.54,2026-02-18,2026-02-23,2600.0,2850.0,1000000,384.62,NEXT_DAY,9.62,96154.0,1096154.0
GOLD,HRTA.JK,10,2.0,3,2026-04-07,5.74,2026-04-08,2026-04-13,2570.0,2480.0,1000000,389.11,NEXT_DAY,-3.5,-35019.0,964981.0
GOLD,HRTA.JK,10,2.0,3,2026-05-13,3.36,2026-05-14,2026-05-19,2660.0,2180.0,1000000,375.94,NEXT_DAY,-18.05,-180451.0,819549.0
GOLD,MDKA.JK,10,2.0,3,2026-01-16,6.35,2026-01-20,2026-01-23,3210.0,3300.0,1000000,311.53,NEXT_DAY,2.8,28037.0,1028037.0
GOLD,MDKA.JK,10,2.0,3,2026-02-13,6.54,2026-02-18,2026-02-23,3290.0,3740.0,1000000,303.95,NEXT_DAY,13.68,136778.0,1136778.0
GOLD,MDKA.JK,10,2.0,3,2026-04-07,5.74,2026-04-08,2026-04-13,3300.0,3150.0,1000000,303.03,NEXT_DAY,-4.55,-45455.0,954545.0
GOLD,MDKA.JK,10,2.0,3,2026-05-13,3.36,2026-05-14,2026-05-19,2730.0,2500.0,1000000,366.3,NEXT_DAY,-8.42,-84249.0,915751.0
GOLD,ANTM.JK,10,2.0,3,2026-01-16,6.35,2026-01-20,2026-01-23,4120.0,4290.0,1000000,242.72,NEXT_DAY,4.13,41262.0,1041262.0
GOLD,ANTM.JK,10,2.0,3,2026-02-13,6.54,2026-02-18,2026-02-23,4050.0,4390.0,1000000,246.91,NEXT_DAY,8.4,83951.0,1083951.0
GOLD,ANTM.JK,10,2.0,3,2026-04-07,5.74,2026-04-08,2026-04-13,3740.0,3750.0,1000000,267.38,NEXT_DAY,0.27,2674.0,1002674.0
GOLD,ANTM.JK,10,2.0,3,2026-05-13,3.36,2026-05-14,2026-05-19,3500.0,3060.0,1000000,285.71,NEXT_DAY,-12.57,-125714.0,874286.0
GOLD,BRMS.JK,10,2.0,3,2026-01-16,6.35,2026-01-20,2026-01-23,1310.0,1250.0,1000000,763.36,NEXT_DAY,-4.58,-45802.0,954198.0
GOLD,BRMS.JK,10,2.0,3,2026-02-13,6.54,2026-02-18,2026-02-23,1040.0,1060.0,1000000,961.54,NEXT_DAY,1.92,19231.0,1019231.0
GOLD,BRMS.JK,10,2.0,3,2026-04-07,5.74,2026-04-08,2026-04-13,865.0,870.0,1000000,1156.07,NEXT_DAY,0.58,5780.0,1005780.0
GOLD,BRMS.JK,10,2.0,3,2026-05-13,3.36,2026-05-14,2026-05-19,770.0,670.0,1000000,1298.7,NEXT_DAY,-12.99,-129870.0,870130.0
GOLD,PSAB.JK,10,2.0,3,2026-01-16,6.35,2026-01-20,2026-01-23,655.0,620.0,1000000,1526.72,NEXT_DAY,-5.34,-53435.0,946565.0
GOLD,PSAB.JK,10,2.0,3,2026-02-13,6.54,2026-02-18,2026-02-23,535.0,570.0,1000000,1869.16,NEXT_DAY,6.54,65421.0,1065421.0
GOLD,PSAB.JK,10,2.0,3,2026-04-07,5.74,2026-04-08,2026-04-13,535.0,515.0,1000000,1869.16,NEXT_DAY,-3.74,-37383.0,962617.0
GOLD,PSAB.JK,10,2.0,3,2026-05-13,3.36,2026-05-14,2026-05-19,500.0,412.0,1000000,2000.0,NEXT_DAY,-17.6,-176000.0,824000.0
GOLD,HRTA.JK,10,2.0,5,2026-01-16,6.35,2026-01-20,2026-01-27,2620.0,2410.0,1000000,381.68,NEXT_DAY,-8.02,-80153.0,919847.0
GOLD,HRTA.JK,10,2.0,5,2026-02-13,6.54,2026-02-18,2026-02-25,2600.0,2980.0,1000000,384.62,NEXT_DAY,14.62,146154.0,1146154.0
GOLD,HRTA.JK,10,2.0,5,2026-04-07,5.74,2026-04-08,2026-04-15,2570.0,2580.0,1000000,389.11,NEXT_DAY,0.39,3891.0,1003891.0
GOLD,HRTA.JK,10,2.0,5,2026-05-13,3.36,2026-05-14,2026-05-21,2660.0,2130.0,1000000,375.94,NEXT_DAY,-19.92,-199248.0,800752.0
GOLD,MDKA.JK,10,2.0,5,2026-01-16,6.35,2026-01-20,2026-01-27,3210.0,3210.0,1000000,311.53,NEXT_DAY,0.0,0.0,1000000.0
GOLD,MDKA.JK,10,2.0,5,2026-02-13,6.54,2026-02-18,2026-02-25,3290.0,3820.0,1000000,303.95,NEXT_DAY,16.11,161094.0,1161094.0
GOLD,MDKA.JK,10,2.0,5,2026-04-07,5.74,2026-04-08,2026-04-15,3300.0,3350.0,1000000,303.03,NEXT_DAY,1.52,15152.0,1015152.0
GOLD,MDKA.JK,10,2.0,5,2026-05-13,3.36,2026-05-14,2026-05-21,2730.0,2180.0,1000000,366.3,NEXT_DAY,-20.15,-201465.0,798535.0
GOLD,ANTM.JK,10,2.0,5,2026-01-16,6.35,2026-01-20,2026-01-27,4120.0,4610.0,1000000,242.72,NEXT_DAY,11.89,118932.0,1118932.0
GOLD,ANTM.JK,10,2.0,5,2026-02-13,6.54,2026-02-18,2026-02-25,4050.0,4460.0,1000000,246.91,NEXT_DAY,10.12,101235.0,1101235.0
GOLD,ANTM.JK,10,2.0,5,2026-04-07,5.74,2026-04-08,2026-04-15,3740.0,3940.0,1000000,267.38,NEXT_DAY,5.35,53476.0,1053476.0
GOLD,ANTM.JK,10,2.0,5,2026-05-13,3.36,2026-05-14,2026-05-21,3500.0,2970.0,1000000,285.71,NEXT_DAY,-15.14,-151429.0,848571.0
GOLD,BRMS.JK,10,2.0,5,2026-01-16,6.35,2026-01-20,2026-01-27,1310.0,1295.0,1000000,763.36,NEXT_DAY,-1.15,-11450.0,988550.0
GOLD,BRMS.JK,10,2.0,5,2026-02-13,6.54,2026-02-18,2026-02-25,1040.0,980.0,1000000,961.54,NEXT_DAY,-5.77,-57692.0,942308.0
GOLD,BRMS.JK,10,2.0,5,2026-04-07,5.74,2026-04-08,2026-04-15,865.0,855.0,1000000,1156.07,NEXT_DAY,-1.16,-11561.0,988439.0
GOLD,BRMS.JK,10,2.0,5,2026-05-13,3.36,2026-05-14,2026-05-21,770.0,565.0,1000000,1298.7,NEXT_DAY,-26.62,-266234.0,733766.0
GOLD,PSAB.JK,10,2.0,5,2026-01-16,6.35,2026-01-20,2026-01-27,655.0,625.0,1000000,1526.72,NEXT_DAY,-4.58,-45802.0,954198.0
GOLD,PSAB.JK,10,2.0,5,2026-02-13,6.54,2026-02-18,2026-02-25,535.0,570.0,1000000,1869.16,NEXT_DAY,6.54,65421.0,1065421.0
GOLD,PSAB.JK,10,2.0,5,2026-04-07,5.74,2026-04-08,2026-04-15,535.0,525.0,1000000,1869.16,NEXT_DAY,-1.87,-18692.0,981308.0
GOLD,PSAB.JK,10,2.0,5,2026-05-13,3.36,2026-05-14,2026-05-21,500.0,372.0,1000000,2000.0,NEXT_DAY,-25.6,-256000.0,744000.0
GOLD,HRTA.JK,10,2.0,10,2026-01-16,6.35,2026-01-20,2026-02-03,2620.0,2160.0,1000000,381.68,NEXT_DAY,-17.56,-175573.0,824427.0
GOLD,HRTA.JK,10,2.0,10,2026-02-13,6.54,2026-02-18,2026-03-04,2600.0,3000.0,1000000,384.62,NEXT_DAY,15.38,153846.0,1153846.0
GOLD,HRTA.JK,10,2.0,10,2026-04-07,5.74,2026-04-08,2026-04-22,2570.0,3040.0,1000000,389.11,NEXT_DAY,18.29,182879.0,1182879.0
GOLD,HRTA.JK,10,2.0,10,2026-05-13,3.36,2026-05-14,2026-05-28,2660.0,2370.0,1000000,375.94,NEXT_DAY,-10.9,-109023.0,890977.0
GOLD,MDKA.JK,10,2.0,10,2026-01-16,6.35,2026-01-20,2026-02-03,3210.0,2950.0,1000000,311.53,NEXT_DAY,-8.1,-80997.0,919003.0
GOLD,MDKA.JK,10,2.0,10,2026-02-13,6.54,2026-02-18,2026-03-04,3290.0,3430.0,1000000,303.95,NEXT_DAY,4.26,42553.0,1042553.0
GOLD,MDKA.JK,10,2.0,10,2026-04-07,5.74,2026-04-08,2026-04-22,3300.0,3400.0,1000000,303.03,NEXT_DAY,3.03,30303.0,1030303.0
GOLD,MDKA.JK,10,2.0,10,2026-05-13,3.36,2026-05-14,2026-05-28,2730.0,2720.0,1000000,366.3,NEXT_DAY,-0.37,-3663.0,996337.0
GOLD,ANTM.JK,10,2.0,10,2026-01-16,6.35,2026-01-20,2026-02-03,4120.0,3930.0,1000000,242.72,NEXT_DAY,-4.61,-46117.0,953883.0
GOLD,ANTM.JK,10,2.0,10,2026-02-13,6.54,2026-02-18,2026-03-04,4050.0,4050.0,1000000,246.91,NEXT_DAY,0.0,0.0,1000000.0
GOLD,ANTM.JK,10,2.0,10,2026-04-07,5.74,2026-04-08,2026-04-22,3740.0,4100.0,1000000,267.38,NEXT_DAY,9.63,96257.0,1096257.0
GOLD,ANTM.JK,10,2.0,10,2026-05-13,3.36,2026-05-14,2026-05-28,3500.0,2960.0,1000000,285.71,NEXT_DAY,-15.43,-154286.0,845714.0
GOLD,BRMS.JK,10,2.0,10,2026-01-16,6.35,2026-01-20,2026-02-03,1310.0,955.0,1000000,763.36,NEXT_DAY,-27.1,-270992.0,729008.0
GOLD,BRMS.JK,10,2.0,10,2026-02-13,6.54,2026-02-18,2026-03-04,1040.0,850.0,1000000,961.54,NEXT_DAY,-18.27,-182692.0,817308.0
GOLD,BRMS.JK,10,2.0,10,2026-04-07,5.74,2026-04-08,2026-04-22,865.0,905.0,1000000,1156.07,NEXT_DAY,4.62,46243.0,1046243.0
GOLD,BRMS.JK,10,2.0,10,2026-05-13,3.36,2026-05-14,2026-05-28,770.0,605.0,1000000,1298.7,NEXT_DAY,-21.43,-214286.0,785714.0
GOLD,PSAB.JK,10,2.0,10,2026-01-16,6.35,2026-01-20,2026-02-03,655.0,510.0,1000000,1526.72,NEXT_DAY,-22.14,-221374.0,778626.0
GOLD,PSAB.JK,10,2.0,10,2026-02-13,6.54,2026-02-18,2026-03-04,535.0,530.0,1000000,1869.16,NEXT_DAY,-0.93,-9346.0,990654.0
GOLD,PSAB.JK,10,2.0,10,2026-04-07,5.74,2026-04-08,2026-04-22,535.0,575.0,1000000,1869.16,NEXT_DAY,7.48,74766.0,1074766.0
GOLD,PSAB.JK,10,2.0,10,2026-05-13,3.36,2026-05-14,2026-05-28,500.0,468.0,1000000,2000.0,NEXT_DAY,-6.4,-64000.0,936000.0
GOLD,HRTA.JK,10,2.5,1,2026-01-16,6.35,2026-01-20,2026-01-21,2620.0,2550.0,1000000,381.68,NEXT_DAY,-2.67,-26718.0,973282.0
GOLD,HRTA.JK,10,2.5,1,2026-02-13,6.54,2026-02-18,2026-02-19,2600.0,2700.0,1000000,384.62,NEXT_DAY,3.85,38462.0,1038462.0
GOLD,HRTA.JK,10,2.5,1,2026-04-07,5.74,2026-04-08,2026-04-09,2570.0,2590.0,1000000,389.11,NEXT_DAY,0.78,7782.0,1007782.0
GOLD,HRTA.JK,10,2.5,1,2026-05-13,3.36,2026-05-14,2026-05-15,2660.0,2660.0,1000000,375.94,NEXT_DAY,0.0,0.0,1000000.0
GOLD,MDKA.JK,10,2.5,1,2026-01-16,6.35,2026-01-20,2026-01-21,3210.0,3310.0,1000000,311.53,NEXT_DAY,3.12,31153.0,1031153.0
GOLD,MDKA.JK,10,2.5,1,2026-02-13,6.54,2026-02-18,2026-02-19,3290.0,3530.0,1000000,303.95,NEXT_DAY,7.29,72948.0,1072948.0
GOLD,MDKA.JK,10,2.5,1,2026-04-07,5.74,2026-04-08,2026-04-09,3300.0,3230.0,1000000,303.03,NEXT_DAY,-2.12,-21212.0,978788.0
GOLD,MDKA.JK,10,2.5,1,2026-05-13,3.36,2026-05-14,2026-05-15,2730.0,2730.0,1000000,366.3,NEXT_DAY,0.0,0.0,1000000.0
GOLD,ANTM.JK,10,2.5,1,2026-01-16,6.35,2026-01-20,2026-01-21,4120.0,4270.0,1000000,242.72,NEXT_DAY,3.64,36408.0,1036408.0
GOLD,ANTM.JK,10,2.5,1,2026-02-13,6.54,2026-02-18,2026-02-19,4050.0,4230.0,1000000,246.91,NEXT_DAY,4.44,44444.0,1044444.0
GOLD,ANTM.JK,10,2.5,1,2026-04-07,5.74,2026-04-08,2026-04-09,3740.0,3750.0,1000000,267.38,NEXT_DAY,0.27,2674.0,1002674.0
GOLD,ANTM.JK,10,2.5,1,2026-05-13,3.36,2026-05-14,2026-05-15,3500.0,3500.0,1000000,285.71,NEXT_DAY,0.0,0.0,1000000.0
GOLD,BRMS.JK,10,2.5,1,2026-01-16,6.35,2026-01-20,2026-01-21,1310.0,1265.0,1000000,763.36,NEXT_DAY,-3.44,-34351.0,965649.0
GOLD,BRMS.JK,10,2.5,1,2026-02-13,6.54,2026-02-18,2026-02-19,1040.0,1055.0,1000000,961.54,NEXT_DAY,1.44,14423.0,1014423.0
GOLD,BRMS.JK,10,2.5,1,2026-04-07,5.74,2026-04-08,2026-04-09,865.0,845.0,1000000,1156.07,NEXT_DAY,-2.31,-23121.0,976879.0
GOLD,BRMS.JK,10,2.5,1,2026-05-13,3.36,2026-05-14,2026-05-15,770.0,770.0,1000000,1298.7,NEXT_DAY,0.0,0.0,1000000.0
GOLD,PSAB.JK,10,2.5,1,2026-01-16,6.35,2026-01-20,2026-01-21,655.0,650.0,1000000,1526.72,NEXT_DAY,-0.76,-7634.0,992366.0
GOLD,PSAB.JK,10,2.5,1,2026-02-13,6.54,2026-02-18,2026-02-19,535.0,560.0,1000000,1869.16,NEXT_DAY,4.67,46729.0,1046729.0
GOLD,PSAB.JK,10,2.5,1,2026-04-07,5.74,2026-04-08,2026-04-09,535.0,510.0,1000000,1869.16,NEXT_DAY,-4.67,-46729.0,953271.0
GOLD,PSAB.JK,10,2.5,1,2026-05-13,3.36,2026-05-14,2026-05-15,500.0,500.0,1000000,2000.0,NEXT_DAY,0.0,0.0,1000000.0
GOLD,HRTA.JK,10,2.5,2,2026-01-16,6.35,2026-01-20,2026-01-22,2620.0,2320.0,1000000,381.68,NEXT_DAY,-11.45,-114504.0,885496.0
GOLD,HRTA.JK,10,2.5,2,2026-02-13,6.54,2026-02-18,2026-02-20,2600.0,2750.0,1000000,384.62,NEXT_DAY,5.77,57692.0,1057692.0
GOLD,HRTA.JK,10,2.5,2,2026-04-07,5.74,2026-04-08,2026-04-10,2570.0,2530.0,1000000,389.11,NEXT_DAY,-1.56,-15564.0,984436.0
GOLD,HRTA.JK,10,2.5,2,2026-05-13,3.36,2026-05-14,2026-05-18,2660.0,2370.0,1000000,375.94,NEXT_DAY,-10.9,-109023.0,890977.0
GOLD,MDKA.JK,10,2.5,2,2026-01-16,6.35,2026-01-20,2026-01-22,3210.0,3240.0,1000000,311.53,NEXT_DAY,0.93,9346.0,1009346.0
GOLD,MDKA.JK,10,2.5,2,2026-02-13,6.54,2026-02-18,2026-02-20,3290.0,3590.0,1000000,303.95,NEXT_DAY,9.12,91185.0,1091185.0
GOLD,MDKA.JK,10,2.5,2,2026-04-07,5.74,2026-04-08,2026-04-10,3300.0,3220.0,1000000,303.03,NEXT_DAY,-2.42,-24242.0,975758.0
GOLD,MDKA.JK,10,2.5,2,2026-05-13,3.36,2026-05-14,2026-05-18,2730.0,2660.0,1000000,366.3,NEXT_DAY,-2.56,-25641.0,974359.0
GOLD,ANTM.JK,10,2.5,2,2026-01-16,6.35,2026-01-20,2026-01-22,4120.0,4220.0,1000000,242.72,NEXT_DAY,2.43,24272.0,1024272.0
GOLD,ANTM.JK,10,2.5,2,2026-02-13,6.54,2026-02-18,2026-02-20,4050.0,4220.0,1000000,246.91,NEXT_DAY,4.2,41975.0,1041975.0
GOLD,ANTM.JK,10,2.5,2,2026-04-07,5.74,2026-04-08,2026-04-10,3740.0,3710.0,1000000,267.38,NEXT_DAY,-0.8,-8021.0,991979.0
GOLD,ANTM.JK,10,2.5,2,2026-05-13,3.36,2026-05-14,2026-05-18,3500.0,3160.0,1000000,285.71,NEXT_DAY,-9.71,-97143.0,902857.0
GOLD,BRMS.JK,10,2.5,2,2026-01-16,6.35,2026-01-20,2026-01-22,1310.0,1230.0,1000000,763.36,NEXT_DAY,-6.11,-61069.0,938931.0
GOLD,BRMS.JK,10,2.5,2,2026-02-13,6.54,2026-02-18,2026-02-20,1040.0,1060.0,1000000,961.54,NEXT_DAY,1.92,19231.0,1019231.0
GOLD,BRMS.JK,10,2.5,2,2026-04-07,5.74,2026-04-08,2026-04-10,865.0,845.0,1000000,1156.07,NEXT_DAY,-2.31,-23121.0,976879.0
GOLD,BRMS.JK,10,2.5,2,2026-05-13,3.36,2026-05-14,2026-05-18,770.0,720.0,1000000,1298.7,NEXT_DAY,-6.49,-64935.0,935065.0
GOLD,PSAB.JK,10,2.5,2,2026-01-16,6.35,2026-01-20,2026-01-22,655.0,625.0,1000000,1526.72,NEXT_DAY,-4.58,-45802.0,954198.0
GOLD,PSAB.JK,10,2.5,2,2026-02-13,6.54,2026-02-18,2026-02-20,535.0,565.0,1000000,1869.16,NEXT_DAY,5.61,56075.0,1056075.0
GOLD,PSAB.JK,10,2.5,2,2026-04-07,5.74,2026-04-08,2026-04-10,535.0,510.0,1000000,1869.16,NEXT_DAY,-4.67,-46729.0,953271.0
GOLD,PSAB.JK,10,2.5,2,2026-05-13,3.36,2026-05-14,2026-05-18,500.0,466.0,1000000,2000.0,NEXT_DAY,-6.8,-68000.0,932000.0
GOLD,HRTA.JK,10,2.5,3,2026-01-16,6.35,2026-01-20,2026-01-23,2620.0,2330.0,1000000,381.68,NEXT_DAY,-11.07,-110687.0,889313.0
GOLD,HRTA.JK,10,2.5,3,2026-02-13,6.54,2026-02-18,2026-02-23,2600.0,2850.0,1000000,384.62,NEXT_DAY,9.62,96154.0,1096154.0
GOLD,HRTA.JK,10,2.5,3,2026-04-07,5.74,2026-04-08,2026-04-13,2570.0,2480.0,1000000,389.11,NEXT_DAY,-3.5,-35019.0,964981.0
GOLD,HRTA.JK,10,2.5,3,2026-05-13,3.36,2026-05-14,2026-05-19,2660.0,2180.0,1000000,375.94,NEXT_DAY,-18.05,-180451.0,819549.0
GOLD,MDKA.JK,10,2.5,3,2026-01-16,6.35,2026-01-20,2026-01-23,3210.0,3300.0,1000000,311.53,NEXT_DAY,2.8,28037.0,1028037.0
GOLD,MDKA.JK,10,2.5,3,2026-02-13,6.54,2026-02-18,2026-02-23,3290.0,3740.0,1000000,303.95,NEXT_DAY,13.68,136778.0,1136778.0
GOLD,MDKA.JK,10,2.5,3,2026-04-07,5.74,2026-04-08,2026-04-13,3300.0,3150.0,1000000,303.03,NEXT_DAY,-4.55,-45455.0,954545.0
GOLD,MDKA.JK,10,2.5,3,2026-05-13,3.36,2026-05-14,2026-05-19,2730.0,2500.0,1000000,366.3,NEXT_DAY,-8.42,-84249.0,915751.0
GOLD,ANTM.JK,10,2.5,3,2026-01-16,6.35,2026-01-20,2026-01-23,4120.0,4290.0,1000000,242.72,NEXT_DAY,4.13,41262.0,1041262.0
GOLD,ANTM.JK,10,2.5,3,2026-02-13,6.54,2026-02-18,2026-02-23,4050.0,4390.0,1000000,246.91,NEXT_DAY,8.4,83951.0,1083951.0
GOLD,ANTM.JK,10,2.5,3,2026-04-07,5.74,2026-04-08,2026-04-13,3740.0,3750.0,1000000,267.38,NEXT_DAY,0.27,2674.0,1002674.0
GOLD,ANTM.JK,10,2.5,3,2026-05-13,3.36,2026-05-14,2026-05-19,3500.0,3060.0,1000000,285.71,NEXT_DAY,-12.57,-125714.0,874286.0
GOLD,BRMS.JK,10,2.5,3,2026-01-16,6.35,2026-01-20,2026-01-23,1310.0,1250.0,1000000,763.36,NEXT_DAY,-4.58,-45802.0,954198.0
GOLD,BRMS.JK,10,2.5,3,2026-02-13,6.54,2026-02-18,2026-02-23,1040.0,1060.0,1000000,961.54,NEXT_DAY,1.92,19231.0,1019231.0
GOLD,BRMS.JK,10,2.5,3,2026-04-07,5.74,2026-04-08,2026-04-13,865.0,870.0,1000000,1156.07,NEXT_DAY,0.58,5780.0,1005780.0
GOLD,BRMS.JK,10,2.5,3,2026-05-13,3.36,2026-05-14,2026-05-19,770.0,670.0,1000000,1298.7,NEXT_DAY,-12.99,-129870.0,870130.0
GOLD,PSAB.JK,10,2.5,3,2026-01-16,6.35,2026-01-20,2026-01-23,655.0,620.0,1000000,1526.72,NEXT_DAY,-5.34,-53435.0,946565.0
GOLD,PSAB.JK,10,2.5,3,2026-02-13,6.54,2026-02-18,2026-02-23,535.0,570.0,1000000,1869.16,NEXT_DAY,6.54,65421.0,1065421.0
GOLD,PSAB.JK,10,2.5,3,2026-04-07,5.74,2026-04-08,2026-04-13,535.0,515.0,1000000,1869.16,NEXT_DAY,-3.74,-37383.0,962617.0
GOLD,PSAB.JK,10,2.5,3,2026-05-13,3.36,2026-05-14,2026-05-19,500.0,412.0,1000000,2000.0,NEXT_DAY,-17.6,-176000.0,824000.0
GOLD,HRTA.JK,10,2.5,5,2026-01-16,6.35,2026-01-20,2026-01-27,2620.0,2410.0,1000000,381.68,NEXT_DAY,-8.02,-80153.0,919847.0
GOLD,HRTA.JK,10,2.5,5,2026-02-13,6.54,2026-02-18,2026-02-25,2600.0,2980.0,1000000,384.62,NEXT_DAY,14.62,146154.0,1146154.0
GOLD,HRTA.JK,10,2.5,5,2026-04-07,5.74,2026-04-08,2026-04-15,2570.0,2580.0,1000000,389.11,NEXT_DAY,0.39,3891.0,1003891.0
GOLD,HRTA.JK,10,2.5,5,2026-05-13,3.36,2026-05-14,2026-05-21,2660.0,2130.0,1000000,375.94,NEXT_DAY,-19.92,-199248.0,800752.0
GOLD,MDKA.JK,10,2.5,5,2026-01-16,6.35,2026-01-20,2026-01-27,3210.0,3210.0,1000000,311.53,NEXT_DAY,0.0,0.0,1000000.0
GOLD,MDKA.JK,10,2.5,5,2026-02-13,6.54,2026-02-18,2026-02-25,3290.0,3820.0,1000000,303.95,NEXT_DAY,16.11,161094.0,1161094.0
GOLD,MDKA.JK,10,2.5,5,2026-04-07,5.74,2026-04-08,2026-04-15,3300.0,3350.0,1000000,303.03,NEXT_DAY,1.52,15152.0,1015152.0
GOLD,MDKA.JK,10,2.5,5,2026-05-13,3.36,2026-05-14,2026-05-21,2730.0,2180.0,1000000,366.3,NEXT_DAY,-20.15,-201465.0,798535.0
GOLD,ANTM.JK,10,2.5,5,2026-01-16,6.35,2026-01-20,2026-01-27,4120.0,4610.0,1000000,242.72,NEXT_DAY,11.89,118932.0,1118932.0
GOLD,ANTM.JK,10,2.5,5,2026-02-13,6.54,2026-02-18,2026-02-25,4050.0,4460.0,1000000,246.91,NEXT_DAY,10.12,101235.0,1101235.0
GOLD,ANTM.JK,10,2.5,5,2026-04-07,5.74,2026-04-08,2026-04-15,3740.0,3940.0,1000000,267.38,NEXT_DAY,5.35,53476.0,1053476.0
GOLD,ANTM.JK,10,2.5,5,2026-05-13,3.36,2026-05-14,2026-05-21,3500.0,2970.0,1000000,285.71,NEXT_DAY,-15.14,-151429.0,848571.0
GOLD,BRMS.JK,10,2.5,5,2026-01-16,6.35,2026-01-20,2026-01-27,1310.0,1295.0,1000000,763.36,NEXT_DAY,-1.15,-11450.0,988550.0
GOLD,BRMS.JK,10,2.5,5,2026-02-13,6.54,2026-02-18,2026-02-25,1040.0,980.0,1000000,961.54,NEXT_DAY,-5.77,-57692.0,942308.0
GOLD,BRMS.JK,10,2.5,5,2026-04-07,5.74,2026-04-08,2026-04-15,865.0,855.0,1000000,1156.07,NEXT_DAY,-1.16,-11561.0,988439.0
GOLD,BRMS.JK,10,2.5,5,2026-05-13,3.36,2026-05-14,2026-05-21,770.0,565.0,1000000,1298.7,NEXT_DAY,-26.62,-266234.0,733766.0
GOLD,PSAB.JK,10,2.5,5,2026-01-16,6.35,2026-01-20,2026-01-27,655.0,625.0,1000000,1526.72,NEXT_DAY,-4.58,-45802.0,954198.0
GOLD,PSAB.JK,10,2.5,5,2026-02-13,6.54,2026-02-18,2026-02-25,535.0,570.0,1000000,1869.16,NEXT_DAY,6.54,65421.0,1065421.0
GOLD,PSAB.JK,10,2.5,5,2026-04-07,5.74,2026-04-08,2026-04-15,535.0,525.0,1000000,1869.16,NEXT_DAY,-1.87,-18692.0,981308.0
GOLD,PSAB.JK,10,2.5,5,2026-05-13,3.36,2026-05-14,2026-05-21,500.0,372.0,1000000,2000.0,NEXT_DAY,-25.6,-256000.0,744000.0
GOLD,HRTA.JK,10,2.5,10,2026-01-16,6.35,2026-01-20,2026-02-03,2620.0,2160.0,1000000,381.68,NEXT_DAY,-17.56,-175573.0,824427.0
GOLD,HRTA.JK,10,2.5,10,2026-02-13,6.54,2026-02-18,2026-03-04,2600.0,3000.0,1000000,384.62,NEXT_DAY,15.38,153846.0,1153846.0
GOLD,HRTA.JK,10,2.5,10,2026-04-07,5.74,2026-04-08,2026-04-22,2570.0,3040.0,1000000,389.11,NEXT_DAY,18.29,182879.0,1182879.0
GOLD,HRTA.JK,10,2.5,10,2026-05-13,3.36,2026-05-14,2026-05-28,2660.0,2370.0,1000000,375.94,NEXT_DAY,-10.9,-109023.0,890977.0
GOLD,MDKA.JK,10,2.5,10,2026-01-16,6.35,2026-01-20,2026-02-03,3210.0,2950.0,1000000,311.53,NEXT_DAY,-8.1,-80997.0,919003.0
GOLD,MDKA.JK,10,2.5,10,2026-02-13,6.54,2026-02-18,2026-03-04,3290.0,3430.0,1000000,303.95,NEXT_DAY,4.26,42553.0,1042553.0
GOLD,MDKA.JK,10,2.5,10,2026-04-07,5.74,2026-04-08,2026-04-22,3300.0,3400.0,1000000,303.03,NEXT_DAY,3.03,30303.0,1030303.0
GOLD,MDKA.JK,10,2.5,10,2026-05-13,3.36,2026-05-14,2026-05-28,2730.0,2720.0,1000000,366.3,NEXT_DAY,-0.37,-3663.0,996337.0
GOLD,ANTM.JK,10,2.5,10,2026-01-16,6.35,2026-01-20,2026-02-03,4120.0,3930.0,1000000,242.72,NEXT_DAY,-4.61,-46117.0,953883.0
GOLD,ANTM.JK,10,2.5,10,2026-02-13,6.54,2026-02-18,2026-03-04,4050.0,4050.0,1000000,246.91,NEXT_DAY,0.0,0.0,1000000.0
GOLD,ANTM.JK,10,2.5,10,2026-04-07,5.74,2026-04-08,2026-04-22,3740.0,4100.0,1000000,267.38,NEXT_DAY,9.63,96257.0,1096257.0
GOLD,ANTM.JK,10,2.5,10,2026-05-13,3.36,2026-05-14,2026-05-28,3500.0,2960.0,1000000,285.71,NEXT_DAY,-15.43,-154286.0,845714.0
GOLD,BRMS.JK,10,2.5,10,2026-01-16,6.35,2026-01-20,2026-02-03,1310.0,955.0,1000000,763.36,NEXT_DAY,-27.1,-270992.0,729008.0
GOLD,BRMS.JK,10,2.5,10,2026-02-13,6.54,2026-02-18,2026-03-04,1040.0,850.0,1000000,961.54,NEXT_DAY,-18.27,-182692.0,817308.0
GOLD,BRMS.JK,10,2.5,10,2026-04-07,5.74,2026-04-08,2026-04-22,865.0,905.0,1000000,1156.07,NEXT_DAY,4.62,46243.0,1046243.0
GOLD,BRMS.JK,10,2.5,10,2026-05-13,3.36,2026-05-14,2026-05-28,770.0,605.0,1000000,1298.7,NEXT_DAY,-21.43,-214286.0,785714.0
GOLD,PSAB.JK,10,2.5,10,2026-01-16,6.35,2026-01-20,2026-02-03,655.0,510.0,1000000,1526.72,NEXT_DAY,-22.14,-221374.0,778626.0
GOLD,PSAB.JK,10,2.5,10,2026-02-13,6.54,2026-02-18,2026-03-04,535.0,530.0,1000000,1869.16,NEXT_DAY,-0.93,-9346.0,990654.0
GOLD,PSAB.JK,10,2.5,10,2026-04-07,5.74,2026-04-08,2026-04-22,535.0,575.0,1000000,1869.16,NEXT_DAY,7.48,74766.0,1074766.0
GOLD,PSAB.JK,10,2.5,10,2026-05-13,3.36,2026-05-14,2026-05-28,500.0,468.0,1000000,2000.0,NEXT_DAY,-6.4,-64000.0,936000.0
GOLD,HRTA.JK,10,3.0,1,2026-01-16,6.35,2026-01-20,2026-01-21,2620.0,2550.0,1000000,381.68,NEXT_DAY,-2.67,-26718.0,973282.0
GOLD,HRTA.JK,10,3.0,1,2026-02-13,6.54,2026-02-18,2026-02-19,2600.0,2700.0,1000000,384.62,NEXT_DAY,3.85,38462.0,1038462.0
GOLD,HRTA.JK,10,3.0,1,2026-04-07,5.74,2026-04-08,2026-04-09,2570.0,2590.0,1000000,389.11,NEXT_DAY,0.78,7782.0,1007782.0
GOLD,HRTA.JK,10,3.0,1,2026-05-13,3.36,2026-05-14,2026-05-15,2660.0,2660.0,1000000,375.94,NEXT_DAY,0.0,0.0,1000000.0
GOLD,MDKA.JK,10,3.0,1,2026-01-16,6.35,2026-01-20,2026-01-21,3210.0,3310.0,1000000,311.53,NEXT_DAY,3.12,31153.0,1031153.0
GOLD,MDKA.JK,10,3.0,1,2026-02-13,6.54,2026-02-18,2026-02-19,3290.0,3530.0,1000000,303.95,NEXT_DAY,7.29,72948.0,1072948.0
GOLD,MDKA.JK,10,3.0,1,2026-04-07,5.74,2026-04-08,2026-04-09,3300.0,3230.0,1000000,303.03,NEXT_DAY,-2.12,-21212.0,978788.0
GOLD,MDKA.JK,10,3.0,1,2026-05-13,3.36,2026-05-14,2026-05-15,2730.0,2730.0,1000000,366.3,NEXT_DAY,0.0,0.0,1000000.0
GOLD,ANTM.JK,10,3.0,1,2026-01-16,6.35,2026-01-20,2026-01-21,4120.0,4270.0,1000000,242.72,NEXT_DAY,3.64,36408.0,1036408.0
GOLD,ANTM.JK,10,3.0,1,2026-02-13,6.54,2026-02-18,2026-02-19,4050.0,4230.0,1000000,246.91,NEXT_DAY,4.44,44444.0,1044444.0
GOLD,ANTM.JK,10,3.0,1,2026-04-07,5.74,2026-04-08,2026-04-09,3740.0,3750.0,1000000,267.38,NEXT_DAY,0.27,2674.0,1002674.0
GOLD,ANTM.JK,10,3.0,1,2026-05-13,3.36,2026-05-14,2026-05-15,3500.0,3500.0,1000000,285.71,NEXT_DAY,0.0,0.0,1000000.0
GOLD,BRMS.JK,10,3.0,1,2026-01-16,6.35,2026-01-20,2026-01-21,1310.0,1265.0,1000000,763.36,NEXT_DAY,-3.44,-34351.0,965649.0
GOLD,BRMS.JK,10,3.0,1,2026-02-13,6.54,2026-02-18,2026-02-19,1040.0,1055.0,1000000,961.54,NEXT_DAY,1.44,14423.0,1014423.0
GOLD,BRMS.JK,10,3.0,1,2026-04-07,5.74,2026-04-08,2026-04-09,865.0,845.0,1000000,1156.07,NEXT_DAY,-2.31,-23121.0,976879.0
GOLD,BRMS.JK,10,3.0,1,2026-05-13,3.36,2026-05-14,2026-05-15,770.0,770.0,1000000,1298.7,NEXT_DAY,0.0,0.0,1000000.0
GOLD,PSAB.JK,10,3.0,1,2026-01-16,6.35,2026-01-20,2026-01-21,655.0,650.0,1000000,1526.72,NEXT_DAY,-0.76,-7634.0,992366.0
GOLD,PSAB.JK,10,3.0,1,2026-02-13,6.54,2026-02-18,2026-02-19,535.0,560.0,1000000,1869.16,NEXT_DAY,4.67,46729.0,1046729.0
GOLD,PSAB.JK,10,3.0,1,2026-04-07,5.74,2026-04-08,2026-04-09,535.0,510.0,1000000,1869.16,NEXT_DAY,-4.67,-46729.0,953271.0
GOLD,PSAB.JK,10,3.0,1,2026-05-13,3.36,2026-05-14,2026-05-15,500.0,500.0,1000000,2000.0,NEXT_DAY,0.0,0.0,1000000.0
GOLD,HRTA.JK,10,3.0,2,2026-01-16,6.35,2026-01-20,2026-01-22,2620.0,2320.0,1000000,381.68,NEXT_DAY,-11.45,-114504.0,885496.0
GOLD,HRTA.JK,10,3.0,2,2026-02-13,6.54,2026-02-18,2026-02-20,2600.0,2750.0,1000000,384.62,NEXT_DAY,5.77,57692.0,1057692.0
GOLD,HRTA.JK,10,3.0,2,2026-04-07,5.74,2026-04-08,2026-04-10,2570.0,2530.0,1000000,389.11,NEXT_DAY,-1.56,-15564.0,984436.0
GOLD,HRTA.JK,10,3.0,2,2026-05-13,3.36,2026-05-14,2026-05-18,2660.0,2370.0,1000000,375.94,NEXT_DAY,-10.9,-109023.0,890977.0
GOLD,MDKA.JK,10,3.0,2,2026-01-16,6.35,2026-01-20,2026-01-22,3210.0,3240.0,1000000,311.53,NEXT_DAY,0.93,9346.0,1009346.0
GOLD,MDKA.JK,10,3.0,2,2026-02-13,6.54,2026-02-18,2026-02-20,3290.0,3590.0,1000000,303.95,NEXT_DAY,9.12,91185.0,1091185.0
GOLD,MDKA.JK,10,3.0,2,2026-04-07,5.74,2026-04-08,2026-04-10,3300.0,3220.0,1000000,303.03,NEXT_DAY,-2.42,-24242.0,975758.0
GOLD,MDKA.JK,10,3.0,2,2026-05-13,3.36,2026-05-14,2026-05-18,2730.0,2660.0,1000000,366.3,NEXT_DAY,-2.56,-25641.0,974359.0
GOLD,ANTM.JK,10,3.0,2,2026-01-16,6.35,2026-01-20,2026-01-22,4120.0,4220.0,1000000,242.72,NEXT_DAY,2.43,24272.0,1024272.0
GOLD,ANTM.JK,10,3.0,2,2026-02-13,6.54,2026-02-18,2026-02-20,4050.0,4220.0,1000000,246.91,NEXT_DAY,4.2,41975.0,1041975.0
GOLD,ANTM.JK,10,3.0,2,2026-04-07,5.74,2026-04-08,2026-04-10,3740.0,3710.0,1000000,267.38,NEXT_DAY,-0.8,-8021.0,991979.0
GOLD,ANTM.JK,10,3.0,2,2026-05-13,3.36,2026-05-14,2026-05-18,3500.0,3160.0,1000000,285.71,NEXT_DAY,-9.71,-97143.0,902857.0
GOLD,BRMS.JK,10,3.0,2,2026-01-16,6.35,2026-01-20,2026-01-22,1310.0,1230.0,1000000,763.36,NEXT_DAY,-6.11,-61069.0,938931.0
GOLD,BRMS.JK,10,3.0,2,2026-02-13,6.54,2026-02-18,2026-02-20,1040.0,1060.0,1000000,961.54,NEXT_DAY,1.92,19231.0,1019231.0
GOLD,BRMS.JK,10,3.0,2,2026-04-07,5.74,2026-04-08,2026-04-10,865.0,845.0,1000000,1156.07,NEXT_DAY,-2.31,-23121.0,976879.0
GOLD,BRMS.JK,10,3.0,2,2026-05-13,3.36,2026-05-14,2026-05-18,770.0,720.0,1000000,1298.7,NEXT_DAY,-6.49,-64935.0,935065.0
GOLD,PSAB.JK,10,3.0,2,2026-01-16,6.35,2026-01-20,2026-01-22,655.0,625.0,1000000,1526.72,NEXT_DAY,-4.58,-45802.0,954198.0
GOLD,PSAB.JK,10,3.0,2,2026-02-13,6.54,2026-02-18,2026-02-20,535.0,565.0,1000000,1869.16,NEXT_DAY,5.61,56075.0,1056075.0
GOLD,PSAB.JK,10,3.0,2,2026-04-07,5.74,2026-04-08,2026-04-10,535.0,510.0,1000000,1869.16,NEXT_DAY,-4.67,-46729.0,953271.0
GOLD,PSAB.JK,10,3.0,2,2026-05-13,3.36,2026-05-14,2026-05-18,500.0,466.0,1000000,2000.0,NEXT_DAY,-6.8,-68000.0,932000.0
GOLD,HRTA.JK,10,3.0,3,2026-01-16,6.35,2026-01-20,2026-01-23,2620.0,2330.0,1000000,381.68,NEXT_DAY,-11.07,-110687.0,889313.0
GOLD,HRTA.JK,10,3.0,3,2026-02-13,6.54,2026-02-18,2026-02-23,2600.0,2850.0,1000000,384.62,NEXT_DAY,9.62,96154.0,1096154.0
GOLD,HRTA.JK,10,3.0,3,2026-04-07,5.74,2026-04-08,2026-04-13,2570.0,2480.0,1000000,389.11,NEXT_DAY,-3.5,-35019.0,964981.0
GOLD,HRTA.JK,10,3.0,3,2026-05-13,3.36,2026-05-14,2026-05-19,2660.0,2180.0,1000000,375.94,NEXT_DAY,-18.05,-180451.0,819549.0
GOLD,MDKA.JK,10,3.0,3,2026-01-16,6.35,2026-01-20,2026-01-23,3210.0,3300.0,1000000,311.53,NEXT_DAY,2.8,28037.0,1028037.0
GOLD,MDKA.JK,10,3.0,3,2026-02-13,6.54,2026-02-18,2026-02-23,3290.0,3740.0,1000000,303.95,NEXT_DAY,13.68,136778.0,1136778.0
GOLD,MDKA.JK,10,3.0,3,2026-04-07,5.74,2026-04-08,2026-04-13,3300.0,3150.0,1000000,303.03,NEXT_DAY,-4.55,-45455.0,954545.0
GOLD,MDKA.JK,10,3.0,3,2026-05-13,3.36,2026-05-14,2026-05-19,2730.0,2500.0,1000000,366.3,NEXT_DAY,-8.42,-84249.0,915751.0
GOLD,ANTM.JK,10,3.0,3,2026-01-16,6.35,2026-01-20,2026-01-23,4120.0,4290.0,1000000,242.72,NEXT_DAY,4.13,41262.0,1041262.0
GOLD,ANTM.JK,10,3.0,3,2026-02-13,6.54,2026-02-18,2026-02-23,4050.0,4390.0,1000000,246.91,NEXT_DAY,8.4,83951.0,1083951.0
GOLD,ANTM.JK,10,3.0,3,2026-04-07,5.74,2026-04-08,2026-04-13,3740.0,3750.0,1000000,267.38,NEXT_DAY,0.27,2674.0,1002674.0
GOLD,ANTM.JK,10,3.0,3,2026-05-13,3.36,2026-05-14,2026-05-19,3500.0,3060.0,1000000,285.71,NEXT_DAY,-12.57,-125714.0,874286.0
GOLD,BRMS.JK,10,3.0,3,2026-01-16,6.35,2026-01-20,2026-01-23,1310.0,1250.0,1000000,763.36,NEXT_DAY,-4.58,-45802.0,954198.0
GOLD,BRMS.JK,10,3.0,3,2026-02-13,6.54,2026-02-18,2026-02-23,1040.0,1060.0,1000000,961.54,NEXT_DAY,1.92,19231.0,1019231.0
GOLD,BRMS.JK,10,3.0,3,2026-04-07,5.74,2026-04-08,2026-04-13,865.0,870.0,1000000,1156.07,NEXT_DAY,0.58,5780.0,1005780.0
GOLD,BRMS.JK,10,3.0,3,2026-05-13,3.36,2026-05-14,2026-05-19,770.0,670.0,1000000,1298.7,NEXT_DAY,-12.99,-129870.0,870130.0
GOLD,PSAB.JK,10,3.0,3,2026-01-16,6.35,2026-01-20,2026-01-23,655.0,620.0,1000000,1526.72,NEXT_DAY,-5.34,-53435.0,946565.0
GOLD,PSAB.JK,10,3.0,3,2026-02-13,6.54,2026-02-18,2026-02-23,535.0,570.0,1000000,1869.16,NEXT_DAY,6.54,65421.0,1065421.0
GOLD,PSAB.JK,10,3.0,3,2026-04-07,5.74,2026-04-08,2026-04-13,535.0,515.0,1000000,1869.16,NEXT_DAY,-3.74,-37383.0,962617.0
GOLD,PSAB.JK,10,3.0,3,2026-05-13,3.36,2026-05-14,2026-05-19,500.0,412.0,1000000,2000.0,NEXT_DAY,-17.6,-176000.0,824000.0
GOLD,HRTA.JK,10,3.0,5,2026-01-16,6.35,2026-01-20,2026-01-27,2620.0,2410.0,1000000,381.68,NEXT_DAY,-8.02,-80153.0,919847.0
GOLD,HRTA.JK,10,3.0,5,2026-02-13,6.54,2026-02-18,2026-02-25,2600.0,2980.0,1000000,384.62,NEXT_DAY,14.62,146154.0,1146154.0
GOLD,HRTA.JK,10,3.0,5,2026-04-07,5.74,2026-04-08,2026-04-15,2570.0,2580.0,1000000,389.11,NEXT_DAY,0.39,3891.0,1003891.0
GOLD,HRTA.JK,10,3.0,5,2026-05-13,3.36,2026-05-14,2026-05-21,2660.0,2130.0,1000000,375.94,NEXT_DAY,-19.92,-199248.0,800752.0
GOLD,MDKA.JK,10,3.0,5,2026-01-16,6.35,2026-01-20,2026-01-27,3210.0,3210.0,1000000,311.53,NEXT_DAY,0.0,0.0,1000000.0
GOLD,MDKA.JK,10,3.0,5,2026-02-13,6.54,2026-02-18,2026-02-25,3290.0,3820.0,1000000,303.95,NEXT_DAY,16.11,161094.0,1161094.0
GOLD,MDKA.JK,10,3.0,5,2026-04-07,5.74,2026-04-08,2026-04-15,3300.0,3350.0,1000000,303.03,NEXT_DAY,1.52,15152.0,1015152.0
GOLD,MDKA.JK,10,3.0,5,2026-05-13,3.36,2026-05-14,2026-05-21,2730.0,2180.0,1000000,366.3,NEXT_DAY,-20.15,-201465.0,798535.0
GOLD,ANTM.JK,10,3.0,5,2026-01-16,6.35,2026-01-20,2026-01-27,4120.0,4610.0,1000000,242.72,NEXT_DAY,11.89,118932.0,1118932.0
GOLD,ANTM.JK,10,3.0,5,2026-02-13,6.54,2026-02-18,2026-02-25,4050.0,4460.0,1000000,246.91,NEXT_DAY,10.12,101235.0,1101235.0
GOLD,ANTM.JK,10,3.0,5,2026-04-07,5.74,2026-04-08,2026-04-15,3740.0,3940.0,1000000,267.38,NEXT_DAY,5.35,53476.0,1053476.0
GOLD,ANTM.JK,10,3.0,5,2026-05-13,3.36,2026-05-14,2026-05-21,3500.0,2970.0,1000000,285.71,NEXT_DAY,-15.14,-151429.0,848571.0
GOLD,BRMS.JK,10,3.0,5,2026-01-16,6.35,2026-01-20,2026-01-27,1310.0,1295.0,1000000,763.36,NEXT_DAY,-1.15,-11450.0,988550.0
GOLD,BRMS.JK,10,3.0,5,2026-02-13,6.54,2026-02-18,2026-02-25,1040.0,980.0,1000000,961.54,NEXT_DAY,-5.77,-57692.0,942308.0
GOLD,BRMS.JK,10,3.0,5,2026-04-07,5.74,2026-04-08,2026-04-15,865.0,855.0,1000000,1156.07,NEXT_DAY,-1.16,-11561.0,988439.0
GOLD,BRMS.JK,10,3.0,5,2026-05-13,3.36,2026-05-14,2026-05-21,770.0,565.0,1000000,1298.7,NEXT_DAY,-26.62,-266234.0,733766.0
GOLD,PSAB.JK,10,3.0,5,2026-01-16,6.35,2026-01-20,2026-01-27,655.0,625.0,1000000,1526.72,NEXT_DAY,-4.58,-45802.0,954198.0
GOLD,PSAB.JK,10,3.0,5,2026-02-13,6.54,2026-02-18,2026-02-25,535.0,570.0,1000000,1869.16,NEXT_DAY,6.54,65421.0,1065421.0
GOLD,PSAB.JK,10,3.0,5,2026-04-07,5.74,2026-04-08,2026-04-15,535.0,525.0,1000000,1869.16,NEXT_DAY,-1.87,-18692.0,981308.0
GOLD,PSAB.JK,10,3.0,5,2026-05-13,3.36,2026-05-14,2026-05-21,500.0,372.0,1000000,2000.0,NEXT_DAY,-25.6,-256000.0,744000.0
GOLD,HRTA.JK,10,3.0,10,2026-01-16,6.35,2026-01-20,2026-02-03,2620.0,2160.0,1000000,381.68,NEXT_DAY,-17.56,-175573.0,824427.0
GOLD,HRTA.JK,10,3.0,10,2026-02-13,6.54,2026-02-18,2026-03-04,2600.0,3000.0,1000000,384.62,NEXT_DAY,15.38,153846.0,1153846.0
GOLD,HRTA.JK,10,3.0,10,2026-04-07,5.74,2026-04-08,2026-04-22,2570.0,3040.0,1000000,389.11,NEXT_DAY,18.29,182879.0,1182879.0
GOLD,HRTA.JK,10,3.0,10,2026-05-13,3.36,2026-05-14,2026-05-28,2660.0,2370.0,1000000,375.94,NEXT_DAY,-10.9,-109023.0,890977.0
GOLD,MDKA.JK,10,3.0,10,2026-01-16,6.35,2026-01-20,2026-02-03,3210.0,2950.0,1000000,311.53,NEXT_DAY,-8.1,-80997.0,919003.0
GOLD,MDKA.JK,10,3.0,10,2026-02-13,6.54,2026-02-18,2026-03-04,3290.0,3430.0,1000000,303.95,NEXT_DAY,4.26,42553.0,1042553.0
GOLD,MDKA.JK,10,3.0,10,2026-04-07,5.74,2026-04-08,2026-04-22,3300.0,3400.0,1000000,303.03,NEXT_DAY,3.03,30303.0,1030303.0
GOLD,MDKA.JK,10,3.0,10,2026-05-13,3.36,2026-05-14,2026-05-28,2730.0,2720.0,1000000,366.3,NEXT_DAY,-0.37,-3663.0,996337.0
GOLD,ANTM.JK,10,3.0,10,2026-01-16,6.35,2026-01-20,2026-02-03,4120.0,3930.0,1000000,242.72,NEXT_DAY,-4.61,-46117.0,953883.0
GOLD,ANTM.JK,10,3.0,10,2026-02-13,6.54,2026-02-18,2026-03-04,4050.0,4050.0,1000000,246.91,NEXT_DAY,0.0,0.0,1000000.0
GOLD,ANTM.JK,10,3.0,10,2026-04-07,5.74,2026-04-08,2026-04-22,3740.0,4100.0,1000000,267.38,NEXT_DAY,9.63,96257.0,1096257.0
GOLD,ANTM.JK,10,3.0,10,2026-05-13,3.36,2026-05-14,2026-05-28,3500.0,2960.0,1000000,285.71,NEXT_DAY,-15.43,-154286.0,845714.0
GOLD,BRMS.JK,10,3.0,10,2026-01-16,6.35,2026-01-20,2026-02-03,1310.0,955.0,1000000,763.36,NEXT_DAY,-27.1,-270992.0,729008.0
GOLD,BRMS.JK,10,3.0,10,2026-02-13,6.54,2026-02-18,2026-03-04,1040.0,850.0,1000000,961.54,NEXT_DAY,-18.27,-182692.0,817308.0
GOLD,BRMS.JK,10,3.0,10,2026-04-07,5.74,2026-04-08,2026-04-22,865.0,905.0,1000000,1156.07,NEXT_DAY,4.62,46243.0,1046243.0
GOLD,BRMS.JK,10,3.0,10,2026-05-13,3.36,2026-05-14,2026-05-28,770.0,605.0,1000000,1298.7,NEXT_DAY,-21.43,-214286.0,785714.0
GOLD,PSAB.JK,10,3.0,10,2026-01-16,6.35,2026-01-20,2026-02-03,655.0,510.0,1000000,1526.72,NEXT_DAY,-22.14,-221374.0,778626.0
GOLD,PSAB.JK,10,3.0,10,2026-02-13,6.54,2026-02-18,2026-03-04,535.0,530.0,1000000,1869.16,NEXT_DAY,-0.93,-9346.0,990654.0
GOLD,PSAB.JK,10,3.0,10,2026-04-07,5.74,2026-04-08,2026-04-22,535.0,575.0,1000000,1869.16,NEXT_DAY,7.48,74766.0,1074766.0
GOLD,PSAB.JK,10,3.0,10,2026-05-13,3.36,2026-05-14,2026-05-28,500.0,468.0,1000000,2000.0,NEXT_DAY,-6.4,-64000.0,936000.0
GOLD,HRTA.JK,10,5.0,1,2026-01-16,6.35,2026-01-20,2026-01-21,2620.0,2550.0,1000000,381.68,NEXT_DAY,-2.67,-26718.0,973282.0
GOLD,HRTA.JK,10,5.0,1,2026-02-13,6.54,2026-02-18,2026-02-19,2600.0,2700.0,1000000,384.62,NEXT_DAY,3.85,38462.0,1038462.0
GOLD,HRTA.JK,10,5.0,1,2026-04-07,5.74,2026-04-08,2026-04-09,2570.0,2590.0,1000000,389.11,NEXT_DAY,0.78,7782.0,1007782.0
GOLD,MDKA.JK,10,5.0,1,2026-01-16,6.35,2026-01-20,2026-01-21,3210.0,3310.0,1000000,311.53,NEXT_DAY,3.12,31153.0,1031153.0
GOLD,MDKA.JK,10,5.0,1,2026-02-13,6.54,2026-02-18,2026-02-19,3290.0,3530.0,1000000,303.95,NEXT_DAY,7.29,72948.0,1072948.0
GOLD,MDKA.JK,10,5.0,1,2026-04-07,5.74,2026-04-08,2026-04-09,3300.0,3230.0,1000000,303.03,NEXT_DAY,-2.12,-21212.0,978788.0
GOLD,ANTM.JK,10,5.0,1,2026-01-16,6.35,2026-01-20,2026-01-21,4120.0,4270.0,1000000,242.72,NEXT_DAY,3.64,36408.0,1036408.0
GOLD,ANTM.JK,10,5.0,1,2026-02-13,6.54,2026-02-18,2026-02-19,4050.0,4230.0,1000000,246.91,NEXT_DAY,4.44,44444.0,1044444.0
GOLD,ANTM.JK,10,5.0,1,2026-04-07,5.74,2026-04-08,2026-04-09,3740.0,3750.0,1000000,267.38,NEXT_DAY,0.27,2674.0,1002674.0
GOLD,BRMS.JK,10,5.0,1,2026-01-16,6.35,2026-01-20,2026-01-21,1310.0,1265.0,1000000,763.36,NEXT_DAY,-3.44,-34351.0,965649.0
GOLD,BRMS.JK,10,5.0,1,2026-02-13,6.54,2026-02-18,2026-02-19,1040.0,1055.0,1000000,961.54,NEXT_DAY,1.44,14423.0,1014423.0
GOLD,BRMS.JK,10,5.0,1,2026-04-07,5.74,2026-04-08,2026-04-09,865.0,845.0,1000000,1156.07,NEXT_DAY,-2.31,-23121.0,976879.0
GOLD,PSAB.JK,10,5.0,1,2026-01-16,6.35,2026-01-20,2026-01-21,655.0,650.0,1000000,1526.72,NEXT_DAY,-0.76,-7634.0,992366.0
GOLD,PSAB.JK,10,5.0,1,2026-02-13,6.54,2026-02-18,2026-02-19,535.0,560.0,1000000,1869.16,NEXT_DAY,4.67,46729.0,1046729.0
GOLD,PSAB.JK,10,5.0,1,2026-04-07,5.74,2026-04-08,2026-04-09,535.0,510.0,1000000,1869.16,NEXT_DAY,-4.67,-46729.0,953271.0
GOLD,HRTA.JK,10,5.0,2,2026-01-16,6.35,2026-01-20,2026-01-22,2620.0,2320.0,1000000,381.68,NEXT_DAY,-11.45,-114504.0,885496.0
GOLD,HRTA.JK,10,5.0,2,2026-02-13,6.54,2026-02-18,2026-02-20,2600.0,2750.0,1000000,384.62,NEXT_DAY,5.77,57692.0,1057692.0
GOLD,HRTA.JK,10,5.0,2,2026-04-07,5.74,2026-04-08,2026-04-10,2570.0,2530.0,1000000,389.11,NEXT_DAY,-1.56,-15564.0,984436.0
GOLD,MDKA.JK,10,5.0,2,2026-01-16,6.35,2026-01-20,2026-01-22,3210.0,3240.0,1000000,311.53,NEXT_DAY,0.93,9346.0,1009346.0
GOLD,MDKA.JK,10,5.0,2,2026-02-13,6.54,2026-02-18,2026-02-20,3290.0,3590.0,1000000,303.95,NEXT_DAY,9.12,91185.0,1091185.0
GOLD,MDKA.JK,10,5.0,2,2026-04-07,5.74,2026-04-08,2026-04-10,3300.0,3220.0,1000000,303.03,NEXT_DAY,-2.42,-24242.0,975758.0
GOLD,ANTM.JK,10,5.0,2,2026-01-16,6.35,2026-01-20,2026-01-22,4120.0,4220.0,1000000,242.72,NEXT_DAY,2.43,24272.0,1024272.0
GOLD,ANTM.JK,10,5.0,2,2026-02-13,6.54,2026-02-18,2026-02-20,4050.0,4220.0,1000000,246.91,NEXT_DAY,4.2,41975.0,1041975.0
GOLD,ANTM.JK,10,5.0,2,2026-04-07,5.74,2026-04-08,2026-04-10,3740.0,3710.0,1000000,267.38,NEXT_DAY,-0.8,-8021.0,991979.0
GOLD,BRMS.JK,10,5.0,2,2026-01-16,6.35,2026-01-20,2026-01-22,1310.0,1230.0,1000000,763.36,NEXT_DAY,-6.11,-61069.0,938931.0
GOLD,BRMS.JK,10,5.0,2,2026-02-13,6.54,2026-02-18,2026-02-20,1040.0,1060.0,1000000,961.54,NEXT_DAY,1.92,19231.0,1019231.0
GOLD,BRMS.JK,10,5.0,2,2026-04-07,5.74,2026-04-08,2026-04-10,865.0,845.0,1000000,1156.07,NEXT_DAY,-2.31,-23121.0,976879.0
GOLD,PSAB.JK,10,5.0,2,2026-01-16,6.35,2026-01-20,2026-01-22,655.0,625.0,1000000,1526.72,NEXT_DAY,-4.58,-45802.0,954198.0
GOLD,PSAB.JK,10,5.0,2,2026-02-13,6.54,2026-02-18,2026-02-20,535.0,565.0,1000000,1869.16,NEXT_DAY,5.61,56075.0,1056075.0
GOLD,PSAB.JK,10,5.0,2,2026-04-07,5.74,2026-04-08,2026-04-10,535.0,510.0,1000000,1869.16,NEXT_DAY,-4.67,-46729.0,953271.0
GOLD,HRTA.JK,10,5.0,3,2026-01-16,6.35,2026-01-20,2026-01-23,2620.0,2330.0,1000000,381.68,NEXT_DAY,-11.07,-110687.0,889313.0
GOLD,HRTA.JK,10,5.0,3,2026-02-13,6.54,2026-02-18,2026-02-23,2600.0,2850.0,1000000,384.62,NEXT_DAY,9.62,96154.0,1096154.0
GOLD,HRTA.JK,10,5.0,3,2026-04-07,5.74,2026-04-08,2026-04-13,2570.0,2480.0,1000000,389.11,NEXT_DAY,-3.5,-35019.0,964981.0
GOLD,MDKA.JK,10,5.0,3,2026-01-16,6.35,2026-01-20,2026-01-23,3210.0,3300.0,1000000,311.53,NEXT_DAY,2.8,28037.0,1028037.0
GOLD,MDKA.JK,10,5.0,3,2026-02-13,6.54,2026-02-18,2026-02-23,3290.0,3740.0,1000000,303.95,NEXT_DAY,13.68,136778.0,1136778.0
GOLD,MDKA.JK,10,5.0,3,2026-04-07,5.74,2026-04-08,2026-04-13,3300.0,3150.0,1000000,303.03,NEXT_DAY,-4.55,-45455.0,954545.0
GOLD,ANTM.JK,10,5.0,3,2026-01-16,6.35,2026-01-20,2026-01-23,4120.0,4290.0,1000000,242.72,NEXT_DAY,4.13,41262.0,1041262.0
GOLD,ANTM.JK,10,5.0,3,2026-02-13,6.54,2026-02-18,2026-02-23,4050.0,4390.0,1000000,246.91,NEXT_DAY,8.4,83951.0,1083951.0
GOLD,ANTM.JK,10,5.0,3,2026-04-07,5.74,2026-04-08,2026-04-13,3740.0,3750.0,1000000,267.38,NEXT_DAY,0.27,2674.0,1002674.0
GOLD,BRMS.JK,10,5.0,3,2026-01-16,6.35,2026-01-20,2026-01-23,1310.0,1250.0,1000000,763.36,NEXT_DAY,-4.58,-45802.0,954198.0
GOLD,BRMS.JK,10,5.0,3,2026-02-13,6.54,2026-02-18,2026-02-23,1040.0,1060.0,1000000,961.54,NEXT_DAY,1.92,19231.0,1019231.0
GOLD,BRMS.JK,10,5.0,3,2026-04-07,5.74,2026-04-08,2026-04-13,865.0,870.0,1000000,1156.07,NEXT_DAY,0.58,5780.0,1005780.0
GOLD,PSAB.JK,10,5.0,3,2026-01-16,6.35,2026-01-20,2026-01-23,655.0,620.0,1000000,1526.72,NEXT_DAY,-5.34,-53435.0,946565.0
GOLD,PSAB.JK,10,5.0,3,2026-02-13,6.54,2026-02-18,2026-02-23,535.0,570.0,1000000,1869.16,NEXT_DAY,6.54,65421.0,1065421.0
GOLD,PSAB.JK,10,5.0,3,2026-04-07,5.74,2026-04-08,2026-04-13,535.0,515.0,1000000,1869.16,NEXT_DAY,-3.74,-37383.0,962617.0
GOLD,HRTA.JK,10,5.0,5,2026-01-16,6.35,2026-01-20,2026-01-27,2620.0,2410.0,1000000,381.68,NEXT_DAY,-8.02,-80153.0,919847.0
GOLD,HRTA.JK,10,5.0,5,2026-02-13,6.54,2026-02-18,2026-02-25,2600.0,2980.0,1000000,384.62,NEXT_DAY,14.62,146154.0,1146154.0
GOLD,HRTA.JK,10,5.0,5,2026-04-07,5.74,2026-04-08,2026-04-15,2570.0,2580.0,1000000,389.11,NEXT_DAY,0.39,3891.0,1003891.0
GOLD,MDKA.JK,10,5.0,5,2026-01-16,6.35,2026-01-20,2026-01-27,3210.0,3210.0,1000000,311.53,NEXT_DAY,0.0,0.0,1000000.0
GOLD,MDKA.JK,10,5.0,5,2026-02-13,6.54,2026-02-18,2026-02-25,3290.0,3820.0,1000000,303.95,NEXT_DAY,16.11,161094.0,1161094.0
GOLD,MDKA.JK,10,5.0,5,2026-04-07,5.74,2026-04-08,2026-04-15,3300.0,3350.0,1000000,303.03,NEXT_DAY,1.52,15152.0,1015152.0
GOLD,ANTM.JK,10,5.0,5,2026-01-16,6.35,2026-01-20,2026-01-27,4120.0,4610.0,1000000,242.72,NEXT_DAY,11.89,118932.0,1118932.0
GOLD,ANTM.JK,10,5.0,5,2026-02-13,6.54,2026-02-18,2026-02-25,4050.0,4460.0,1000000,246.91,NEXT_DAY,10.12,101235.0,1101235.0
GOLD,ANTM.JK,10,5.0,5,2026-04-07,5.74,2026-04-08,2026-04-15,3740.0,3940.0,1000000,267.38,NEXT_DAY,5.35,53476.0,1053476.0
GOLD,BRMS.JK,10,5.0,5,2026-01-16,6.35,2026-01-20,2026-01-27,1310.0,1295.0,1000000,763.36,NEXT_DAY,-1.15,-11450.0,988550.0
GOLD,BRMS.JK,10,5.0,5,2026-02-13,6.54,2026-02-18,2026-02-25,1040.0,980.0,1000000,961.54,NEXT_DAY,-5.77,-57692.0,942308.0
GOLD,BRMS.JK,10,5.0,5,2026-04-07,5.74,2026-04-08,2026-04-15,865.0,855.0,1000000,1156.07,NEXT_DAY,-1.16,-11561.0,988439.0
GOLD,PSAB.JK,10,5.0,5,2026-01-16,6.35,2026-01-20,2026-01-27,655.0,625.0,1000000,1526.72,NEXT_DAY,-4.58,-45802.0,954198.0
GOLD,PSAB.JK,10,5.0,5,2026-02-13,6.54,2026-02-18,2026-02-25,535.0,570.0,1000000,1869.16,NEXT_DAY,6.54,65421.0,1065421.0
GOLD,PSAB.JK,10,5.0,5,2026-04-07,5.74,2026-04-08,2026-04-15,535.0,525.0,1000000,1869.16,NEXT_DAY,-1.87,-18692.0,981308.0
GOLD,HRTA.JK,10,5.0,10,2026-01-16,6.35,2026-01-20,2026-02-03,2620.0,2160.0,1000000,381.68,NEXT_DAY,-17.56,-175573.0,824427.0
GOLD,HRTA.JK,10,5.0,10,2026-02-13,6.54,2026-02-18,2026-03-04,2600.0,3000.0,1000000,384.62,NEXT_DAY,15.38,153846.0,1153846.0
GOLD,HRTA.JK,10,5.0,10,2026-04-07,5.74,2026-04-08,2026-04-22,2570.0,3040.0,1000000,389.11,NEXT_DAY,18.29,182879.0,1182879.0
GOLD,MDKA.JK,10,5.0,10,2026-01-16,6.35,2026-01-20,2026-02-03,3210.0,2950.0,1000000,311.53,NEXT_DAY,-8.1,-80997.0,919003.0
GOLD,MDKA.JK,10,5.0,10,2026-02-13,6.54,2026-02-18,2026-03-04,3290.0,3430.0,1000000,303.95,NEXT_DAY,4.26,42553.0,1042553.0
GOLD,MDKA.JK,10,5.0,10,2026-04-07,5.74,2026-04-08,2026-04-22,3300.0,3400.0,1000000,303.03,NEXT_DAY,3.03,30303.0,1030303.0
GOLD,ANTM.JK,10,5.0,10,2026-01-16,6.35,2026-01-20,2026-02-03,4120.0,3930.0,1000000,242.72,NEXT_DAY,-4.61,-46117.0,953883.0
GOLD,ANTM.JK,10,5.0,10,2026-02-13,6.54,2026-02-18,2026-03-04,4050.0,4050.0,1000000,246.91,NEXT_DAY,0.0,0.0,1000000.0
GOLD,ANTM.JK,10,5.0,10,2026-04-07,5.74,2026-04-08,2026-04-22,3740.0,4100.0,1000000,267.38,NEXT_DAY,9.63,96257.0,1096257.0
GOLD,BRMS.JK,10,5.0,10,2026-01-16,6.35,2026-01-20,2026-02-03,1310.0,955.0,1000000,763.36,NEXT_DAY,-27.1,-270992.0,729008.0
GOLD,BRMS.JK,10,5.0,10,2026-02-13,6.54,2026-02-18,2026-03-04,1040.0,850.0,1000000,961.54,NEXT_DAY,-18.27,-182692.0,817308.0
GOLD,BRMS.JK,10,5.0,10,2026-04-07,5.74,2026-04-08,2026-04-22,865.0,905.0,1000000,1156.07,NEXT_DAY,4.62,46243.0,1046243.0
GOLD,PSAB.JK,10,5.0,10,2026-01-16,6.35,2026-01-20,2026-02-03,655.0,510.0,1000000,1526.72,NEXT_DAY,-22.14,-221374.0,778626.0
GOLD,PSAB.JK,10,5.0,10,2026-02-13,6.54,2026-02-18,2026-03-04,535.0,530.0,1000000,1869.16,NEXT_DAY,-0.93,-9346.0,990654.0
GOLD,PSAB.JK,10,5.0,10,2026-04-07,5.74,2026-04-08,2026-04-22,535.0,575.0,1000000,1869.16,NEXT_DAY,7.48,74766.0,1074766.0
