Date,Price,Open,High,Low,Vol.,Change %,Chg. %,Unnamed: 7
01/03/2012,111.3,111.3,111.3,111.3,,-0.85%,,
01/04/2012,112.25,112.25,112.25,112.25,,0.85%,,
01/05/2012,112.35,112.35,112.35,112.35,0.01K,0.09%,,
01/06/2012,113.5,113.5,113.5,113.5,0.05K,1.02%,,
01/09/2012,112.95,112.95,112.95,112.95,0.01K,-0.48%,,
01/10/2012,113.0,113.0,113.0,113.0,0.02K,0.04%,,
01/11/2012,113.85,113.85,113.85,113.85,,0.75%,,
01/12/2012,113.7,113.7,113.7,113.7,,-0.13%,,
01/13/2012,113.65,113.65,113.65,113.65,,-0.04%,,
01/16/2012,113.15,113.15,113.15,113.15,,-0.44%,,
01/17/2012,114.2,114.2,114.2,114.2,,0.93%,,
01/18/2012,115.25,115.25,115.25,115.25,,0.92%,,
01/19/2012,115.15,115.15,115.15,115.15,0.02K,-0.09%,,
01/20/2012,116.5,116.5,116.5,116.5,0.01K,1.17%,,
01/23/2012,116.65,116.65,116.65,116.65,,0.13%,,
01/24/2012,117.5,117.5,117.5,117.5,0.01K,0.73%,,
01/25/2012,117.5,117.5,117.5,117.5,,0.00%,,
01/26/2012,117.45,117.45,117.45,117.45,,-0.04%,,
01/27/2012,118.1,118.1,118.1,118.1,,0.55%,,
01/30/2012,118.85,118.85,118.85,118.85,0.01K,0.64%,,
01/31/2012,117.45,117.45,117.45,117.45,0.01K,-1.18%,,
02/01/2012,117.15,117.15,117.15,117.15,0.03K,-0.26%,,
02/02/2012,117.65,117.65,117.65,117.65,0.01K,0.43%,,
02/03/2012,118.25,118.25,118.25,118.25,0.03K,0.51%,,
02/06/2012,118.05,118.05,118.05,118.05,0.01K,-0.17%,,
02/07/2012,118.2,118.2,118.2,118.2,0.01K,0.13%,,
02/08/2012,118.1,118.1,118.1,118.1,0.07K,-0.08%,,
02/09/2012,118.0,118.0,118.0,118.0,0.02K,-0.08%,,
02/10/2012,117.75,117.75,117.75,117.75,0.02K,-0.21%,,
02/13/2012,117.85,117.85,117.85,117.85,0.01K,0.08%,,
02/14/2012,117.95,117.95,117.95,117.95,0.01K,0.08%,,
02/15/2012,118.05,118.05,118.05,118.05,,0.08%,,
02/16/2012,118.05,118.05,118.05,118.05,0.01K,0.00%,,
02/17/2012,118.15,118.15,118.15,118.15,0.01K,0.08%,,
02/20/2012,118.05,118.05,118.05,118.05,,-0.08%,,
02/21/2012,117.85,117.85,117.85,117.85,,-0.17%,,
02/22/2012,118.1,118.1,118.1,118.1,,0.21%,,
02/23/2012,118.0,118.0,118.0,118.0,,-0.08%,,
02/24/2012,118.0,118.0,118.0,118.0,,0.00%,,
02/27/2012,114.5,114.5,114.5,114.5,0.01K,-2.97%,,
02/28/2012,113.5,113.5,113.5,113.5,0.02K,-0.87%,,
02/29/2012,112.1,112.1,112.1,112.1,,-1.23%,,
03/01/2012,111.25,111.25,111.25,111.25,0.01K,-0.76%,,
03/02/2012,110.75,110.75,110.75,110.75,,-0.45%,,
03/05/2012,110.05,110.05,110.05,110.05,0.03K,-0.63%,,
03/06/2012,109.35,109.35,109.35,109.35,0.01K,-0.64%,,
03/07/2012,109.35,109.35,109.35,109.35,0.03K,0.00%,,
03/08/2012,108.6,108.6,108.6,108.6,0.05K,-0.69%,,
03/09/2012,107.65,107.65,107.65,107.65,0.01K,-0.87%,,
03/12/2012,107.1,107.1,107.1,107.1,,-0.51%,,
03/13/2012,106.8,106.8,106.8,106.8,0.03K,-0.28%,,
03/14/2012,107.2,107.2,107.2,107.2,0.01K,0.37%,,
03/15/2012,107.0,107.0,107.0,107.0,0.01K,-0.19%,,
03/16/2012,107.15,107.15,107.15,107.15,,0.14%,,
03/19/2012,107.25,107.25,107.25,107.25,0.01K,0.09%,,
03/20/2012,106.9,106.9,106.9,106.9,0.02K,-0.33%,,
03/21/2012,107.25,107.25,107.25,107.25,0.02K,0.33%,,
03/22/2012,107.3,107.3,107.3,107.3,,0.05%,,
03/23/2012,107.15,107.15,107.15,107.15,0.01K,-0.14%,,
03/26/2012,107.0,107.0,107.0,107.0,,-0.14%,,
03/27/2012,107.0,107.0,107.0,107.0,,0.00%,,
03/28/2012,107.2,107.2,107.2,107.2,,0.19%,,
03/29/2012,107.0,107.0,107.0,107.0,,-0.19%,,
03/30/2012,107.0,107.0,107.0,107.0,,0.00%,,
04/02/2012,109.45,109.45,109.45,109.45,0.02K,2.29%,,
04/03/2012,108.45,108.45,108.45,108.45,0.01K,-0.91%,,
04/04/2012,106.95,106.95,106.95,106.95,0.01K,-1.38%,,
04/05/2012,106.75,106.75,106.75,106.75,0.10K,-0.19%,,
04/10/2012,106.4,106.4,106.4,106.4,0.01K,-0.33%,,
04/11/2012,105.4,105.4,105.4,105.4,0.01K,-0.94%,,
04/12/2012,105.45,105.45,105.45,105.45,,0.05%,,
04/13/2012,105.05,105.05,105.05,105.05,0.02K,-0.38%,,
04/16/2012,103.65,103.65,103.65,103.65,0.02K,-1.33%,,
04/17/2012,102.85,102.85,102.85,102.85,0.03K,-0.77%,,
04/18/2012,103.55,103.55,103.55,103.55,0.01K,0.68%,,
04/19/2012,103.05,103.05,103.05,103.05,,-0.48%,,
04/20/2012,103.2,103.2,103.2,103.2,,0.15%,,
04/23/2012,102.7,102.7,102.7,102.7,,-0.48%,,
04/24/2012,103.25,103.25,103.25,103.25,,0.54%,,
04/25/2012,103.05,103.05,103.05,103.05,0.04K,-0.19%,,
04/26/2012,103.05,103.05,103.05,103.05,,0.00%,,
04/27/2012,102.95,102.95,102.95,102.95,,-0.10%,,
04/30/2012,100.75,100.75,100.75,100.75,0.03K,-2.14%,,
05/01/2012,100.95,100.95,100.95,100.95,0.01K,0.20%,,
05/02/2012,99.75,99.75,99.75,99.75,0.03K,-1.19%,,
05/03/2012,99.9,99.9,99.9,99.9,,0.15%,,
05/04/2012,99.65,99.65,99.65,99.65,0.04K,-0.25%,,
05/08/2012,99.6,99.6,99.6,99.6,0.01K,-0.05%,,
05/09/2012,99.75,99.75,99.75,99.75,,0.15%,,
05/10/2012,99.6,99.6,99.6,99.6,,-0.15%,,
05/11/2012,99.65,99.65,99.65,99.65,0.01K,0.05%,,
05/14/2012,99.35,99.35,99.35,99.35,,-0.30%,,
05/15/2012,99.0,99.0,99.0,99.0,,-0.35%,,
05/16/2012,98.75,98.75,98.75,98.75,,-0.25%,,
05/17/2012,99.05,99.05,99.05,99.05,0.02K,0.30%,,
05/18/2012,98.65,98.65,98.65,98.65,0.01K,-0.40%,,
05/21/2012,98.2,98.2,98.2,98.2,,-0.46%,,
05/22/2012,97.85,97.85,97.85,97.85,,-0.36%,,
05/23/2012,96.95,96.95,96.95,96.95,,-0.92%,,
05/24/2012,97.25,97.25,97.25,97.25,0.02K,0.31%,,
05/25/2012,98.5,98.5,98.5,98.5,,1.29%,,
05/28/2012,91.3,91.3,91.3,91.3,0.02K,-7.31%,,
05/29/2012,92.25,92.25,92.25,92.25,0.01K,1.04%,,
05/30/2012,91.65,91.65,91.65,91.65,0.02K,-0.65%,,
05/31/2012,91.45,91.45,91.45,91.45,0.01K,-0.22%,,
06/01/2012,91.25,91.25,91.25,91.25,0.01K,-0.22%,,
06/06/2012,90.25,90.25,90.25,90.25,0.01K,-1.10%,,
06/07/2012,89.4,89.4,89.4,89.4,0.01K,-0.94%,,
06/08/2012,88.5,88.5,88.5,88.5,0.01K,-1.01%,,
06/11/2012,88.25,88.25,88.25,88.25,0.07K,-0.28%,,
06/12/2012,88.3,88.3,88.3,88.3,,0.06%,,
06/13/2012,88.65,88.65,88.65,88.65,,0.40%,,
06/14/2012,87.45,87.45,87.45,87.45,,-1.35%,,
06/15/2012,87.85,87.85,87.85,87.85,0.01K,0.46%,,
06/18/2012,87.2,87.2,87.2,87.2,,-0.74%,,
06/19/2012,87.6,87.6,87.6,87.6,,0.46%,,
06/20/2012,87.65,87.65,87.65,87.65,0.01K,0.06%,,
06/21/2012,87.75,87.75,87.75,87.75,,0.11%,,
06/22/2012,88.15,88.15,88.15,88.15,0.01K,0.46%,,
06/25/2012,88.1,88.1,88.1,88.1,,-0.06%,,
06/26/2012,88.1,88.1,88.1,88.1,0.01K,0.00%,,
06/27/2012,88.4,88.4,88.4,88.4,,0.34%,,
06/28/2012,88.4,88.4,88.4,88.4,,0.00%,,
06/29/2012,88.4,88.4,88.4,88.4,0.01K,0.00%,,
07/02/2012,89.9,89.9,89.9,89.9,0.01K,1.70%,,
07/03/2012,90.15,90.15,90.15,90.15,0.01K,0.28%,,
07/04/2012,90.15,90.15,90.15,90.15,0.02K,0.00%,,
07/05/2012,89.0,89.0,89.0,89.0,0.01K,-1.28%,,
07/06/2012,88.9,88.9,88.9,88.9,0.01K,-0.11%,,
07/09/2012,88.6,88.6,88.6,88.6,0.01K,-0.34%,,
07/10/2012,87.9,87.9,87.9,87.9,0.01K,-0.79%,,
07/11/2012,87.3,87.3,87.3,87.3,0.02K,-0.68%,,
07/12/2012,87.15,87.15,87.15,87.15,0.01K,-0.17%,,
07/13/2012,87.55,87.55,87.55,87.55,,0.46%,,
07/16/2012,87.75,87.75,87.75,87.75,0.02K,0.23%,,
07/17/2012,87.5,87.5,87.5,87.5,0.03K,-0.28%,,
07/18/2012,88.05,88.05,88.05,88.05,0.02K,0.63%,,
07/19/2012,87.95,87.95,87.95,87.95,0.01K,-0.11%,,
07/20/2012,88.1,88.1,88.1,88.1,0.02K,0.17%,,
07/23/2012,87.05,87.05,87.05,87.05,0.01K,-1.19%,,
07/24/2012,87.55,87.55,87.55,87.55,,0.57%,,
07/25/2012,87.75,87.75,87.75,87.75,,0.23%,,
07/26/2012,88.15,88.15,88.15,88.15,0.02K,0.46%,,
07/27/2012,88.4,88.4,88.4,88.4,0.01K,0.28%,,
07/30/2012,89.1,89.1,89.1,89.1,0.01K,0.79%,,
07/31/2012,90.15,90.15,90.15,90.15,0.10K,1.18%,,
08/01/2012,90.2,90.2,90.2,90.2,0.01K,0.06%,,
08/02/2012,89.45,89.45,89.45,89.45,0.01K,-0.83%,,
08/03/2012,89.75,89.75,89.75,89.75,,0.34%,,
08/06/2012,91.55,91.55,91.55,91.55,,2.01%,,
08/07/2012,92.1,92.1,92.1,92.1,0.03K,0.60%,,
08/08/2012,93.4,93.4,93.4,93.4,0.03K,1.41%,,
08/09/2012,92.55,92.55,92.55,92.55,0.01K,-0.91%,,
08/10/2012,92.15,92.15,92.15,92.15,,-0.43%,,
08/13/2012,92.55,92.55,92.55,92.55,0.01K,0.43%,,
08/14/2012,92.45,92.45,92.45,92.45,0.02K,-0.11%,,
08/15/2012,92.1,92.1,92.1,92.1,0.03K,-0.38%,,
08/16/2012,91.8,91.8,91.8,91.8,0.02K,-0.33%,,
08/17/2012,91.55,91.55,91.55,91.55,,-0.27%,,
08/20/2012,91.5,91.5,91.5,91.5,0.03K,-0.05%,,
08/21/2012,91.65,91.65,91.65,91.65,,0.16%,,
08/22/2012,91.4,91.4,91.4,91.4,0.03K,-0.27%,,
08/23/2012,91.45,91.45,91.45,91.45,0.02K,0.05%,,
08/24/2012,91.35,91.35,91.35,91.35,,-0.11%,,
08/28/2012,91.3,91.3,91.3,91.3,0.01K,-0.05%,,
08/29/2012,91.05,91.05,91.05,91.05,0.01K,-0.27%,,
08/30/2012,91.1,91.1,91.1,91.1,0.01K,0.05%,,
08/31/2012,91.75,91.75,91.75,91.75,0.01K,0.71%,,
09/03/2012,91.8,91.8,91.8,91.8,0.01K,0.05%,,
09/04/2012,91.2,91.2,91.2,91.2,0.11K,-0.65%,,
09/05/2012,91.35,91.35,91.35,91.35,0.02K,0.16%,,
09/06/2012,91.15,91.15,91.15,91.15,,-0.22%,,
09/07/2012,91.2,91.2,91.2,91.2,0.01K,0.05%,,
09/10/2012,91.0,91.0,91.0,91.0,0.03K,-0.22%,,
09/11/2012,90.55,90.55,90.55,90.55,0.02K,-0.49%,,
09/12/2012,90.55,90.55,90.55,90.55,0.03K,0.00%,,
09/13/2012,90.0,90.0,90.0,90.0,0.01K,-0.61%,,
09/14/2012,90.0,90.0,90.0,90.0,0.01K,0.00%,,
09/17/2012,90.0,90.0,90.0,90.0,0.03K,0.00%,,
09/18/2012,90.5,90.5,90.5,90.5,0.03K,0.56%,,
09/19/2012,90.6,90.6,90.6,90.6,0.06K,0.11%,,
09/20/2012,90.1,90.1,90.1,90.1,0.02K,-0.55%,,
09/21/2012,90.45,90.45,90.45,90.45,0.03K,0.39%,,
09/24/2012,89.5,89.5,89.5,89.5,0.02K,-1.05%,,
09/25/2012,89.65,89.65,89.65,89.65,0.01K,0.17%,,
09/26/2012,89.6,89.6,89.6,89.6,0.03K,-0.06%,,
09/27/2012,89.6,89.6,89.6,89.6,0.20K,0.00%,,
09/28/2012,89.5,89.5,89.5,89.5,0.02K,-0.11%,,
10/01/2012,86.15,86.15,86.15,86.15,0.04K,-3.74%,,
10/02/2012,86.15,86.15,86.15,86.15,0.05K,0.00%,,
10/03/2012,85.85,85.85,85.85,85.85,0.01K,-0.35%,,
10/04/2012,86.25,86.25,86.25,86.25,0.01K,0.47%,,
10/05/2012,86.25,86.25,86.25,86.25,,0.00%,,
10/08/2012,86.0,86.0,86.0,86.0,0.03K,-0.29%,,
10/09/2012,85.2,85.2,85.2,85.2,0.01K,-0.93%,,
10/10/2012,84.35,84.35,84.35,84.35,0.02K,-1.00%,,
10/11/2012,83.6,83.6,83.6,83.6,0.01K,-0.89%,,
10/12/2012,83.3,83.3,83.3,83.3,0.04K,-0.36%,,
10/15/2012,82.35,82.35,82.35,82.35,0.01K,-1.14%,,
10/16/2012,82.55,82.55,82.55,82.55,0.01K,0.24%,,
10/17/2012,83.75,83.75,83.75,83.75,0.01K,1.45%,,
10/18/2012,83.3,83.3,83.3,83.3,0.02K,-0.54%,,
10/19/2012,83.5,83.5,83.5,83.5,,0.24%,,
10/22/2012,83.15,83.15,83.15,83.15,,-0.42%,,
10/23/2012,83.05,83.05,83.05,83.05,,-0.12%,,
10/24/2012,83.25,83.25,83.25,83.25,0.01K,0.24%,,
10/25/2012,83.25,83.25,83.25,83.25,0.01K,0.00%,,
10/26/2012,83.25,83.25,83.25,83.25,0.03K,0.00%,,
10/29/2012,83.7,83.7,83.7,83.7,0.13K,0.54%,,
10/30/2012,84.0,84.0,84.0,84.0,0.01K,0.36%,,
10/31/2012,83.6,83.6,83.6,83.6,0.08K,-0.48%,,
11/01/2012,83.4,83.4,83.4,83.4,0.22K,-0.24%,,
11/02/2012,82.9,82.9,82.9,82.9,,-0.60%,,
11/05/2012,83.35,83.35,83.35,83.35,0.02K,0.54%,,
11/06/2012,83.2,83.2,83.2,83.2,0.04K,-0.18%,,
11/07/2012,83.15,83.15,83.15,83.15,0.02K,-0.06%,,
11/08/2012,84.2,84.2,84.2,84.2,0.01K,1.26%,,
11/09/2012,84.7,84.7,84.7,84.7,0.01K,0.59%,,
11/12/2012,85.0,85.0,85.0,85.0,0.04K,0.35%,,
11/13/2012,84.3,84.3,84.3,84.3,0.03K,-0.82%,,
11/14/2012,84.45,84.45,84.45,84.45,0.02K,0.18%,,
11/15/2012,84.8,84.8,84.8,84.8,0.01K,0.41%,,
11/16/2012,85.55,85.55,85.55,85.55,0.02K,0.88%,,
11/19/2012,85.4,85.4,85.4,85.4,0.02K,-0.18%,,
11/20/2012,84.95,84.95,84.95,84.95,0.03K,-0.53%,,
11/21/2012,84.8,84.8,84.8,84.8,0.01K,-0.18%,,
11/22/2012,85.55,85.55,85.55,85.55,0.01K,0.88%,,
11/23/2012,85.45,85.45,85.45,85.45,0.03K,-0.12%,,
11/26/2012,85.6,85.6,85.6,85.6,0.01K,0.18%,,
11/27/2012,85.55,85.55,85.55,85.55,,-0.06%,,
11/28/2012,85.8,85.8,85.8,85.8,0.06K,0.29%,,
11/29/2012,85.85,85.85,85.85,85.85,0.07K,0.06%,,
11/30/2012,85.9,85.9,85.9,85.9,0.01K,0.06%,,
12/03/2012,95.15,95.15,95.15,95.15,0.01K,10.77%,,
12/04/2012,94.6,94.6,94.6,94.6,0.03K,-0.58%,,
12/05/2012,94.4,94.4,94.4,94.4,0.01K,-0.21%,,
12/06/2012,93.75,93.75,93.75,93.75,0.01K,-0.69%,,
12/07/2012,93.2,93.2,93.2,93.2,0.01K,-0.59%,,
12/10/2012,93.15,93.15,93.15,93.15,0.02K,-0.05%,,
12/11/2012,92.6,92.6,92.6,92.6,0.01K,-0.59%,,
12/12/2012,91.95,91.95,91.95,91.95,0.01K,-0.70%,,
12/13/2012,92.85,92.85,92.85,92.85,0.09K,0.98%,,
12/14/2012,93.75,93.75,93.75,93.75,0.01K,0.97%,,
12/17/2012,93.5,93.5,93.5,93.5,0.01K,-0.27%,,
12/18/2012,93.7,93.7,93.7,93.7,0.01K,0.21%,,
12/19/2012,93.8,93.8,93.8,93.8,0.01K,0.11%,,
12/20/2012,93.7,93.7,93.7,93.7,0.01K,-0.11%,,
12/21/2012,93.45,93.45,93.45,93.45,,-0.27%,,
12/24/2012,93.45,93.45,93.45,93.45,,0.00%,,
12/27/2012,93.5,93.5,93.5,93.5,,0.05%,,
12/28/2012,93.55,93.55,93.55,93.55,,0.05%,,
12/31/2012,93.75,93.75,93.75,93.75,,0.21%,,
01/02/2013,94.85,94.85,94.85,94.85,,1.17%,,
01/03/2013,94.4,94.4,94.4,94.4,0.02K,-0.47%,,
01/04/2013,95.0,95.0,95.0,95.0,0.01K,0.64%,,
01/07/2013,94.35,94.35,94.35,94.35,0.01K,-0.68%,,
01/08/2013,93.4,93.4,93.4,93.4,0.02K,-1.01%,,
01/09/2013,93.3,93.3,93.3,93.3,0.03K,-0.11%,,
01/10/2013,93.25,93.25,93.25,93.25,0.03K,-0.05%,,
01/11/2013,93.65,93.65,93.65,93.65,0.01K,0.43%,,
01/14/2013,93.6,93.6,93.6,93.6,,-0.05%,,
01/15/2013,93.3,93.3,93.3,93.3,0.02K,-0.32%,,
01/16/2013,93.25,93.25,93.25,93.25,,-0.05%,,
01/17/2013,93.35,93.35,93.35,93.35,,0.11%,,
01/18/2013,93.25,93.25,93.25,93.25,,-0.11%,,
01/21/2013,93.25,93.25,93.25,93.25,,0.00%,,
01/22/2013,93.25,93.25,93.25,93.25,,0.00%,,
01/23/2013,93.15,93.15,93.15,93.15,,-0.11%,,
01/24/2013,93.15,93.15,93.15,93.15,,0.00%,,
01/25/2013,93.25,93.25,93.25,93.25,,0.11%,,
01/28/2013,95.35,95.35,95.35,95.35,0.03K,2.25%,,
01/29/2013,95.35,95.35,95.35,95.35,0.02K,0.00%,,
01/30/2013,95.45,95.45,95.45,95.45,0.03K,0.10%,,
01/31/2013,95.2,95.2,95.2,95.2,0.03K,-0.26%,,
02/01/2013,95.4,95.4,95.4,95.4,0.01K,0.21%,,
02/04/2013,95.6,95.6,95.6,95.6,0.05K,0.21%,,
02/05/2013,96.15,96.15,96.15,96.15,0.09K,0.58%,,
02/06/2013,96.3,96.3,96.3,96.3,0.02K,0.16%,,
02/07/2013,95.7,95.7,95.7,95.7,0.02K,-0.62%,,
02/08/2013,96.0,96.0,96.0,96.0,0.03K,0.31%,,
02/11/2013,95.4,95.4,95.4,95.4,0.01K,-0.62%,,
02/12/2013,95.55,95.55,95.55,95.55,,0.16%,,
02/13/2013,95.1,95.1,95.1,95.1,0.01K,-0.47%,,
02/14/2013,95.1,95.1,95.1,95.1,,0.00%,,
02/15/2013,94.85,94.85,94.85,94.85,,-0.26%,,
02/18/2013,94.65,94.65,94.65,94.65,,-0.21%,,
02/19/2013,94.9,94.9,94.9,94.9,,0.26%,,
02/20/2013,94.9,94.9,94.9,94.9,0.01K,0.00%,,
02/21/2013,95.25,95.25,95.25,95.25,,0.37%,,
02/22/2013,94.5,94.5,94.5,94.5,,-0.79%,,
02/25/2013,93.35,93.35,93.35,93.35,0.16K,-1.22%,,
02/26/2013,92.75,92.75,92.75,92.75,0.03K,-0.64%,,
02/27/2013,93.55,93.55,93.55,93.55,0.08K,0.86%,,
02/28/2013,94.25,94.25,94.25,94.25,0.07K,0.75%,,
03/01/2013,94.05,94.05,94.05,94.05,0.06K,-0.21%,,
03/04/2013,93.35,93.35,93.35,93.35,0.03K,-0.74%,,
03/05/2013,93.1,93.1,93.1,93.1,0.05K,-0.27%,,
03/06/2013,92.75,92.75,92.75,92.75,0.03K,-0.38%,,
03/07/2013,92.35,92.35,92.35,92.35,0.11K,-0.43%,,
03/08/2013,92.05,92.05,92.05,92.05,0.03K,-0.32%,,
03/11/2013,91.85,91.85,91.85,91.85,0.02K,-0.22%,,
03/12/2013,92.3,92.3,92.3,92.3,0.02K,0.49%,,
03/13/2013,92.25,92.25,92.25,92.25,0.01K,-0.05%,,
03/14/2013,92.2,92.2,92.2,92.2,0.02K,-0.05%,,
03/15/2013,92.55,92.55,92.55,92.55,0.02K,0.38%,,
03/18/2013,92.25,92.25,92.25,92.25,0.01K,-0.32%,,
03/19/2013,91.75,91.75,91.75,91.75,0.04K,-0.54%,,
03/20/2013,91.1,91.1,91.1,91.1,,-0.71%,,
03/21/2013,91.6,91.6,91.6,91.6,,0.55%,,
03/22/2013,91.8,91.8,91.8,91.8,0.01K,0.22%,,
03/25/2013,91.9,91.9,91.9,91.9,,0.11%,,
03/26/2013,91.75,91.75,91.75,91.75,0.01K,-0.16%,,
03/27/2013,90.95,90.95,90.95,90.95,0.01K,-0.87%,,
03/28/2013,90.65,90.65,90.65,90.65,0.03K,-0.33%,,
04/02/2013,86.9,86.9,86.9,86.9,0.11K,-4.14%,,
04/03/2013,87.65,87.65,87.65,87.65,0.05K,0.86%,,
04/04/2013,88.05,88.05,88.05,88.05,0.02K,0.46%,,
04/05/2013,88.4,88.4,88.4,88.4,0.01K,0.40%,,
04/08/2013,88.5,88.5,88.5,88.5,0.01K,0.11%,,
04/09/2013,88.3,88.3,88.3,88.3,0.01K,-0.23%,,
04/10/2013,88.5,88.5,88.5,88.5,,0.23%,,
04/11/2013,88.8,88.8,88.8,88.8,0.01K,0.34%,,
04/12/2013,89.4,89.4,89.4,89.4,0.01K,0.68%,,
04/15/2013,88.2,88.2,88.2,88.2,0.01K,-1.34%,,
04/16/2013,88.05,88.05,88.05,88.05,0.01K,-0.17%,,
04/17/2013,87.45,87.45,87.45,87.45,0.02K,-0.68%,,
04/18/2013,87.65,87.65,87.65,87.65,0.01K,0.23%,,
04/19/2013,87.4,87.4,87.4,87.4,0.02K,-0.29%,,
04/22/2013,87.5,87.5,87.5,87.5,0.01K,0.11%,,
04/23/2013,88.15,88.15,88.15,88.15,0.01K,0.74%,,
04/24/2013,87.25,87.25,87.25,87.25,0.01K,-1.02%,,
04/25/2013,87.3,87.3,87.3,87.3,0.02K,0.06%,,
04/26/2013,86.95,86.95,86.95,86.95,0.01K,-0.40%,,
04/29/2013,86.8,86.8,86.8,86.8,0.08K,-0.17%,,
04/30/2013,87.0,87.0,87.0,87.0,0.05K,0.23%,,
05/01/2013,87.0,87.0,87.0,87.0,0.03K,0.00%,,
05/02/2013,86.9,86.9,86.9,86.9,0.02K,-0.11%,,
05/03/2013,87.5,87.5,87.5,87.5,0.01K,0.69%,,
05/06/2013,87.5,87.5,87.5,87.5,,0.00%,,
05/07/2013,87.65,87.65,87.65,87.65,0.04K,0.17%,,
05/08/2013,87.7,87.7,87.7,87.7,0.02K,0.06%,,
05/09/2013,87.7,87.7,87.7,87.7,0.01K,0.00%,,
05/10/2013,87.35,87.35,87.35,87.35,0.04K,-0.40%,,
05/13/2013,87.4,87.4,87.4,87.4,0.04K,0.06%,,
05/14/2013,87.5,87.5,87.5,87.5,,0.11%,,
05/15/2013,87.6,87.6,87.6,87.6,,0.11%,,
05/16/2013,87.65,87.65,87.65,87.65,0.01K,0.06%,,
05/17/2013,87.7,87.7,87.7,87.7,0.03K,0.06%,,
05/20/2013,87.75,87.75,87.75,87.75,0.01K,0.06%,,
05/21/2013,87.7,87.7,87.7,87.7,,-0.06%,,
05/22/2013,87.65,87.65,87.65,87.65,0.01K,-0.06%,,
05/23/2013,87.8,87.8,87.8,87.8,0.01K,0.17%,,
05/24/2013,87.75,87.75,87.75,87.75,0.01K,-0.06%,,
05/28/2013,87.5,87.5,87.5,87.5,,-0.28%,,
05/29/2013,87.7,87.7,87.7,87.7,0.02K,0.23%,,
05/30/2013,87.65,87.65,87.65,87.65,0.02K,-0.06%,,
05/31/2013,87.7,87.7,87.7,87.7,0.01K,0.06%,,
06/03/2013,86.6,86.6,86.6,86.6,0.07K,-1.25%,,
06/04/2013,86.55,86.55,86.55,86.55,0.15K,-0.06%,,
06/05/2013,86.4,86.4,86.4,86.4,0.01K,-0.17%,,
06/06/2013,85.7,85.7,85.7,85.7,0.03K,-0.81%,,
06/07/2013,85.5,85.5,85.5,85.5,0.01K,-0.23%,,
06/10/2013,84.45,84.45,84.45,84.45,0.01K,-1.23%,,
06/11/2013,84.05,84.05,84.05,84.05,0.01K,-0.47%,,
06/12/2013,83.9,83.9,83.9,83.9,0.02K,-0.18%,,
06/13/2013,83.75,83.75,83.75,83.75,,-0.18%,,
06/14/2013,83.75,83.75,83.75,83.75,0.01K,0.00%,,
06/17/2013,83.8,83.8,83.8,83.8,,0.06%,,
06/18/2013,83.7,83.7,83.7,83.7,0.01K,-0.12%,,
06/19/2013,83.75,83.75,83.75,83.75,,0.06%,,
06/20/2013,83.45,83.45,83.45,83.45,0.01K,-0.36%,,
06/21/2013,83.15,83.15,83.15,83.15,,-0.36%,,
06/24/2013,82.95,82.95,82.95,82.95,0.02K,-0.24%,,
06/25/2013,83.0,83.0,83.0,83.0,0.04K,0.06%,,
06/26/2013,83.0,83.0,83.0,83.0,0.03K,0.00%,,
06/27/2013,83.0,83.0,83.0,83.0,0.04K,0.00%,,
06/28/2013,83.0,83.0,83.0,83.0,0.01K,0.00%,,
07/01/2013,76.95,76.95,76.95,76.95,0.01K,-7.29%,,
07/02/2013,77.55,77.55,77.55,77.55,0.03K,0.78%,,
07/03/2013,77.35,77.35,77.35,77.35,0.03K,-0.26%,,
07/04/2013,76.95,76.95,76.95,76.95,0.01K,-0.52%,,
07/05/2013,76.95,76.95,76.95,76.95,0.03K,0.00%,,
07/08/2013,76.95,76.95,76.95,76.95,0.03K,0.00%,,
07/09/2013,76.85,76.85,76.85,76.85,0.03K,-0.13%,,
07/10/2013,76.45,76.45,76.45,76.45,0.06K,-0.52%,,
07/11/2013,76.95,76.95,76.95,76.95,0.03K,0.65%,,
07/12/2013,76.6,76.6,76.6,76.6,,-0.45%,,
07/15/2013,77.0,77.0,77.0,77.0,0.01K,0.52%,,
07/16/2013,77.15,77.15,77.15,77.15,0.03K,0.19%,,
07/17/2013,77.25,77.25,77.25,77.25,0.01K,0.13%,,
07/18/2013,77.4,77.4,77.4,77.4,,0.19%,,
07/19/2013,77.3,77.3,77.3,77.3,,-0.13%,,
07/22/2013,77.2,77.2,77.2,77.2,0.01K,-0.13%,,
07/23/2013,77.35,77.35,77.35,77.35,,0.19%,,
07/24/2013,77.25,77.25,77.25,77.25,0.02K,-0.13%,,
07/25/2013,77.3,77.3,77.3,77.3,0.02K,0.06%,,
07/26/2013,77.25,77.25,77.25,77.25,0.01K,-0.06%,,
07/29/2013,76.85,76.85,76.85,76.85,0.06K,-0.52%,,
07/30/2013,77.3,77.3,77.3,77.3,0.03K,0.59%,,
07/31/2013,77.05,77.05,77.05,77.05,0.01K,-0.32%,,
08/01/2013,76.95,76.95,76.95,76.95,0.01K,-0.13%,,
08/02/2013,77.0,77.0,77.0,77.0,0.03K,0.06%,,
08/05/2013,76.95,76.95,76.95,76.95,0.03K,-0.06%,,
08/06/2013,76.8,76.8,76.8,76.8,0.03K,-0.19%,,
08/07/2013,76.9,76.9,76.9,76.9,0.01K,0.13%,,
08/08/2013,77.1,77.1,77.1,77.1,0.02K,0.26%,,
08/09/2013,77.7,77.7,77.7,77.7,0.03K,0.78%,,
08/12/2013,78.35,78.35,78.35,78.35,0.01K,0.84%,,
08/13/2013,78.45,78.45,78.45,78.45,0.01K,0.13%,,
08/14/2013,78.9,78.9,78.9,78.9,0.06K,0.57%,,
08/15/2013,78.65,78.65,78.65,78.65,0.01K,-0.32%,,
08/16/2013,78.7,78.7,78.7,78.7,,0.06%,,
08/19/2013,78.8,78.8,78.8,78.8,,0.13%,,
08/20/2013,78.55,78.55,78.55,78.55,0.01K,-0.32%,,
08/21/2013,78.45,78.45,78.45,78.45,,-0.13%,,
08/22/2013,78.5,78.5,78.5,78.5,,0.06%,,
08/23/2013,78.3,78.3,78.3,78.3,,-0.25%,,
08/27/2013,78.1,78.1,78.1,78.1,0.01K,-0.26%,,
08/28/2013,78.25,78.25,78.25,78.25,0.04K,0.19%,,
08/29/2013,78.25,78.25,78.25,78.25,0.01K,0.00%,,
08/30/2013,78.55,78.55,78.55,78.55,0.01K,0.38%,,
09/02/2013,78.45,78.45,78.45,78.45,0.02K,-0.13%,,
09/03/2013,78.5,78.5,78.5,78.5,0.01K,0.06%,,
09/04/2013,76.95,76.95,76.95,76.95,0.01K,-1.97%,,
09/05/2013,77.0,77.0,77.0,77.0,0.02K,0.06%,,
09/06/2013,77.1,77.1,77.1,77.1,0.02K,0.13%,,
09/09/2013,77.2,77.2,77.2,77.2,0.01K,0.13%,,
09/10/2013,77.25,77.25,77.25,77.25,0.04K,0.06%,,
09/11/2013,77.4,77.4,77.4,77.4,0.01K,0.19%,,
09/12/2013,77.7,77.7,77.7,77.7,0.01K,0.39%,,
09/13/2013,77.8,77.8,77.8,77.8,0.01K,0.13%,,
09/16/2013,77.75,77.75,77.75,77.75,0.07K,-0.06%,,
09/17/2013,78.5,78.5,78.5,78.5,0.06K,0.96%,,
09/18/2013,78.55,78.55,78.55,78.55,0.10K,0.06%,,
09/19/2013,78.55,78.55,78.55,78.55,0.06K,0.00%,,
09/20/2013,78.4,78.4,78.4,78.4,,-0.19%,,
09/23/2013,78.5,78.5,78.5,78.5,0.02K,0.13%,,
09/24/2013,78.5,78.5,78.5,78.5,0.02K,0.00%,,
09/25/2013,78.55,78.55,78.55,78.55,0.04K,0.06%,,
09/26/2013,78.55,78.55,78.55,78.55,0.02K,0.00%,,
09/27/2013,78.4,78.4,78.4,78.4,0.02K,-0.19%,,
09/30/2013,79.15,79.15,79.15,79.15,0.01K,0.96%,,
10/01/2013,78.75,78.75,78.75,78.75,0.09K,-0.51%,,
10/02/2013,79.95,79.95,79.95,79.95,0.02K,1.52%,,
10/03/2013,79.8,79.8,79.8,79.8,0.01K,-0.19%,,
10/04/2013,80.0,80.0,80.0,80.0,0.07K,0.25%,,
10/07/2013,80.8,80.8,80.8,80.8,0.01K,1.00%,,
10/08/2013,80.5,80.5,80.5,80.5,0.04K,-0.37%,,
10/09/2013,80.9,80.9,80.9,80.9,0.01K,0.50%,,
10/10/2013,80.9,80.9,80.9,80.9,0.02K,0.00%,,
10/11/2013,80.45,80.45,80.45,80.45,0.02K,-0.56%,,
10/14/2013,80.7,80.7,80.7,80.7,,0.31%,,
10/15/2013,80.6,80.6,80.6,80.6,0.01K,-0.12%,,
10/16/2013,80.55,80.55,80.55,80.55,0.03K,-0.06%,,
10/17/2013,80.75,80.75,80.75,80.75,0.04K,0.25%,,
10/18/2013,81.3,81.3,81.3,81.3,0.04K,0.68%,,
10/21/2013,80.9,80.9,80.9,80.9,0.01K,-0.49%,,
10/22/2013,81.2,81.2,81.2,81.2,0.02K,0.37%,,
10/23/2013,81.25,81.25,81.25,81.25,0.03K,0.06%,,
10/24/2013,81.5,81.5,81.5,81.5,0.03K,0.31%,,
10/25/2013,81.45,81.45,81.45,81.45,,-0.06%,,
10/28/2013,84.6,84.6,84.6,84.6,,3.87%,,
10/29/2013,84.7,84.7,84.7,84.7,0.07K,0.12%,,
10/30/2013,84.4,84.4,84.4,84.4,0.05K,-0.35%,,
10/31/2013,84.15,84.15,84.15,84.15,0.03K,-0.30%,,
11/01/2013,84.4,84.4,84.4,84.4,0.01K,0.30%,,
11/04/2013,83.95,83.95,83.95,83.95,0.02K,-0.53%,,
11/05/2013,84.0,84.0,84.0,84.0,,0.06%,,
11/06/2013,84.15,84.15,84.15,84.15,0.02K,0.18%,,
11/07/2013,84.7,84.7,84.7,84.7,0.01K,0.65%,,
11/08/2013,84.55,84.55,84.55,84.55,0.03K,-0.18%,,
11/11/2013,84.45,84.45,84.45,84.45,,-0.12%,,
11/12/2013,84.5,84.5,84.5,84.5,0.04K,0.06%,,
11/13/2013,84.5,84.5,84.5,84.5,0.02K,0.00%,,
11/14/2013,84.55,84.55,84.55,84.55,0.02K,0.06%,,
11/15/2013,84.7,84.7,84.7,84.7,0.07K,0.18%,,
11/18/2013,84.65,84.65,84.65,84.65,0.01K,-0.06%,,
11/19/2013,84.6,84.6,84.6,84.6,0.01K,-0.06%,,
11/20/2013,84.65,84.65,84.65,84.65,0.01K,0.06%,,
11/21/2013,84.65,84.65,84.65,84.65,,0.00%,,
11/22/2013,84.4,84.4,84.4,84.4,0.02K,-0.30%,,
11/25/2013,84.5,84.5,84.5,84.5,,0.12%,,
11/26/2013,84.55,84.55,84.55,84.55,0.01K,0.06%,,
11/27/2013,84.55,84.55,84.55,84.55,0.05K,0.00%,,
11/28/2013,84.5,84.5,84.5,84.5,,-0.06%,,
11/29/2013,84.55,84.55,84.55,84.55,0.03K,0.06%,,
12/02/2013,85.2,85.2,85.2,85.2,0.00K,0.77%,,
12/03/2013,86.2,86.2,86.2,86.2,0.02K,1.17%,,
12/04/2013,85.4,85.4,85.4,85.4,0.02K,-0.93%,,
12/05/2013,85.35,85.35,85.35,85.35,0.01K,-0.06%,,
12/06/2013,85.3,85.3,85.3,85.3,0.04K,-0.06%,,
12/09/2013,85.3,85.3,85.3,85.3,0.02K,0.00%,,
12/10/2013,85.2,85.2,85.2,85.2,0.08K,-0.12%,,
12/11/2013,85.45,85.45,85.45,85.45,0.01K,0.29%,,
12/12/2013,85.45,85.45,85.45,85.45,0.01K,0.00%,,
12/13/2013,85.4,85.4,85.4,85.4,,-0.06%,,
12/16/2013,85.65,85.65,85.65,85.65,0.01K,0.29%,,
12/17/2013,85.7,85.7,85.7,85.7,,0.06%,,
12/18/2013,85.8,85.8,85.8,85.8,0.01K,0.12%,,
12/19/2013,85.9,85.9,85.9,85.9,,0.12%,,
12/20/2013,85.85,85.85,85.85,85.85,,-0.06%,,
12/23/2013,85.85,85.85,85.85,85.85,,0.00%,,
12/24/2013,85.85,85.85,85.85,85.85,,0.00%,,
12/27/2013,85.95,85.95,85.95,85.95,,0.12%,,
12/30/2013,87.25,87.25,87.25,87.25,,1.51%,,
12/31/2013,87.25,87.25,87.25,87.25,,0.00%,,
01/02/2014,87.15,87.15,87.15,87.15,,-0.11%,,
01/03/2014,86.5,86.5,86.5,86.5,,-0.75%,,
01/06/2014,85.7,85.7,85.7,85.7,,-0.92%,,
01/07/2014,85.0,85.0,85.0,85.0,0.01K,-0.82%,,
01/08/2014,85.2,85.2,85.2,85.2,0.01K,0.24%,,
01/09/2014,85.0,85.0,85.0,85.0,0.01K,-0.23%,,
01/10/2014,83.8,83.8,83.8,83.8,,-1.41%,,
01/13/2014,83.5,83.5,83.5,83.5,,-0.36%,,
01/14/2014,83.15,83.15,83.15,83.15,0.02K,-0.42%,,
01/15/2014,83.55,83.55,83.55,83.55,0.01K,0.48%,,
01/16/2014,83.55,83.55,83.55,83.55,,0.00%,,
01/17/2014,83.55,83.55,83.55,83.55,,0.00%,,
01/20/2014,83.05,83.05,83.05,83.05,,-0.60%,,
01/21/2014,82.45,82.45,82.45,82.45,,-0.72%,,
01/22/2014,82.6,82.6,82.6,82.6,,0.18%,,
01/23/2014,82.35,82.35,82.35,82.35,,-0.30%,,
01/24/2014,82.6,82.6,82.6,82.6,,0.30%,,
01/27/2014,82.2,82.2,82.2,82.2,,-0.48%,,
01/28/2014,82.2,82.2,82.2,82.2,,0.00%,,
01/29/2014,82.2,82.2,82.2,82.2,,0.00%,,
01/30/2014,82.15,82.15,82.15,82.15,,-0.06%,,
01/31/2014,82.35,82.35,82.35,82.35,,0.24%,,
02/03/2014,79.2,79.2,79.2,79.2,0.05K,-3.83%,,
02/04/2014,78.3,78.3,78.3,78.3,0.02K,-1.14%,,
02/05/2014,78.2,78.2,78.2,78.2,0.03K,-0.13%,,
02/06/2014,78.2,78.2,78.2,78.2,0.01K,0.00%,,
02/07/2014,77.9,77.9,77.9,77.9,0.02K,-0.38%,,
02/10/2014,77.95,77.95,77.95,77.95,0.01K,0.06%,,
02/11/2014,77.25,77.25,77.25,77.25,,-0.90%,,
02/12/2014,77.25,77.25,77.25,77.25,0.01K,0.00%,,
02/13/2014,77.3,77.3,77.3,77.3,0.02K,0.06%,,
02/14/2014,77.35,77.35,77.35,77.35,0.01K,0.06%,,
02/17/2014,77.55,77.55,77.55,77.55,0.03K,0.26%,,
02/18/2014,77.6,77.6,77.6,77.6,0.02K,0.06%,,
02/19/2014,77.5,77.5,77.5,77.5,0.05K,-0.13%,,
02/20/2014,77.6,77.6,77.6,77.6,0.01K,0.13%,,
02/21/2014,77.6,77.6,77.6,77.6,0.02K,0.00%,,
02/24/2014,77.3,77.3,77.3,77.3,0.01K,-0.39%,,
02/25/2014,77.45,77.45,77.45,77.45,0.04K,0.19%,,
02/26/2014,77.25,77.25,77.25,77.25,0.03K,-0.26%,,
02/27/2014,77.45,77.45,77.45,77.45,0.01K,0.26%,,
02/28/2014,77.55,77.55,77.55,77.55,0.04K,0.13%,,
03/03/2014,76.7,76.7,76.7,76.7,0.07K,-1.10%,,
03/04/2014,76.1,76.1,76.1,76.1,0.03K,-0.78%,,
03/05/2014,74.95,74.95,74.95,74.95,0.03K,-1.51%,,
03/06/2014,74.5,74.5,74.5,74.5,0.01K,-0.60%,,
03/07/2014,74.45,74.45,74.45,74.45,0.02K,-0.07%,,
03/10/2014,72.65,72.65,72.65,72.65,0.01K,-2.42%,,
03/11/2014,73.05,73.05,73.05,73.05,0.01K,0.55%,,
03/12/2014,73.25,73.25,73.25,73.25,0.02K,0.27%,,
03/13/2014,73.9,73.9,73.9,73.9,0.02K,0.89%,,
03/14/2014,74.5,74.5,74.5,74.5,0.08K,0.81%,,
03/17/2014,74.6,74.6,74.6,74.6,0.02K,0.13%,,
03/18/2014,74.55,74.55,74.55,74.55,0.01K,-0.07%,,
03/19/2014,74.5,74.5,74.5,74.5,0.02K,-0.07%,,
03/20/2014,74.4,74.4,74.4,74.4,0.01K,-0.13%,,
03/21/2014,74.5,74.5,74.5,74.5,,0.13%,,
03/24/2014,74.5,74.5,74.5,74.5,,0.00%,,
03/25/2014,74.3,74.3,74.3,74.3,0.01K,-0.27%,,
03/26/2014,74.3,74.3,74.3,74.3,0.05K,0.00%,,
03/27/2014,74.35,74.35,74.35,74.35,0.03K,0.07%,,
03/28/2014,74.35,74.35,74.35,74.35,,0.00%,,
03/31/2014,74.55,74.55,74.55,74.55,0.16K,0.27%,,
04/01/2014,74.5,74.5,74.5,74.5,0.01K,-0.07%,,
04/02/2014,73.45,73.45,73.45,73.45,0.13K,-1.41%,,
04/03/2014,73.65,73.65,73.65,73.65,0.04K,0.27%,,
04/04/2014,73.55,73.55,73.55,73.55,0.04K,-0.14%,,
04/07/2014,73.45,73.45,73.45,73.45,0.01K,-0.14%,,
04/08/2014,73.4,73.4,73.4,73.4,0.01K,-0.07%,,
04/09/2014,73.4,73.4,73.4,73.4,0.04K,0.00%,,
04/10/2014,74.0,74.0,74.0,74.0,,0.82%,,
04/11/2014,74.5,74.5,74.5,74.5,0.04K,0.68%,,
04/14/2014,74.55,74.55,74.55,74.55,0.01K,0.07%,,
04/15/2014,74.75,74.75,74.75,74.75,0.01K,0.27%,,
04/16/2014,74.25,74.25,74.25,74.25,,-0.67%,,
04/17/2014,74.25,74.25,74.25,74.25,0.01K,0.00%,,
04/22/2014,73.5,73.5,73.5,73.5,,-1.01%,,
04/23/2014,73.45,73.45,73.45,73.45,0.03K,-0.07%,,
04/24/2014,73.4,73.4,73.4,73.4,0.01K,-0.07%,,
04/25/2014,73.4,73.4,73.4,73.4,0.01K,0.00%,,
04/28/2014,73.3,73.3,73.3,73.3,0.07K,-0.14%,,
04/29/2014,73.45,73.45,73.45,73.45,0.05K,0.20%,,
04/30/2014,73.35,73.35,73.35,73.35,0.01K,-0.14%,,
05/01/2014,73.5,73.5,73.5,73.5,0.01K,0.20%,,
05/02/2014,73.4,73.4,73.4,73.4,0.02K,-0.14%,,
05/06/2014,73.2,73.2,73.2,73.2,0.04K,-0.27%,,
05/07/2014,73.2,73.2,73.2,73.2,0.03K,0.00%,,
05/08/2014,73.5,73.5,73.5,73.5,0.01K,0.41%,,
05/09/2014,73.5,73.5,73.5,73.5,0.02K,0.00%,,
05/12/2014,74.05,74.05,74.05,74.05,0.01K,0.75%,,
05/13/2014,74.2,74.2,74.2,74.2,0.01K,0.20%,,
05/14/2014,74.3,74.3,74.3,74.3,,0.13%,,
05/15/2014,74.3,74.3,74.3,74.3,0.01K,0.00%,,
05/16/2014,74.25,74.25,74.25,74.25,,-0.07%,,
05/19/2014,74.25,74.25,74.25,74.25,,0.00%,,
05/20/2014,74.25,74.25,74.25,74.25,,0.00%,,
05/21/2014,74.25,74.25,74.25,74.25,,0.00%,,
05/22/2014,74.2,74.2,74.2,74.2,0.05K,-0.07%,,
05/23/2014,74.25,74.25,74.25,74.25,0.01K,0.07%,,
05/27/2014,74.25,74.25,74.25,74.25,0.08K,0.00%,,
05/28/2014,73.95,73.95,73.95,73.95,0.02K,-0.40%,,
05/29/2014,73.95,73.95,73.95,73.95,0.02K,0.00%,,
05/30/2014,73.9,73.9,73.9,73.9,0.02K,-0.07%,,
06/02/2014,72.15,72.15,72.15,72.15,0.03K,-2.37%,,
06/03/2014,72.45,72.45,72.45,72.45,0.02K,0.42%,,
06/04/2014,72.2,72.2,72.2,72.2,0.04K,-0.35%,,
06/05/2014,72.15,72.15,72.15,72.15,0.03K,-0.07%,,
06/06/2014,72.25,72.25,72.25,72.25,0.02K,0.14%,,
06/09/2014,72.1,72.1,72.1,72.1,,-0.21%,,
06/10/2014,72.15,72.15,72.15,72.15,0.02K,0.07%,,
06/11/2014,72.15,72.15,72.15,72.15,0.05K,0.00%,,
06/12/2014,72.05,72.05,72.05,72.05,0.05K,-0.14%,,
06/13/2014,72.15,72.15,72.15,72.15,0.02K,0.14%,,
06/16/2014,72.5,72.5,72.5,72.5,0.04K,0.49%,,
06/17/2014,72.25,72.25,72.25,72.25,0.02K,-0.34%,,
06/18/2014,72.0,72.0,72.0,72.0,0.07K,-0.35%,,
06/19/2014,71.95,71.95,71.95,71.95,0.06K,-0.07%,,
06/20/2014,72.0,72.0,72.0,72.0,0.05K,0.07%,,
06/23/2014,72.0,72.0,72.0,72.0,0.02K,0.00%,,
06/24/2014,72.0,72.0,72.0,72.0,0.05K,0.00%,,
06/25/2014,72.0,72.0,72.0,72.0,0.02K,0.00%,,
06/26/2014,71.85,71.85,71.85,71.85,0.05K,-0.21%,,
06/27/2014,71.9,71.9,71.9,71.9,0.01K,0.07%,,
06/30/2014,71.1,71.1,71.1,71.1,0.06K,-1.11%,,
07/01/2014,70.7,70.7,70.7,70.7,0.14K,-0.56%,,
07/02/2014,70.75,70.75,70.75,70.75,0.05K,0.07%,,
07/03/2014,70.05,70.05,70.05,70.05,0.05K,-0.99%,,
07/04/2014,69.85,69.85,69.85,69.85,0.01K,-0.29%,,
07/07/2014,70.0,70.0,70.0,70.0,0.01K,0.21%,,
07/08/2014,69.9,69.9,69.9,69.9,0.01K,-0.14%,,
07/09/2014,69.85,69.85,69.85,69.85,0.05K,-0.07%,,
07/10/2014,69.8,69.8,69.8,69.8,0.01K,-0.07%,,
07/11/2014,69.65,69.65,69.65,69.65,0.17K,-0.21%,,
07/14/2014,69.5,69.5,69.5,69.5,0.25K,-0.22%,,
07/15/2014,69.5,69.5,69.5,69.5,0.19K,0.00%,,
07/16/2014,68.9,68.9,68.9,68.9,0.02K,-0.86%,,
07/17/2014,69.0,69.0,69.0,69.0,0.02K,0.15%,,
07/18/2014,69.1,69.1,69.1,69.1,0.01K,0.14%,,
07/21/2014,69.0,69.0,69.0,69.0,0.01K,-0.14%,,
07/22/2014,69.1,69.1,69.1,69.1,0.01K,0.14%,,
07/23/2014,69.25,69.25,69.25,69.25,0.04K,0.22%,,
07/24/2014,69.3,69.3,69.3,69.3,0.03K,0.07%,,
07/25/2014,69.3,69.3,69.3,69.3,0.03K,0.00%,,
07/28/2014,69.9,69.9,69.9,69.9,0.02K,0.87%,,
07/29/2014,70.15,70.15,70.15,70.15,0.05K,0.36%,,
07/30/2014,69.55,69.55,69.55,69.55,0.25K,-0.86%,,
07/31/2014,68.95,68.95,68.95,68.95,0.04K,-0.86%,,
08/01/2014,68.95,68.95,68.95,68.95,0.02K,0.00%,,
08/04/2014,69.35,69.35,69.35,69.35,0.03K,0.58%,,
08/05/2014,69.75,69.75,69.75,69.75,0.07K,0.58%,,
08/06/2014,69.95,69.95,69.95,69.95,0.01K,0.29%,,
08/07/2014,70.3,70.3,70.3,70.3,0.01K,0.50%,,
08/08/2014,70.55,70.55,70.55,70.55,0.03K,0.36%,,
08/11/2014,70.2,70.2,70.2,70.2,0.08K,-0.50%,,
08/12/2014,69.85,69.85,69.85,69.85,0.09K,-0.50%,,
08/13/2014,70.05,70.05,70.05,70.05,0.03K,0.29%,,
08/14/2014,69.75,69.75,69.75,69.75,0.10K,-0.43%,,
08/15/2014,70.25,70.25,70.25,70.25,0.01K,0.72%,,
08/18/2014,70.2,70.2,70.2,70.2,0.02K,-0.07%,,
08/19/2014,70.0,70.0,70.0,70.0,0.03K,-0.28%,,
08/20/2014,69.8,69.8,69.8,69.8,0.06K,-0.29%,,
08/21/2014,69.75,69.75,69.75,69.75,0.07K,-0.07%,,
08/22/2014,69.25,69.25,69.25,69.25,,-0.72%,,
08/26/2014,69.35,69.35,69.35,69.35,,0.14%,,
08/27/2014,69.3,69.3,69.3,69.3,0.04K,-0.07%,,
08/28/2014,69.1,69.1,69.1,69.1,,-0.29%,,
08/29/2014,69.25,69.25,69.25,69.25,0.02K,0.22%,,
09/01/2014,67.7,67.7,67.7,67.7,0.05K,-2.24%,,
09/02/2014,67.35,67.35,67.35,67.35,0.06K,-0.52%,,
09/03/2014,67.05,67.05,67.05,67.05,0.03K,-0.45%,,
09/04/2014,66.55,66.55,66.55,66.55,0.01K,-0.75%,,
09/05/2014,66.1,66.1,66.1,66.1,0.01K,-0.68%,,
09/08/2014,66.35,66.35,66.35,66.35,0.12K,0.38%,,
09/09/2014,66.15,66.15,66.15,66.15,0.05K,-0.30%,,
09/10/2014,66.2,66.2,66.2,66.2,0.04K,0.08%,,
09/11/2014,66.1,66.1,66.1,66.1,0.05K,-0.15%,,
09/12/2014,65.9,65.9,65.9,65.9,0.03K,-0.30%,,
09/15/2014,66.15,66.15,66.15,66.15,0.03K,0.38%,,
09/16/2014,66.2,66.2,66.2,66.2,0.52K,0.08%,,
09/17/2014,66.05,66.05,66.05,66.05,0.35K,-0.23%,,
09/18/2014,66.15,66.15,66.15,66.15,0.01K,0.15%,,
09/19/2014,66.1,66.1,66.1,66.1,0.02K,-0.08%,,
09/22/2014,66.2,66.2,66.2,66.2,0.05K,0.15%,,
09/23/2014,66.2,66.2,66.2,66.2,0.14K,0.00%,,
09/24/2014,66.25,66.25,66.25,66.25,0.03K,0.08%,,
09/25/2014,66.15,66.15,66.15,66.15,0.03K,-0.15%,,
09/26/2014,66.3,66.3,66.3,66.3,0.01K,0.23%,,
09/29/2014,64.55,64.55,64.55,64.55,0.03K,-2.64%,,
09/30/2014,64.65,64.65,64.65,64.65,0.09K,0.15%,,
10/01/2014,64.7,64.7,64.7,64.7,0.03K,0.08%,,
10/02/2014,65.0,65.0,65.0,65.0,0.16K,0.46%,,
10/03/2014,64.65,64.65,64.65,64.65,0.01K,-0.54%,,
10/06/2014,64.85,64.85,64.85,64.85,0.01K,0.31%,,
10/07/2014,65.1,65.1,65.1,65.1,0.01K,0.39%,,
10/08/2014,65.3,65.3,65.3,65.3,0.01K,0.31%,,
10/09/2014,64.85,64.85,64.85,64.85,0.03K,-0.69%,,
10/10/2014,64.5,64.5,64.5,64.5,0.01K,-0.54%,,
10/13/2014,64.25,64.25,64.25,64.25,0.01K,-0.39%,,
10/14/2014,64.1,64.1,64.1,64.1,0.01K,-0.23%,,
10/15/2014,64.05,64.05,64.05,64.05,0.03K,-0.08%,,
10/16/2014,64.15,64.15,64.15,64.15,0.05K,0.16%,,
10/17/2014,64.1,64.1,64.1,64.1,0.02K,-0.08%,,
10/20/2014,63.9,63.9,63.9,63.9,0.01K,-0.31%,,
10/21/2014,63.9,63.9,63.9,63.9,0.01K,0.00%,,
10/22/2014,64.45,64.45,64.45,64.45,0.02K,0.86%,,
10/23/2014,64.45,64.45,64.45,64.45,0.05K,0.00%,,
10/24/2014,64.35,64.35,64.35,64.35,,-0.16%,,
10/27/2014,64.35,64.35,64.35,64.35,,0.00%,,
10/28/2014,64.35,64.35,64.35,64.35,0.02K,0.00%,,
10/29/2014,64.3,64.3,64.3,64.3,0.07K,-0.08%,,
10/30/2014,64.3,64.3,64.3,64.3,0.03K,0.00%,,
10/31/2014,64.3,64.3,64.3,64.3,0.03K,0.00%,,
11/03/2014,62.85,62.85,62.85,62.85,0.03K,-2.26%,,
11/05/2014,62.15,62.15,62.15,62.15,0.03K,-1.11%,,
11/06/2014,61.9,61.9,61.9,61.9,0.01K,-0.40%,,
11/07/2014,62.1,62.1,62.1,62.1,0.02K,0.32%,,
11/10/2014,63.05,63.05,63.05,63.05,0.01K,1.53%,,
11/11/2014,63.5,63.5,63.5,63.5,0.03K,0.71%,,
11/12/2014,63.25,63.25,63.25,63.25,0.02K,-0.39%,,
11/13/2014,63.25,63.25,63.25,63.25,0.03K,0.00%,,
11/14/2014,63.2,63.2,63.2,63.2,0.04K,-0.08%,,
11/17/2014,63.45,63.45,63.45,63.45,0.01K,0.40%,,
11/18/2014,63.35,63.35,63.35,63.35,0.03K,-0.16%,,
11/19/2014,63.1,63.1,63.1,63.1,0.04K,-0.39%,,
11/20/2014,63.0,63.0,63.0,63.0,0.01K,-0.16%,,
11/21/2014,63.4,63.4,63.4,63.4,0.03K,0.63%,,
11/24/2014,63.5,63.5,63.5,63.5,0.05K,0.16%,,
11/25/2014,63.55,63.55,63.55,63.55,0.02K,0.08%,,
11/26/2014,63.55,63.55,63.55,63.55,0.05K,0.00%,,
11/27/2014,63.5,63.5,63.5,63.5,0.02K,-0.08%,,
11/28/2014,63.45,63.45,63.45,63.45,0.02K,-0.08%,,
12/01/2014,63.7,63.7,63.7,63.7,0.04K,0.39%,,
12/02/2014,62.85,62.85,62.85,62.85,0.09K,-1.33%,,
12/03/2014,62.5,62.5,62.5,62.5,0.05K,-0.56%,,
12/04/2014,62.35,62.35,62.35,62.35,0.03K,-0.24%,,
12/05/2014,62.35,62.35,62.35,62.35,0.03K,0.00%,,
12/08/2014,62.4,62.4,62.4,62.4,0.01K,0.08%,,
12/09/2014,62.55,62.55,62.55,62.55,0.01K,0.24%,,
12/10/2014,62.65,62.65,62.65,62.65,0.01K,0.16%,,
12/11/2014,62.9,62.9,62.9,62.9,0.07K,0.40%,,
12/12/2014,63.05,63.05,63.05,63.05,0.01K,0.24%,,
12/15/2014,62.95,62.95,62.95,62.95,0.03K,-0.16%,,
12/16/2014,62.4,62.4,62.4,62.4,0.03K,-0.87%,,
12/17/2014,63.05,63.05,63.05,63.05,0.02K,1.04%,,
12/18/2014,63.15,63.15,63.15,63.15,0.06K,0.16%,,
12/19/2014,63.05,63.05,63.05,63.05,0.03K,-0.16%,,
12/22/2014,62.9,62.9,62.9,62.9,0.01K,-0.24%,,
12/23/2014,63.25,63.25,63.25,63.25,,0.56%,,
12/24/2014,63.25,63.25,63.25,63.25,,0.00%,,
12/29/2014,62.3,62.3,62.3,62.3,0.01K,-1.50%,,
12/30/2014,62.35,62.35,62.35,62.35,0.01K,0.08%,,
12/31/2014,62.3,62.3,62.3,62.3,,-0.08%,,
01/02/2015,61.3,61.3,61.3,61.3,0.02K,-1.61%,,
01/05/2015,61.25,61.25,61.25,61.25,0.03K,-0.08%,,
01/06/2015,61.45,61.45,61.45,61.45,0.06K,0.33%,,
01/07/2015,60.6,60.6,60.6,60.6,0.03K,-1.38%,,
01/08/2015,60.6,60.6,60.6,60.6,0.03K,0.00%,,
01/09/2015,60.4,60.4,60.4,60.4,0.01K,-0.33%,,
01/12/2015,60.05,60.05,60.05,60.05,0.03K,-0.58%,,
01/13/2015,60.3,60.3,60.3,60.3,0.02K,0.42%,,
01/14/2015,60.05,60.05,60.05,60.05,0.03K,-0.41%,,
01/15/2015,60.3,60.3,60.3,60.3,0.06K,0.42%,,
01/16/2015,60.55,60.55,60.55,60.55,0.01K,0.41%,,
01/19/2015,60.85,60.85,60.85,60.85,0.03K,0.50%,,
01/20/2015,61.35,61.35,61.35,61.35,0.02K,0.82%,,
01/21/2015,62.3,62.3,62.3,62.3,0.02K,1.55%,,
01/22/2015,62.5,62.5,62.5,62.5,0.01K,0.32%,,
01/23/2015,62.3,62.3,62.3,62.3,,-0.32%,,
01/26/2015,61.9,61.9,61.9,61.9,0.02K,-0.64%,,
01/27/2015,62.35,62.35,62.35,62.35,,0.73%,,
01/28/2015,62.45,62.45,62.45,62.45,0.01K,0.16%,,
01/29/2015,62.45,62.45,62.45,62.45,0.07K,0.00%,,
01/30/2015,62.45,62.45,62.45,62.45,0.01K,0.00%,,
02/02/2015,64.5,64.5,64.5,64.5,0.01K,3.28%,,
02/03/2015,66.85,66.85,66.85,66.85,0.03K,3.64%,,
02/04/2015,66.8,66.8,66.8,66.8,0.10K,-0.07%,,
02/05/2015,67.1,67.1,67.1,67.1,0.05K,0.45%,,
02/06/2015,67.45,67.45,67.45,67.45,0.03K,0.52%,,
02/09/2015,68.6,68.6,68.6,68.6,0.03K,1.70%,,
02/10/2015,69.1,69.1,69.1,69.1,0.02K,0.73%,,
02/11/2015,69.6,69.6,69.6,69.6,0.07K,0.72%,,
02/12/2015,70.25,70.25,70.25,70.25,0.11K,0.93%,,
02/13/2015,69.6,69.6,69.6,69.6,0.01K,-0.93%,,
02/16/2015,70.5,70.5,70.5,70.5,0.01K,1.29%,,
02/17/2015,70.55,70.55,70.55,70.55,0.03K,0.07%,,
02/18/2015,70.65,70.65,70.65,70.65,0.01K,0.14%,,
02/19/2015,70.25,70.25,70.25,70.25,0.02K,-0.57%,,
02/20/2015,70.8,70.8,70.8,70.8,0.10K,0.78%,,
02/23/2015,70.85,70.85,70.85,70.85,0.05K,0.07%,,
02/24/2015,71.05,71.05,71.05,71.05,0.01K,0.28%,,
02/25/2015,69.9,69.9,69.9,69.9,0.07K,-1.62%,,
02/26/2015,71.1,71.1,71.1,71.1,0.05K,1.72%,,
02/27/2015,71.05,71.05,71.05,71.05,0.17K,-0.07%,,
03/02/2015,70.55,70.55,70.55,70.55,0.01K,-0.70%,,
03/03/2015,67.3,67.3,67.3,67.3,0.09K,-4.61%,,
03/04/2015,67.05,67.05,67.05,67.05,0.03K,-0.37%,,
03/05/2015,67.0,67.0,67.0,67.0,0.04K,-0.07%,,
03/06/2015,65.5,65.5,65.5,65.5,0.02K,-2.24%,,
03/09/2015,65.25,65.25,65.25,65.25,,-0.38%,,
03/10/2015,65.0,65.0,65.0,65.0,,-0.38%,,
03/11/2015,65.5,65.5,65.5,65.5,0.02K,0.77%,,
03/12/2015,65.25,65.25,65.25,65.25,0.05K,-0.38%,,
03/13/2015,64.95,64.95,64.95,64.95,0.02K,-0.46%,,
03/16/2015,64.45,64.45,64.45,64.45,0.03K,-0.77%,,
03/17/2015,64.7,64.7,64.7,64.7,0.03K,0.39%,,
03/18/2015,64.65,64.65,64.65,64.65,0.02K,-0.08%,,
03/19/2015,64.35,64.35,64.35,64.35,0.02K,-0.46%,,
03/20/2015,64.05,64.05,64.05,64.05,0.02K,-0.47%,,
03/23/2015,62.4,62.4,62.4,62.4,0.05K,-2.58%,,
03/24/2015,62.75,62.75,62.75,62.75,0.01K,0.56%,,
03/25/2015,63.25,63.25,63.25,63.25,,0.80%,,
03/26/2015,63.35,63.35,63.35,63.35,0.04K,0.16%,,
03/27/2015,63.3,63.3,63.3,63.3,0.01K,-0.08%,,
03/30/2015,57.2,57.2,57.2,57.2,0.01K,-9.64%,,
03/31/2015,56.8,56.8,56.8,56.8,0.02K,-0.70%,,
04/01/2015,56.0,56.0,56.0,56.0,0.06K,-1.41%,,
04/02/2015,55.6,55.6,55.6,55.6,0.06K,-0.71%,,
04/07/2015,55.0,55.0,55.0,55.0,0.02K,-1.08%,,
04/08/2015,54.8,54.8,54.8,54.8,0.02K,-0.36%,,
04/09/2015,55.3,55.3,55.3,55.3,0.02K,0.91%,,
04/10/2015,54.65,54.65,54.65,54.65,0.01K,-1.18%,,
04/13/2015,55.0,55.0,55.0,55.0,0.18K,0.64%,,
04/14/2015,55.4,55.4,55.4,55.4,0.21K,0.73%,,
04/15/2015,55.7,55.7,55.7,55.7,0.03K,0.54%,,
04/16/2015,56.8,56.8,56.8,56.8,0.06K,1.97%,,
04/17/2015,57.9,57.9,57.9,57.9,0.01K,1.94%,,
04/20/2015,57.4,57.4,57.4,57.4,0.03K,-0.86%,,
04/21/2015,58.3,58.3,58.3,58.3,0.04K,1.57%,,
04/22/2015,58.3,58.3,58.3,58.3,0.01K,0.00%,,
04/23/2015,58.4,58.4,58.4,58.4,0.01K,0.17%,,
04/24/2015,58.55,58.55,58.55,58.55,0.05K,0.26%,,
04/27/2015,61.65,61.65,61.65,61.65,0.04K,5.29%,,
04/28/2015,61.95,61.95,61.95,61.95,0.23K,0.49%,,
04/29/2015,61.9,61.9,61.9,61.9,0.35K,-0.08%,,
04/30/2015,62.05,62.05,62.05,62.05,0.05K,0.24%,,
05/01/2015,62.2,62.2,62.2,62.2,0.04K,0.24%,,
05/05/2015,62.5,62.5,62.5,62.5,0.01K,0.48%,,
05/06/2015,62.3,62.3,62.3,62.3,0.02K,-0.32%,,
05/07/2015,61.85,61.85,61.85,61.85,0.15K,-0.72%,,
05/08/2015,61.85,61.85,61.85,61.85,0.02K,0.00%,,
05/11/2015,61.6,61.6,61.6,61.6,0.02K,-0.40%,,
05/12/2015,61.4,61.4,61.4,61.4,0.10K,-0.32%,,
05/13/2015,61.4,61.4,61.4,61.4,0.06K,0.00%,,
05/14/2015,61.5,61.5,61.5,61.5,0.01K,0.16%,,
05/15/2015,61.3,61.3,61.3,61.3,0.04K,-0.33%,,
05/18/2015,60.65,60.65,60.65,60.65,0.02K,-1.06%,,
05/19/2015,60.15,60.15,60.15,60.15,0.04K,-0.82%,,
05/20/2015,60.15,60.15,60.15,60.15,0.01K,0.00%,,
05/21/2015,60.3,60.3,60.3,60.3,0.01K,0.25%,,
05/22/2015,60.0,60.0,60.0,60.0,0.02K,-0.50%,,
05/26/2015,60.05,60.05,60.05,60.05,0.01K,0.08%,,
05/27/2015,60.1,60.1,60.1,60.1,0.09K,0.08%,,
05/28/2015,60.1,60.1,60.1,60.1,0.06K,0.00%,,
05/29/2015,60.05,60.05,60.05,60.05,0.11K,-0.08%,,
06/01/2015,57.2,57.2,57.2,57.2,0.05K,-4.75%,,
06/02/2015,57.75,57.75,57.75,57.75,0.04K,0.96%,,
06/03/2015,57.95,57.95,57.95,57.95,0.05K,0.35%,,
06/04/2015,58.05,58.05,58.05,58.05,0.01K,0.17%,,
06/05/2015,58.1,58.1,58.1,58.1,0.01K,0.09%,,
06/08/2015,58.1,58.1,58.1,58.1,0.01K,0.00%,,
06/09/2015,58.35,58.35,58.35,58.35,0.04K,0.43%,,
06/10/2015,59.5,59.5,59.5,59.5,0.02K,1.97%,,
06/11/2015,60.4,60.4,60.4,60.4,0.01K,1.51%,,
06/12/2015,60.0,60.0,60.0,60.0,0.08K,-0.66%,,
06/15/2015,60.3,60.3,60.3,60.3,,0.50%,,
06/16/2015,60.4,60.4,60.4,60.4,0.02K,0.17%,,
06/17/2015,60.4,60.4,60.4,60.4,0.05K,0.00%,,
06/18/2015,60.15,60.15,60.15,60.15,0.03K,-0.41%,,
06/19/2015,60.2,60.2,60.2,60.2,0.01K,0.08%,,
06/22/2015,60.2,60.2,60.2,60.2,0.03K,0.00%,,
06/23/2015,60.2,60.2,60.2,60.2,0.09K,0.00%,,
06/24/2015,60.2,60.2,60.2,60.2,0.03K,0.00%,,
06/25/2015,60.15,60.15,60.15,60.15,0.14K,-0.08%,,
06/26/2015,60.2,60.2,60.2,60.2,0.02K,0.08%,,
06/29/2015,60.45,60.45,60.45,60.45,0.01K,0.42%,,
06/30/2015,60.8,60.8,60.8,60.8,0.01K,0.58%,,
07/01/2015,60.55,60.55,60.55,60.55,0.02K,-0.41%,,
07/02/2015,60.4,60.4,60.4,60.4,0.05K,-0.25%,,
07/03/2015,60.15,60.15,60.15,60.15,0.10K,-0.41%,,
07/06/2015,60.05,60.05,60.05,60.05,0.04K,-0.17%,,
07/07/2015,59.45,59.45,59.45,59.45,0.15K,-1.00%,,
07/08/2015,59.75,59.75,59.75,59.75,0.01K,0.50%,,
07/09/2015,60.05,60.05,60.05,60.05,0.03K,0.50%,,
07/10/2015,60.3,60.3,60.3,60.3,0.01K,0.42%,,
07/13/2015,60.35,60.35,60.35,60.35,0.01K,0.08%,,
07/14/2015,60.35,60.35,60.35,60.35,0.01K,0.00%,,
07/15/2015,60.5,60.5,60.5,60.5,0.10K,0.25%,,
07/16/2015,60.45,60.45,60.45,60.45,0.01K,-0.08%,,
07/17/2015,60.3,60.3,60.3,60.3,0.04K,-0.25%,,
07/20/2015,60.55,60.55,60.55,60.55,0.01K,0.41%,,
07/21/2015,60.45,60.45,60.45,60.45,0.03K,-0.17%,,
07/22/2015,60.45,60.45,60.45,60.45,0.04K,0.00%,,
07/23/2015,60.35,60.35,60.35,60.35,0.01K,-0.17%,,
07/24/2015,60.4,60.4,60.4,60.4,0.02K,0.08%,,
07/27/2015,60.35,60.35,60.35,60.35,0.03K,-0.08%,,
07/28/2015,60.25,60.25,60.25,60.25,0.07K,-0.17%,,
07/29/2015,60.25,60.25,60.25,60.25,0.04K,0.00%,,
07/30/2015,60.25,60.25,60.25,60.25,0.08K,0.00%,,
07/31/2015,60.3,60.3,60.3,60.3,0.01K,0.08%,,
08/03/2015,58.6,58.6,58.6,58.6,0.06K,-2.82%,,
08/04/2015,59.15,59.15,59.15,59.15,0.04K,0.94%,,
08/05/2015,59.95,59.95,59.95,59.95,0.02K,1.35%,,
08/06/2015,60.35,60.35,60.35,60.35,0.13K,0.67%,,
08/07/2015,60.05,60.05,60.05,60.05,0.05K,-0.50%,,
08/10/2015,60.1,60.1,60.1,60.1,,0.08%,,
08/11/2015,59.85,59.85,59.85,59.85,0.01K,-0.42%,,
08/12/2015,59.4,59.4,59.4,59.4,0.01K,-0.75%,,
08/13/2015,59.25,59.25,59.25,59.25,0.05K,-0.25%,,
08/14/2015,59.35,59.35,59.35,59.35,0.01K,0.17%,,
08/17/2015,59.15,59.15,59.15,59.15,0.01K,-0.34%,,
08/18/2015,58.95,58.95,58.95,58.95,0.09K,-0.34%,,
08/19/2015,58.85,58.85,58.85,58.85,0.05K,-0.17%,,
08/20/2015,58.9,58.9,58.9,58.9,0.09K,0.08%,,
08/21/2015,58.8,58.8,58.8,58.8,0.05K,-0.17%,,
08/24/2015,58.5,58.5,58.5,58.5,0.09K,-0.51%,,
08/25/2015,58.55,58.55,58.55,58.55,0.08K,0.09%,,
08/26/2015,58.6,58.6,58.6,58.6,0.01K,0.09%,,
08/27/2015,58.4,58.4,58.4,58.4,0.07K,-0.34%,,
08/28/2015,58.5,58.5,58.5,58.5,0.07K,0.17%,,
09/01/2015,59.65,59.65,59.65,59.65,0.13K,1.97%,,
09/02/2015,59.65,59.65,59.65,59.65,0.16K,0.00%,,
09/03/2015,59.4,59.4,59.4,59.4,0.02K,-0.42%,,
09/04/2015,59.05,59.05,59.05,59.05,0.07K,-0.59%,,
09/07/2015,57.85,57.85,57.85,57.85,0.06K,-2.03%,,
09/08/2015,58.1,58.1,58.1,58.1,0.03K,0.43%,,
09/09/2015,57.8,57.8,57.8,57.8,0.03K,-0.52%,,
09/10/2015,57.8,57.8,57.8,57.8,0.01K,0.00%,,
09/11/2015,57.7,57.7,57.7,57.7,0.03K,-0.17%,,
09/14/2015,57.65,57.65,57.65,57.65,0.16K,-0.09%,,
09/15/2015,57.65,57.65,57.65,57.65,0.24K,0.00%,,
09/16/2015,57.9,57.9,57.9,57.9,0.05K,0.43%,,
09/17/2015,57.85,57.85,57.85,57.85,0.06K,-0.09%,,
09/18/2015,57.8,57.8,57.8,57.8,0.05K,-0.09%,,
09/21/2015,57.75,57.75,57.75,57.75,0.02K,-0.09%,,
09/22/2015,57.7,57.7,57.7,57.7,0.12K,-0.09%,,
09/23/2015,57.65,57.65,57.65,57.65,0.11K,-0.09%,,
09/24/2015,57.65,57.65,57.65,57.65,0.15K,0.00%,,
09/25/2015,57.55,57.55,57.55,57.55,0.04K,-0.17%,,
09/28/2015,55.45,55.45,55.45,55.45,0.09K,-3.65%,,
09/29/2015,55.15,55.15,55.15,55.15,0.16K,-0.54%,,
09/30/2015,53.85,53.85,53.85,53.85,0.14K,-2.36%,,
10/01/2015,53.45,53.45,53.45,53.45,0.07K,-0.74%,,
10/02/2015,52.95,52.95,52.95,52.95,0.12K,-0.94%,,
10/05/2015,53.85,53.85,53.85,53.85,0.04K,1.70%,,
10/06/2015,53.65,53.65,53.65,53.65,0.01K,-0.37%,,
10/07/2015,53.85,53.85,53.85,53.85,0.01K,0.37%,,
10/08/2015,53.7,53.7,53.7,53.7,0.03K,-0.28%,,
10/09/2015,53.6,53.6,53.6,53.6,0.01K,-0.19%,,
10/12/2015,52.95,52.95,52.95,52.95,0.02K,-1.21%,,
10/13/2015,53.2,53.2,53.2,53.2,0.01K,0.47%,,
10/14/2015,53.05,53.05,53.05,53.05,0.04K,-0.28%,,
10/15/2015,53.15,53.15,53.15,53.15,0.04K,0.19%,,
10/16/2015,53.1,53.1,53.1,53.1,0.04K,-0.09%,,
10/19/2015,53.05,53.05,53.05,53.05,0.01K,-0.09%,,
10/20/2015,53.2,53.2,53.2,53.2,0.02K,0.28%,,
10/21/2015,53.25,53.25,53.25,53.25,0.11K,0.09%,,
10/22/2015,52.95,52.95,52.95,52.95,0.14K,-0.56%,,
10/23/2015,52.8,52.8,52.8,52.8,0.09K,-0.28%,,
10/26/2015,52.9,52.9,52.9,52.9,0.06K,0.19%,,
10/27/2015,52.8,52.8,52.8,52.8,0.06K,-0.19%,,
10/28/2015,52.9,52.9,52.9,52.9,0.15K,0.19%,,
10/29/2015,53.2,53.2,53.2,53.2,0.07K,0.57%,,
10/30/2015,53.05,53.05,53.05,53.05,,-0.28%,,
11/02/2015,52.85,52.85,52.85,52.85,0.04K,-0.38%,,
11/03/2015,52.75,52.75,52.75,52.75,0.04K,-0.19%,,
11/04/2015,52.3,52.3,52.3,52.3,0.13K,-0.85%,,
11/05/2015,52.3,52.3,52.3,52.3,0.15K,0.00%,,
11/06/2015,52.15,52.15,52.15,52.15,0.01K,-0.29%,,
11/09/2015,52.35,52.35,52.35,52.35,0.05K,0.38%,,
11/10/2015,52.15,52.15,52.15,52.15,0.03K,-0.38%,,
11/11/2015,52.15,52.15,52.15,52.15,0.01K,0.00%,,
11/12/2015,52.15,52.15,52.15,52.15,0.03K,0.00%,,
11/13/2015,52.4,52.4,52.4,52.4,0.01K,0.48%,,
11/16/2015,52.55,52.55,52.55,52.55,0.01K,0.29%,,
11/17/2015,52.7,52.7,52.7,52.7,0.01K,0.29%,,
11/18/2015,52.75,52.75,52.75,52.75,0.10K,0.09%,,
11/19/2015,52.75,52.75,52.75,52.75,0.02K,0.00%,,
11/20/2015,52.9,52.9,52.9,52.9,0.03K,0.28%,,
11/23/2015,52.7,52.7,52.7,52.7,0.06K,-0.38%,,
11/24/2015,53.1,53.1,53.1,53.1,0.05K,0.76%,,
11/25/2015,52.8,52.8,52.8,52.8,0.03K,-0.56%,,
11/26/2015,52.85,52.85,52.85,52.85,0.04K,0.09%,,
11/27/2015,52.85,52.85,52.85,52.85,0.02K,0.00%,,
11/30/2015,53.55,53.55,53.55,53.55,0.04K,1.32%,,
12/01/2015,53.2,53.2,53.2,53.2,0.01K,-0.65%,,
12/02/2015,52.75,52.75,52.75,52.75,0.01K,-0.85%,,
12/03/2015,53.0,53.0,53.0,53.0,0.01K,0.47%,,
12/04/2015,53.0,53.0,53.0,53.0,0.01K,0.00%,,
12/07/2015,52.7,52.7,52.7,52.7,0.06K,-0.57%,,
12/08/2015,52.5,52.5,52.5,52.5,0.13K,-0.38%,,
12/09/2015,52.5,52.5,52.5,52.5,0.20K,0.00%,,
12/10/2015,52.35,52.35,52.35,52.35,0.01K,-0.29%,,
12/11/2015,52.25,52.25,52.25,52.25,0.05K,-0.19%,,
12/14/2015,52.2,52.2,52.2,52.2,0.05K,-0.10%,,
12/15/2015,52.35,52.35,52.35,52.35,0.02K,0.29%,,
12/16/2015,52.35,52.35,52.35,52.35,0.18K,0.00%,,
12/17/2015,52.25,52.25,52.25,52.25,0.26K,-0.19%,,
12/18/2015,52.2,52.2,52.2,52.2,0.01K,-0.10%,,
12/21/2015,52.05,52.05,52.05,52.05,0.01K,-0.29%,,
12/22/2015,52.05,52.05,52.05,52.05,0.01K,0.00%,,
12/23/2015,52.1,52.1,52.1,52.1,0.01K,0.10%,,
12/24/2015,52.1,52.1,52.1,52.1,,0.00%,,
12/28/2015,51.4,51.4,51.4,51.4,,-1.34%,,
12/29/2015,50.95,50.95,50.95,50.95,0.06K,-0.88%,,
12/30/2015,50.9,50.9,50.9,50.9,0.01K,-0.10%,,
12/31/2015,50.6,50.6,50.6,50.6,0.07K,-0.59%,,
01/04/2016,49.9,49.9,49.9,49.9,0.03K,-1.38%,,
01/05/2016,50.25,50.25,50.25,50.25,0.20K,0.70%,,
01/06/2016,51.5,51.5,51.5,51.5,0.04K,2.49%,,
01/07/2016,51.25,51.25,51.25,51.25,0.09K,-0.49%,,
01/08/2016,50.25,50.25,50.25,50.25,0.05K,-1.95%,,
01/11/2016,49.3,49.3,49.3,49.3,0.02K,-1.89%,,
01/12/2016,49.1,49.1,49.1,49.1,0.10K,-0.41%,,
01/13/2016,48.85,48.85,48.85,48.85,0.05K,-0.51%,,
01/14/2016,49.2,49.2,49.2,49.2,0.13K,0.72%,,
01/15/2016,49.15,49.15,49.15,49.15,0.06K,-0.10%,,
01/18/2016,48.8,48.8,48.8,48.8,0.01K,-0.71%,,
01/19/2016,48.85,48.85,48.85,48.85,,0.10%,,
01/20/2016,49.0,49.0,49.0,49.0,0.01K,0.31%,,
01/21/2016,49.0,49.0,49.0,49.0,0.01K,0.00%,,
01/22/2016,49.0,49.0,49.0,49.0,,0.00%,,
01/25/2016,48.95,48.95,48.95,48.95,,-0.10%,,
01/26/2016,49.25,49.25,49.25,49.25,0.02K,0.61%,,
01/27/2016,48.8,48.8,48.8,48.8,,-0.91%,,
01/28/2016,48.85,48.85,48.85,48.85,0.01K,0.10%,,
01/29/2016,48.8,48.8,48.8,48.8,,-0.10%,,
02/01/2016,49.95,49.95,49.95,49.95,0.17K,2.36%,,
02/02/2016,50.4,50.4,50.4,50.4,0.08K,0.90%,,
02/03/2016,50.45,50.45,50.45,50.45,0.61K,0.10%,,
02/04/2016,50.95,50.95,50.95,50.95,0.11K,0.99%,,
02/05/2016,51.6,51.6,51.6,51.6,0.20K,1.28%,,
02/08/2016,51.5,51.5,51.5,51.5,0.05K,-0.19%,,
02/09/2016,50.45,50.45,50.45,50.45,0.01K,-2.04%,,
02/10/2016,50.4,50.4,50.4,50.4,0.01K,-0.10%,,
02/11/2016,50.7,50.7,50.7,50.7,0.02K,0.60%,,
02/12/2016,50.7,50.7,50.7,50.7,0.04K,0.00%,,
02/15/2016,50.7,50.7,50.7,50.7,,0.00%,,
02/16/2016,50.7,50.7,50.7,50.7,0.03K,0.00%,,
02/17/2016,50.85,50.85,50.85,50.85,0.03K,0.30%,,
02/18/2016,50.9,50.9,50.9,50.9,0.04K,0.10%,,
02/19/2016,50.5,50.5,50.5,50.5,,-0.79%,,
02/22/2016,50.3,50.3,50.3,50.3,0.02K,-0.40%,,
02/23/2016,50.3,50.3,50.3,50.3,0.02K,0.00%,,
02/24/2016,50.35,50.35,50.35,50.35,0.02K,0.10%,,
02/25/2016,50.35,50.35,50.35,50.35,,0.00%,,
02/26/2016,50.45,50.45,50.45,50.45,0.01K,0.20%,,
02/29/2016,50.5,50.5,50.5,50.5,0.10K,0.10%,,
03/01/2016,50.85,50.85,50.85,50.85,0.04K,0.69%,,
03/02/2016,50.5,50.5,50.5,50.5,0.17K,-0.69%,,
03/03/2016,51.1,51.1,51.1,51.1,0.10K,1.19%,,
03/04/2016,51.0,51.0,51.0,51.0,0.05K,-0.20%,,
03/07/2016,51.0,51.0,51.0,51.0,0.14K,0.00%,,
03/08/2016,51.1,51.1,51.1,51.1,0.01K,0.20%,,
03/09/2016,51.3,51.3,51.3,51.3,0.04K,0.39%,,
03/10/2016,51.2,51.2,51.2,51.2,0.16K,-0.19%,,
03/11/2016,51.5,51.5,51.5,51.5,0.01K,0.59%,,
03/14/2016,51.95,51.95,51.95,51.95,0.05K,0.87%,,
03/15/2016,51.65,51.65,51.65,51.65,0.07K,-0.58%,,
03/16/2016,51.6,51.6,51.6,51.6,0.03K,-0.10%,,
03/17/2016,52.3,52.3,52.3,52.3,0.10K,1.36%,,
03/18/2016,52.2,52.2,52.2,52.2,0.04K,-0.19%,,
03/21/2016,52.0,52.0,52.0,52.0,0.03K,-0.38%,,
03/22/2016,51.75,51.75,51.75,51.75,0.01K,-0.48%,,
03/23/2016,52.2,52.2,52.2,52.2,0.01K,0.87%,,
03/24/2016,52.3,52.3,52.3,52.3,0.05K,0.19%,,
03/28/2016,50.65,50.65,50.65,50.65,,-3.15%,,
03/29/2016,51.25,51.25,51.25,51.25,0.03K,1.18%,,
03/30/2016,51.05,51.05,51.05,51.05,0.03K,-0.39%,,
03/31/2016,51.1,51.1,51.1,51.1,0.04K,0.10%,,
04/01/2016,50.5,50.5,50.5,50.5,0.02K,-1.17%,,
04/04/2016,50.05,50.05,50.05,50.05,0.01K,-0.89%,,
04/05/2016,50.2,50.2,50.2,50.2,0.13K,0.30%,,
04/06/2016,50.05,50.05,50.05,50.05,0.07K,-0.30%,,
04/07/2016,49.6,49.6,49.6,49.6,0.08K,-0.90%,,
04/08/2016,49.85,49.85,49.85,49.85,0.01K,0.50%,,
04/11/2016,50.1,50.1,50.1,50.1,0.01K,0.50%,,
04/12/2016,50.25,50.25,50.25,50.25,0.01K,0.30%,,
04/13/2016,50.25,50.25,50.25,50.25,0.01K,0.00%,,
04/14/2016,50.85,50.85,50.85,50.85,0.04K,1.19%,,
04/15/2016,50.85,50.85,50.85,50.85,0.02K,0.00%,,
04/18/2016,50.8,50.8,50.8,50.8,0.02K,-0.10%,,
04/19/2016,50.6,50.6,50.6,50.6,0.18K,-0.39%,,
04/20/2016,50.6,50.6,50.6,50.6,0.19K,0.00%,,
04/21/2016,50.5,50.5,50.5,50.5,0.11K,-0.20%,,
04/22/2016,51.0,51.0,51.0,51.0,0.01K,0.99%,,
04/25/2016,51.0,51.0,51.0,51.0,0.01K,0.00%,,
04/26/2016,51.05,51.05,51.05,51.05,0.05K,0.10%,,
04/27/2016,50.95,50.95,50.95,50.95,0.08K,-0.20%,,
04/28/2016,51.0,51.0,51.0,51.0,0.13K,0.10%,,
04/29/2016,50.75,50.75,50.75,50.75,0.11K,-0.49%,,
05/02/2016,51.0,51.0,51.0,51.0,,0.49%,,
05/03/2016,50.8,50.8,50.8,50.8,0.08K,-0.39%,,
05/04/2016,50.8,50.8,50.8,50.8,0.04K,0.00%,,
05/05/2016,50.8,50.8,50.8,50.8,0.02K,0.00%,,
05/06/2016,50.65,50.65,50.65,50.65,0.01K,-0.30%,,
05/09/2016,50.2,50.2,50.2,50.2,0.06K,-0.89%,,
05/10/2016,50.2,50.2,50.2,50.2,0.06K,0.00%,,
05/11/2016,50.4,50.4,50.4,50.4,,0.40%,,
05/12/2016,50.35,50.35,50.35,50.35,0.06K,-0.10%,,
05/13/2016,50.55,50.55,50.55,50.55,0.01K,0.40%,,
05/16/2016,50.65,50.65,50.65,50.65,,0.20%,,
05/17/2016,50.85,50.85,50.85,50.85,0.02K,0.39%,,
05/18/2016,50.85,50.85,50.85,50.85,0.07K,0.00%,,
05/19/2016,50.95,50.95,50.95,50.95,0.05K,0.20%,,
05/20/2016,50.95,50.95,50.95,50.95,0.02K,0.00%,,
05/23/2016,50.95,50.95,50.95,50.95,,0.00%,,
05/24/2016,51.0,51.0,51.0,51.0,0.02K,0.10%,,
05/25/2016,51.25,51.25,51.25,51.25,0.07K,0.49%,,
05/26/2016,51.35,51.35,51.35,51.35,0.03K,0.20%,,
05/27/2016,51.35,51.35,51.35,51.35,0.02K,0.00%,,
05/30/2016,53.2,53.2,53.2,53.2,,3.60%,,
05/31/2016,53.5,53.5,53.5,53.5,0.01K,0.56%,,
06/01/2016,53.1,53.1,53.1,53.1,0.02K,-0.75%,,
06/02/2016,53.55,53.55,53.55,53.55,0.05K,0.85%,,
06/03/2016,54.0,54.0,54.0,54.0,0.08K,0.84%,,
06/06/2016,54.65,54.65,54.65,54.65,0.10K,1.20%,,
06/07/2016,54.15,54.15,54.15,54.15,0.07K,-0.91%,,
06/08/2016,53.4,53.4,53.4,53.4,0.18K,-1.39%,,
06/09/2016,52.95,52.95,52.95,52.95,0.04K,-0.84%,,
06/10/2016,53.0,53.0,53.0,53.0,0.01K,0.09%,,
06/13/2016,53.05,53.05,53.05,53.05,0.04K,0.09%,,
06/14/2016,52.4,52.4,52.4,52.4,0.01K,-1.23%,,
06/15/2016,52.45,52.45,52.45,52.45,0.01K,0.10%,,
06/16/2016,52.6,52.6,52.6,52.6,0.01K,0.29%,,
06/17/2016,52.55,52.55,52.55,52.55,0.07K,-0.10%,,
06/20/2016,52.85,52.85,52.85,52.85,0.20K,0.57%,,
06/21/2016,52.75,52.75,52.75,52.75,0.10K,-0.19%,,
06/22/2016,52.95,52.95,52.95,52.95,0.01K,0.38%,,
06/23/2016,52.95,52.95,52.95,52.95,0.01K,0.00%,,
06/24/2016,52.9,52.9,52.9,52.9,0.01K,-0.09%,,
06/27/2016,54.05,54.05,54.05,54.05,0.01K,2.17%,,
06/28/2016,55.25,55.25,55.25,55.25,0.11K,2.22%,,
06/29/2016,55.65,55.65,55.65,55.65,0.13K,0.72%,,
06/30/2016,56.95,56.95,56.95,56.95,0.01K,2.34%,,
07/01/2016,58.15,58.15,58.15,58.15,0.03K,2.11%,,
07/04/2016,59.2,59.2,59.2,59.2,0.02K,1.81%,,
07/05/2016,58.6,58.6,58.6,58.6,0.03K,-1.01%,,
07/06/2016,58.4,58.4,58.4,58.4,0.02K,-0.34%,,
07/07/2016,58.95,58.95,58.95,58.95,0.06K,0.94%,,
07/08/2016,59.25,59.25,59.25,59.25,0.02K,0.51%,,
07/11/2016,59.6,59.6,59.6,59.6,0.01K,0.59%,,
07/12/2016,60.7,60.7,60.7,60.7,0.01K,1.85%,,
07/13/2016,61.1,61.1,61.1,61.1,0.06K,0.66%,,
07/14/2016,61.1,61.1,61.1,61.1,0.01K,0.00%,,
07/15/2016,61.3,61.3,61.3,61.3,0.01K,0.33%,,
07/18/2016,60.85,60.85,60.85,60.85,0.01K,-0.73%,,
07/19/2016,60.95,60.95,60.95,60.95,0.02K,0.16%,,
07/20/2016,60.9,60.9,60.9,60.9,0.03K,-0.08%,,
07/21/2016,60.95,60.95,60.95,60.95,,0.08%,,
07/22/2016,60.85,60.85,60.85,60.85,,-0.16%,,
07/25/2016,61.25,61.25,61.25,61.25,,0.66%,,
07/26/2016,61.05,61.05,61.05,61.05,0.04K,-0.33%,,
07/27/2016,61.2,61.2,61.2,61.2,0.03K,0.25%,,
07/28/2016,61.25,61.25,61.25,61.25,0.09K,0.08%,,
07/29/2016,61.15,61.15,61.15,61.15,0.04K,-0.16%,,
08/01/2016,67.7,67.7,67.7,67.7,0.02K,10.71%,,
08/02/2016,67.6,67.6,67.6,67.6,0.06K,-0.15%,,
08/03/2016,67.3,67.3,67.3,67.3,0.04K,-0.44%,,
08/04/2016,65.0,65.0,65.0,65.0,0.05K,-3.42%,,
08/05/2016,65.0,65.0,65.0,65.0,0.01K,0.00%,,
08/08/2016,67.25,67.25,67.25,67.25,0.03K,3.46%,,
08/09/2016,67.0,67.0,67.0,67.0,0.06K,-0.37%,,
08/10/2016,66.3,66.3,66.3,66.3,0.05K,-1.04%,,
08/11/2016,67.85,67.85,67.85,67.85,0.05K,2.34%,,
08/12/2016,68.3,68.3,68.3,68.3,0.03K,0.66%,,
08/15/2016,67.6,67.6,67.6,67.6,0.01K,-1.02%,,
08/16/2016,67.6,67.6,67.6,67.6,0.03K,0.00%,,
08/17/2016,68.1,68.1,68.1,68.1,0.02K,0.74%,,
08/18/2016,67.05,67.05,67.05,67.05,0.13K,-1.54%,,
08/19/2016,67.55,67.55,67.55,67.55,0.06K,0.75%,,
08/22/2016,68.15,68.15,68.15,68.15,0.05K,0.89%,,
08/23/2016,67.1,67.1,67.1,67.1,0.06K,-1.54%,,
08/24/2016,67.0,67.0,67.0,67.0,0.04K,-0.15%,,
08/25/2016,67.45,67.45,67.45,67.45,0.04K,0.67%,,
08/26/2016,67.15,67.15,67.15,67.15,0.01K,-0.44%,,
08/29/2016,66.95,66.95,66.95,66.95,,-0.30%,,
08/30/2016,68.0,68.0,68.0,68.0,0.03K,1.57%,,
08/31/2016,68.75,69.0,69.0,69.0,0.10K,1.10%,,
09/01/2016,69.05,69.05,69.05,69.05,0.01K,0.44%,,
09/02/2016,69.15,69.15,69.15,69.15,0.09K,0.14%,,
09/05/2016,69.85,69.85,69.85,69.85,0.02K,1.01%,,
09/06/2016,70.75,70.75,70.75,70.75,0.03K,1.29%,,
09/07/2016,69.8,69.8,69.8,69.8,0.07K,-1.34%,,
09/08/2016,69.6,69.6,69.6,69.6,0.04K,-0.29%,,
09/09/2016,69.7,69.7,69.7,69.7,0.01K,0.14%,,
09/12/2016,70.0,70.0,70.0,70.0,0.05K,0.43%,,
09/13/2016,70.15,70.15,70.15,70.15,0.07K,0.21%,,
09/14/2016,70.15,70.15,70.15,70.15,0.01K,0.00%,,
09/15/2016,70.95,70.95,70.95,70.95,0.10K,1.14%,,
09/16/2016,71.15,71.15,71.15,71.15,0.01K,0.28%,,
09/19/2016,71.25,71.25,71.25,71.25,0.01K,0.14%,,
09/20/2016,71.65,71.65,71.65,71.65,0.03K,0.56%,,
09/21/2016,72.65,72.65,72.65,72.65,0.02K,1.40%,,
09/22/2016,71.5,71.5,71.5,71.5,0.05K,-1.58%,,
09/23/2016,71.95,71.95,71.95,71.95,0.07K,0.63%,,
09/26/2016,71.8,71.8,71.8,71.8,0.03K,-0.21%,,
09/27/2016,71.9,71.9,71.9,71.9,0.11K,0.14%,,
09/28/2016,72.6,72.6,72.6,72.6,0.16K,0.97%,,
09/29/2016,72.15,72.15,72.15,72.15,0.02K,-0.62%,,
09/30/2016,72.2,72.2,72.2,72.2,0.12K,0.07%,,
10/03/2016,81.1,81.1,81.1,81.1,0.06K,12.33%,,
10/04/2016,83.15,83.15,83.15,83.15,0.03K,2.53%,,
10/05/2016,83.6,83.6,83.6,83.6,0.07K,0.54%,,
10/06/2016,84.8,84.8,84.8,84.8,0.05K,1.44%,,
10/07/2016,84.45,84.45,84.45,84.45,0.02K,-0.41%,,
10/10/2016,84.05,84.05,84.05,84.05,0.01K,-0.47%,,
10/11/2016,84.4,84.4,84.4,84.4,0.04K,0.42%,,
10/12/2016,86.0,86.0,86.0,86.0,0.02K,1.90%,,
10/13/2016,88.0,88.0,88.0,88.0,0.02K,2.33%,,
10/14/2016,89.45,89.45,89.45,89.45,0.07K,1.65%,,
10/17/2016,90.95,90.95,90.95,90.95,0.03K,1.68%,,
10/18/2016,92.7,92.7,92.7,92.7,0.03K,1.92%,,
10/19/2016,91.4,91.4,91.4,91.4,0.01K,-1.40%,,
10/20/2016,91.3,91.3,91.3,91.3,0.01K,-0.11%,,
10/21/2016,92.8,92.8,92.8,92.8,0.02K,1.64%,,
10/24/2016,92.8,92.8,92.8,92.8,0.04K,0.00%,,
10/25/2016,93.2,93.2,93.2,93.2,0.08K,0.43%,,
10/26/2016,93.55,93.55,93.55,93.55,0.09K,0.38%,,
10/27/2016,94.1,94.1,94.1,94.1,0.05K,0.59%,,
10/28/2016,93.95,93.95,93.95,93.95,0.05K,-0.16%,,
10/31/2016,108.6,108.6,108.6,108.6,0.23K,15.59%,,
11/01/2016,114.75,115.0,115.0,115.0,0.22K,5.66%,,
11/02/2016,112.35,113.25,113.5,113.25,0.11K,-2.09%,,
11/03/2016,106.5,108.0,108.0,108.0,0.12K,-5.21%,,
11/04/2016,108.65,108.65,108.65,108.65,0.05K,2.02%,,
11/07/2016,111.95,111.95,111.95,111.95,0.07K,3.04%,,
11/08/2016,112.1,112.1,112.1,112.1,0.02K,0.13%,,
11/09/2016,111.4,111.4,111.4,111.4,0.07K,-0.62%,,
11/10/2016,111.4,111.4,111.4,111.4,0.02K,0.00%,,
11/11/2016,109.85,110.0,110.0,110.0,0.03K,-1.39%,,
11/14/2016,105.35,105.35,105.35,105.35,0.04K,-4.10%,,
11/15/2016,106.45,106.45,106.45,106.45,0.26K,1.04%,,
11/16/2016,104.9,104.9,104.9,104.9,0.01K,-1.46%,,
11/17/2016,106.25,106.25,106.25,106.25,0.01K,1.29%,,
11/18/2016,105.1,105.1,105.1,105.1,0.02K,-1.08%,,
11/21/2016,105.1,105.1,105.1,105.1,0.02K,0.00%,,
11/22/2016,106.3,106.3,106.3,106.3,0.10K,1.14%,,
11/23/2016,103.3,103.3,103.3,103.3,0.12K,-2.82%,,
11/24/2016,105.95,105.95,105.95,105.95,0.04K,2.57%,,
11/25/2016,103.75,103.75,103.75,103.75,0.01K,-2.08%,,
11/28/2016,92.25,92.25,92.25,92.25,0.18K,-11.08%,,
11/29/2016,88.5,88.5,88.5,88.5,0.14K,-4.07%,,
11/30/2016,87.45,87.45,87.45,87.45,0.08K,-1.19%,,
12/01/2016,87.7,87.7,87.7,87.7,0.05K,0.29%,,
12/02/2016,87.4,87.4,87.4,87.4,0.06K,-0.34%,,
12/05/2016,86.8,86.8,86.8,86.8,0.01K,-0.69%,,
12/06/2016,84.0,84.0,84.0,84.0,0.05K,-3.23%,,
12/07/2016,83.0,83.0,83.0,83.0,0.01K,-1.19%,,
12/08/2016,84.0,84.0,84.0,84.0,0.02K,1.20%,,
12/09/2016,84.35,84.35,84.35,84.35,0.01K,0.42%,,
12/12/2016,85.7,85.7,85.7,85.7,0.10K,1.60%,,
12/13/2016,86.0,86.0,86.0,86.0,0.01K,0.35%,,
12/14/2016,87.55,87.55,87.55,87.55,0.03K,1.80%,,
12/15/2016,88.85,88.85,88.85,88.85,0.01K,1.48%,,
12/16/2016,86.5,86.5,86.5,86.5,0.01K,-2.64%,,
12/19/2016,86.2,86.2,86.2,86.2,0.03K,-0.35%,,
12/20/2016,87.0,87.0,87.0,87.0,0.03K,0.93%,,
12/21/2016,86.9,86.9,86.9,86.9,0.01K,-0.11%,,
12/22/2016,86.75,86.75,86.75,86.75,0.06K,-0.17%,,
12/23/2016,86.6,86.6,86.6,86.6,,-0.17%,,
12/27/2016,86.6,86.6,86.6,86.6,,0.00%,,
12/28/2016,87.65,87.65,87.65,87.65,0.01K,1.21%,,
12/29/2016,88.25,88.25,88.25,88.25,0.01K,0.68%,,
12/30/2016,88.4,88.4,88.4,88.4,,0.17%,,
01/03/2017,90.5,90.5,90.5,90.5,0.02K,2.38%,,
01/04/2017,88.6,88.6,88.6,88.6,0.05K,-2.10%,,
01/05/2017,85.7,85.7,85.7,85.7,0.09K,-3.27%,,
01/06/2017,83.5,83.5,83.5,83.5,0.01K,-2.57%,,
01/09/2017,82.05,82.05,82.05,82.05,0.03K,-1.74%,,
01/10/2017,81.5,81.5,81.5,81.5,0.23K,-0.67%,,
01/11/2017,82.15,82.15,82.15,82.15,0.09K,0.80%,,
01/12/2017,84.05,84.05,84.05,84.05,0.06K,2.31%,,
01/13/2017,83.5,83.5,83.5,83.5,0.02K,-0.65%,,
01/16/2017,82.9,82.9,82.9,82.9,0.07K,-0.72%,,
01/17/2017,84.55,84.55,84.55,84.55,0.09K,1.99%,,
01/18/2017,83.85,83.85,83.85,83.85,0.02K,-0.83%,,
01/19/2017,83.45,83.45,83.45,83.45,0.01K,-0.48%,,
01/20/2017,83.8,83.8,83.8,83.8,,0.42%,,
01/23/2017,83.65,83.65,83.65,83.65,0.00K,-0.18%,,
01/24/2017,83.75,83.75,83.75,83.75,0.02K,0.12%,,
01/25/2017,83.7,83.7,83.7,83.7,0.01K,-0.06%,,
01/26/2017,83.6,83.6,83.6,83.6,0.01K,-0.12%,,
01/27/2017,83.75,83.75,83.75,83.75,,0.18%,,
01/30/2017,83.55,83.55,83.55,83.55,0.02K,-0.24%,,
01/31/2017,83.0,83.0,83.0,83.0,0.05K,-0.66%,,
02/01/2017,82.7,82.7,82.7,82.7,0.04K,-0.36%,,
02/02/2017,82.75,82.75,82.75,82.75,0.05K,0.06%,,
02/03/2017,83.0,83.0,83.0,83.0,0.05K,0.30%,,
02/06/2017,81.3,81.3,81.3,81.3,0.01K,-2.05%,,
02/07/2017,80.4,80.4,80.4,80.4,0.04K,-1.11%,,
02/08/2017,79.4,79.4,79.4,79.4,0.02K,-1.24%,,
02/09/2017,79.75,79.75,79.75,79.75,0.20K,0.44%,,
02/10/2017,80.05,80.05,80.05,80.05,0.04K,0.38%,,
02/13/2017,79.9,79.9,79.9,79.9,0.01K,-0.19%,,
02/14/2017,79.9,79.9,79.9,79.9,0.01K,0.00%,,
02/15/2017,80.0,80.0,80.0,80.0,0.01K,0.13%,,
02/16/2017,80.0,80.0,80.0,80.0,0.04K,0.00%,,
02/17/2017,79.9,79.9,79.9,79.9,,-0.12%,,
02/20/2017,80.1,80.1,80.1,80.1,0.01K,0.25%,,
02/21/2017,80.15,80.15,80.15,80.15,0.02K,0.06%,,
02/22/2017,79.75,79.75,79.75,79.75,0.01K,-0.50%,,
02/23/2017,79.8,79.8,79.8,79.8,0.01K,0.06%,,
02/24/2017,80.0,80.0,80.0,80.0,0.01K,0.25%,,
02/27/2017,83.5,83.5,83.5,83.5,0.08K,4.38%,,
02/28/2017,83.45,83.45,83.45,83.45,0.08K,-0.06%,,
03/01/2017,82.75,82.9,82.9,82.5,0.11K,-0.84%,,
03/02/2017,82.2,82.4,82.4,82.25,0.05K,-0.66%,,
03/03/2017,80.95,80.95,80.95,80.95,0.10K,-1.52%,,
03/06/2017,80.2,80.35,80.35,80.35,0.05K,-0.93%,,
03/07/2017,79.25,79.25,79.25,79.25,0.10K,-1.18%,,
03/08/2017,78.65,78.65,78.65,78.65,0.13K,-0.76%,,
03/09/2017,78.2,78.2,78.2,78.2,0.22K,-0.57%,,
03/10/2017,78.75,78.75,78.75,78.75,0.11K,0.70%,,
03/13/2017,81.1,81.1,81.1,81.1,0.06K,2.98%,,
03/14/2017,80.9,80.9,80.9,80.9,0.02K,-0.25%,,
03/15/2017,81.65,81.75,81.75,81.7,0.03K,0.93%,,
03/16/2017,81.1,81.35,81.35,81.25,0.02K,-0.67%,,
03/17/2017,81.3,81.3,81.3,81.3,0.09K,0.25%,,
03/20/2017,80.9,80.9,80.9,80.9,0.04K,-0.49%,,
03/21/2017,80.55,80.55,80.55,80.55,0.01K,-0.43%,,
03/22/2017,80.4,80.4,80.4,80.4,0.04K,-0.19%,,
03/23/2017,80.95,80.95,80.95,80.95,0.02K,0.68%,,
03/24/2017,80.95,80.95,80.95,80.95,0.01K,0.00%,,
03/27/2017,80.95,80.95,80.95,80.95,0.03K,0.00%,,
03/28/2017,80.75,80.75,80.75,80.75,0.03K,-0.25%,,
03/29/2017,80.75,80.75,80.75,80.75,0.04K,0.00%,,
03/30/2017,80.7,80.7,80.7,80.7,0.04K,-0.06%,,
03/31/2017,80.75,80.75,80.75,80.75,0.03K,0.06%,,
04/03/2017,89.5,89.5,89.5,89.5,0.22K,10.84%,,
04/04/2017,89.75,90.4,90.4,90.4,0.24K,0.28%,,
04/05/2017,89.45,89.45,89.45,89.45,0.18K,-0.33%,,
04/06/2017,89.65,89.65,89.65,89.65,0.25K,0.22%,,
04/07/2017,88.2,88.2,88.2,88.2,0.19K,-1.62%,,
04/10/2017,86.75,86.75,86.75,86.75,0.16K,-1.64%,,
04/11/2017,84.85,84.85,84.85,84.85,0.13K,-2.19%,,
04/12/2017,84.55,84.55,84.55,84.55,0.04K,-0.35%,,
04/13/2017,84.15,84.15,84.15,84.15,0.03K,-0.47%,,
04/17/2017,84.15,84.15,84.15,84.15,,0.00%,,
04/18/2017,84.35,84.35,84.35,84.35,0.01K,0.24%,,
04/19/2017,84.1,84.1,84.1,84.1,0.03K,-0.30%,,
04/20/2017,84.15,84.15,84.15,84.15,0.01K,0.06%,,
04/21/2017,84.2,84.2,84.2,84.2,0.02K,0.06%,,
04/24/2017,83.9,83.9,83.9,83.9,0.01K,-0.36%,,
04/25/2017,83.85,83.85,83.85,83.85,0.05K,-0.06%,,
04/26/2017,83.8,83.8,83.8,83.8,0.02K,-0.06%,,
04/27/2017,84.8,84.8,84.8,84.8,0.04K,1.19%,,
04/28/2017,83.55,83.55,83.55,83.55,0.04K,-1.47%,,
05/01/2017,79.4,79.4,79.4,79.4,,-4.97%,,
05/02/2017,79.0,79.0,79.0,79.0,0.02K,-0.50%,,
05/03/2017,78.0,78.0,78.0,78.0,0.07K,-1.27%,,
05/04/2017,78.0,78.0,78.0,78.0,0.12K,0.00%,,
05/05/2017,78.0,78.0,78.0,78.0,0.17K,0.00%,,
05/08/2017,74.2,74.2,74.2,74.2,0.04K,-4.87%,,
05/09/2017,73.85,73.85,73.85,73.85,0.01K,-0.47%,,
05/10/2017,74.1,74.1,74.1,74.1,0.12K,0.34%,,
05/11/2017,73.3,73.6,73.6,73.6,0.01K,-1.08%,,
05/12/2017,73.6,73.6,73.6,73.6,0.05K,0.41%,,
05/15/2017,73.3,73.3,73.3,73.3,0.03K,-0.41%,,
05/16/2017,73.25,73.25,73.25,73.25,0.06K,-0.07%,,
05/17/2017,73.8,73.8,73.8,73.8,0.02K,0.75%,,
05/18/2017,74.05,74.05,74.05,74.05,0.10K,0.34%,,
05/19/2017,74.25,74.25,74.25,74.25,0.03K,0.27%,,
05/22/2017,74.8,74.65,74.65,74.65,0.03K,0.74%,,
05/23/2017,74.35,74.35,74.35,74.35,0.01K,-0.60%,,
05/24/2017,74.45,74.45,74.45,74.45,0.01K,0.13%,,
05/25/2017,74.45,74.45,74.45,74.45,0.03K,0.00%,,
05/26/2017,74.45,74.45,74.45,74.45,0.01K,0.00%,,
05/29/2017,73.85,73.85,73.85,73.85,,-0.81%,,
05/30/2017,74.1,74.1,74.1,74.1,0.12K,0.34%,,
05/31/2017,73.45,73.45,73.45,73.45,0.01K,-0.88%,,
06/01/2017,74.5,74.0,74.0,74.0,0.00K,1.43%,,
06/02/2017,76.0,76.0,76.0,76.0,0.01K,2.01%,,
06/05/2017,75.9,75.9,75.9,75.9,0.03K,-0.13%,,
06/06/2017,76.95,76.95,76.95,76.95,0.10K,1.38%,,
06/07/2017,78.45,78.0,78.0,78.0,0.04K,1.95%,,
06/08/2017,79.3,79.3,79.3,79.3,0.04K,1.08%,,
06/09/2017,79.45,79.45,79.45,79.45,0.03K,0.19%,,
06/12/2017,79.45,79.45,79.45,79.45,0.01K,0.00%,,
06/13/2017,80.85,80.85,80.85,80.85,0.08K,1.76%,,
06/14/2017,80.5,80.5,80.5,80.5,0.02K,-0.43%,,
06/15/2017,80.8,80.8,80.8,80.8,0.02K,0.37%,,
06/16/2017,80.85,80.85,80.85,80.85,0.02K,0.06%,,
06/19/2017,81.2,81.2,81.2,81.2,0.01K,0.43%,,
06/20/2017,80.75,80.75,80.75,80.75,0.05K,-0.55%,,
06/21/2017,80.7,80.7,80.7,80.7,0.01K,-0.06%,,
06/22/2017,80.6,80.6,80.6,80.6,0.03K,-0.12%,,
06/23/2017,80.65,80.65,80.65,80.65,0.00K,0.06%,,
06/26/2017,80.55,80.55,80.55,80.55,0.01K,-0.12%,,
06/27/2017,80.6,80.6,80.6,80.6,0.01K,0.06%,,
06/28/2017,80.65,80.65,80.65,80.65,0.02K,0.06%,,
06/29/2017,80.95,80.95,80.95,80.95,0.04K,0.37%,,
06/30/2017,81.0,81.0,81.0,81.0,0.02K,0.06%,,
07/03/2017,79.45,79.45,79.45,79.45,0.07K,-1.91%,,
07/04/2017,81.15,81.15,81.15,81.15,0.14K,2.14%,,
07/05/2017,83.05,83.05,83.05,83.05,0.18K,2.34%,,
07/06/2017,83.2,83.2,83.2,83.2,0.04K,0.18%,,
07/07/2017,82.55,82.55,82.55,82.55,0.01K,-0.78%,,
07/10/2017,82.35,82.35,82.35,82.35,0.02K,-0.24%,,
07/11/2017,83.35,83.35,83.35,83.35,0.08K,1.21%,,
07/12/2017,83.2,83.2,83.2,83.2,0.02K,-0.18%,,
07/13/2017,83.8,83.8,83.8,83.8,0.22K,0.72%,,
07/14/2017,83.95,83.95,83.95,83.95,0.02K,0.18%,,
07/17/2017,84.3,84.3,84.3,84.3,0.02K,0.42%,,
07/18/2017,85.55,85.55,85.55,85.55,0.04K,1.48%,,
07/19/2017,85.85,85.85,85.85,85.85,0.13K,0.35%,,
07/20/2017,86.7,86.7,86.7,86.7,0.01K,0.99%,,
07/21/2017,86.45,86.45,86.45,86.45,0.02K,-0.29%,,
07/24/2017,86.35,86.35,86.35,86.35,0.01K,-0.12%,,
07/25/2017,86.8,86.8,86.8,86.8,0.01K,0.52%,,
07/26/2017,87.25,87.25,87.25,87.25,0.04K,0.52%,,
07/27/2017,87.3,87.3,87.3,87.3,0.02K,0.06%,,
07/28/2017,87.2,87.2,87.2,87.2,0.03K,-0.11%,,
07/31/2017,93.2,91.75,94.0,91.75,0.10K,6.88%,,
08/01/2017,94.7,94.7,94.7,94.7,0.02K,1.61%,,
08/02/2017,95.05,95.05,95.05,95.05,0.07K,0.37%,,
08/03/2017,94.55,94.55,94.55,94.55,0.03K,-0.53%,,
08/04/2017,95.35,95.35,95.35,95.35,0.02K,0.85%,,
08/07/2017,95.0,95.0,95.0,95.0,0.01K,-0.37%,,
08/08/2017,94.05,94.05,94.05,94.05,0.03K,-1.00%,,
08/09/2017,95.2,95.2,95.2,95.2,0.01K,1.22%,,
08/10/2017,95.85,95.85,95.85,95.85,0.03K,0.68%,,
08/11/2017,95.8,95.8,95.8,95.8,0.03K,-0.05%,,
08/14/2017,95.45,95.45,95.45,95.45,0.02K,-0.37%,,
08/15/2017,94.95,94.95,94.95,94.95,0.01K,-0.52%,,
08/16/2017,97.45,97.45,97.45,97.45,0.01K,2.63%,,
08/17/2017,98.05,98.05,98.05,98.05,0.03K,0.62%,,
08/18/2017,98.3,98.3,98.3,98.3,0.02K,0.25%,,
08/21/2017,98.35,98.35,98.35,98.35,0.01K,0.05%,,
08/22/2017,98.4,98.4,98.4,98.4,0.00K,0.05%,,
08/23/2017,98.35,98.35,98.35,98.35,0.00K,-0.05%,,
08/24/2017,98.4,98.4,98.4,98.4,0.00K,0.05%,,
08/25/2017,98.6,98.6,98.6,98.6,0.02K,0.20%,,
08/28/2017,97.75,97.75,97.75,97.75,0.00K,-0.86%,,
08/29/2017,97.05,97.05,97.05,97.05,0.10K,-0.72%,,
08/30/2017,97.4,97.4,97.4,97.4,0.02K,0.36%,,
08/31/2017,95.3,95.3,95.3,95.3,0.07K,-2.16%,,
09/01/2017,95.8,95.8,95.8,95.8,0.02K,0.52%,,
09/04/2017,96.9,96.5,97.0,96.5,0.02K,1.15%,,
09/05/2017,97.8,97.8,97.8,97.8,0.03K,0.93%,,
09/06/2017,97.9,97.9,97.9,97.9,0.02K,0.10%,,
09/07/2017,97.65,98.0,98.0,98.0,0.03K,-0.26%,,
09/08/2017,98.45,98.45,98.45,98.45,0.01K,0.82%,,
09/11/2017,99.55,99.55,99.55,99.55,0.03K,1.12%,,
09/12/2017,99.75,99.75,99.75,99.75,0.02K,0.20%,,
09/13/2017,100.3,101.0,101.0,101.0,0.01K,0.55%,,
09/14/2017,100.0,100.0,100.0,100.0,0.09K,-0.30%,,
09/15/2017,99.2,99.2,99.2,99.2,0.03K,-0.80%,,
09/18/2017,98.25,98.25,98.25,98.25,0.03K,-0.96%,,
09/19/2017,98.2,98.2,98.2,98.2,0.01K,-0.05%,,
09/20/2017,97.95,97.95,97.95,97.95,0.04K,-0.25%,,
09/21/2017,97.3,97.3,97.3,97.3,0.06K,-0.66%,,
09/22/2017,97.2,97.2,97.2,97.2,0.03K,-0.10%,,
09/25/2017,96.95,96.95,96.95,96.95,0.02K,-0.26%,,
09/26/2017,97.0,97.0,97.0,97.0,0.02K,0.05%,,
09/27/2017,97.25,97.25,97.25,97.25,0.04K,0.26%,,
09/28/2017,97.1,97.1,97.1,97.1,0.03K,-0.15%,,
09/29/2017,97.25,97.25,97.25,97.25,0.06K,0.15%,,
10/02/2017,95.9,95.9,95.9,95.9,0.01K,-1.39%,,
10/03/2017,97.0,97.0,97.0,97.0,0.03K,1.15%,,
10/04/2017,99.0,97.0,98.4,97.0,0.11K,2.06%,,
10/05/2017,98.65,98.65,98.65,98.65,0.06K,-0.35%,,
10/06/2017,97.35,97.35,97.35,97.35,0.04K,-1.32%,,
10/09/2017,96.65,96.65,96.65,96.65,0.02K,-0.72%,,
10/10/2017,95.35,95.35,95.35,95.35,0.03K,-1.35%,,
10/11/2017,96.05,96.05,96.05,96.05,0.05K,0.73%,,
10/12/2017,95.15,95.15,95.15,95.15,0.05K,-0.94%,,
10/13/2017,95.75,95.75,95.75,95.75,0.02K,0.63%,,
10/16/2017,96.15,96.15,96.15,96.15,0.07K,0.42%,,
10/17/2017,96.15,96.15,96.15,96.15,0.01K,0.00%,,
10/18/2017,97.1,97.1,97.1,97.1,0.02K,0.99%,,
10/19/2017,96.75,96.75,96.75,96.75,0.03K,-0.36%,,
10/20/2017,97.15,97.15,97.15,97.15,0.04K,0.41%,,
10/23/2017,96.55,96.5,96.5,96.5,0.00K,-0.62%,,
10/24/2017,97.2,97.2,97.2,97.2,0.04K,0.67%,,
10/25/2017,97.15,97.15,97.15,97.15,0.02K,-0.05%,,
10/26/2017,97.1,97.1,97.1,97.1,0.02K,-0.05%,,
10/27/2017,97.45,97.45,97.45,97.45,0.01K,0.36%,,
10/30/2017,99.4,98.75,99.5,98.75,0.08K,2.00%,,
10/31/2017,99.9,99.9,99.9,99.9,0.09K,0.50%,,
11/01/2017,100.0,100.0,100.0,100.0,0.06K,0.10%,,
11/02/2017,100.2,100.2,100.2,100.2,0.01K,0.20%,,
11/03/2017,99.0,99.0,99.0,99.0,0.01K,-1.20%,,
11/06/2017,98.75,98.75,98.75,98.75,0.01K,-0.25%,,
11/07/2017,98.5,98.5,98.5,98.5,0.03K,-0.25%,,
11/08/2017,98.0,98.0,98.0,98.0,0.04K,-0.51%,,
11/09/2017,97.7,97.7,97.7,97.7,0.01K,-0.31%,,
11/10/2017,97.65,97.65,97.65,97.65,0.01K,-0.05%,,
11/13/2017,97.8,97.8,97.8,97.8,0.01K,0.15%,,
11/14/2017,97.6,97.6,97.6,97.6,0.01K,-0.20%,,
11/15/2017,97.55,97.55,97.55,97.55,0.01K,-0.05%,,
11/16/2017,96.75,96.75,96.75,96.75,0.02K,-0.82%,,
11/17/2017,96.55,96.55,96.55,96.55,0.01K,-0.21%,,
11/20/2017,96.25,96.25,96.25,96.25,0.02K,-0.31%,,
11/21/2017,95.9,95.9,95.9,95.9,0.02K,-0.36%,,
11/22/2017,96.2,96.2,96.2,96.2,0.00K,0.31%,,
11/23/2017,96.1,96.1,96.1,96.1,0.04K,-0.10%,,
11/24/2017,96.55,96.55,96.55,96.55,0.03K,0.47%,,
11/27/2017,95.05,95.05,95.05,95.05,0.01K,-1.55%,,
11/28/2017,96.4,96.0,97.0,96.0,0.04K,1.42%,,
11/29/2017,96.8,97.0,97.0,97.0,0.01K,0.41%,,
11/30/2017,96.8,96.8,96.8,96.8,0.01K,0.00%,,
12/01/2017,96.95,96.95,96.95,96.95,0.01K,0.15%,,
12/04/2017,97.3,97.7,97.7,97.7,0.01K,0.36%,,
12/05/2017,96.55,96.55,96.55,96.55,0.00K,-0.77%,,
12/06/2017,97.1,97.1,97.1,97.1,0.03K,0.57%,,
12/07/2017,97.25,97.25,97.25,97.25,0.01K,0.15%,,
12/08/2017,97.55,97.55,97.55,97.55,0.02K,0.31%,,
12/11/2017,98.05,98.05,98.05,98.05,0.01K,0.51%,,
12/12/2017,98.65,98.65,98.65,98.65,0.02K,0.61%,,
12/13/2017,99.65,99.65,99.65,99.65,0.03K,1.01%,,
12/14/2017,99.7,99.7,99.7,99.7,0.04K,0.05%,,
12/15/2017,100.0,100.0,100.0,100.0,0.04K,0.30%,,
12/18/2017,100.15,100.15,100.15,100.15,0.02K,0.15%,,
12/19/2017,100.3,100.3,100.3,100.3,0.01K,0.15%,,
12/20/2017,100.25,100.25,100.25,100.25,0.01K,-0.05%,,
12/21/2017,100.2,100.2,100.2,100.2,0.01K,-0.05%,,
12/22/2017,100.2,100.2,100.2,100.2,0.01K,0.00%,,
12/26/2017,100.2,100.2,100.2,100.2,,0.00%,,
12/27/2017,100.2,100.2,100.2,100.2,,0.00%,,
12/28/2017,101.2,101.2,101.2,101.2,0.01K,1.00%,,
12/29/2017,100.8,100.8,100.8,100.8,,-0.40%,,
01/02/2018,102.65,102.65,102.65,102.65,0.01K,1.84%,,
01/03/2018,103.8,103.8,103.8,103.8,,1.12%,,
01/04/2018,104.95,105.0,105.0,105.0,0.05K,1.11%,,
01/05/2018,105.3,105.25,105.5,105.0,0.15K,0.33%,,
01/08/2018,106.75,105.9,107.0,105.9,0.08K,1.38%,,
01/09/2018,107.0,107.0,107.0,107.0,0.04K,0.23%,,
01/10/2018,106.55,106.55,106.55,106.55,0.02K,-0.42%,,
01/11/2018,106.1,106.1,106.1,106.1,0.03K,-0.42%,,
01/12/2018,105.85,105.85,105.85,105.85,0.00K,-0.24%,,
01/15/2018,106.4,106.4,106.4,106.4,0.02K,0.52%,,
01/16/2018,106.45,107.0,107.05,106.55,0.08K,0.05%,,
01/17/2018,106.55,106.55,106.55,106.55,0.01K,0.09%,,
01/18/2018,106.75,106.75,106.75,106.75,0.01K,0.19%,,
01/19/2018,106.75,106.75,106.75,106.75,0.03K,0.00%,,
01/22/2018,106.5,106.5,106.5,106.5,0.03K,-0.23%,,
01/23/2018,106.5,106.5,106.5,106.5,0.01K,0.00%,,
01/24/2018,106.95,106.95,106.95,106.95,0.01K,0.42%,,
01/25/2018,106.5,106.5,106.5,106.5,0.01K,-0.42%,,
01/26/2018,106.5,106.5,106.5,106.5,0.00K,0.00%,,
01/29/2018,109.0,109.0,109.65,109.0,0.05K,2.35%,,
01/30/2018,107.15,108.5,108.5,107.75,0.02K,-1.70%,,
01/31/2018,104.35,104.35,104.35,104.35,0.07K,-2.61%,,
02/01/2018,104.4,104.4,104.4,104.4,0.03K,0.05%,,
02/02/2018,104.75,104.75,104.75,104.75,0.01K,0.34%,,
02/05/2018,104.55,104.55,104.55,104.55,0.01K,-0.19%,,
02/06/2018,104.0,104.4,104.4,104.4,0.02K,-0.53%,,
02/07/2018,102.75,102.75,102.75,102.75,0.10K,-1.20%,,
02/08/2018,100.9,100.9,100.9,100.9,0.07K,-1.80%,,
02/09/2018,101.15,101.15,101.15,101.15,0.02K,0.25%,,
02/12/2018,101.65,101.65,101.65,101.65,0.01K,0.49%,,
02/13/2018,102.65,102.65,102.65,102.65,0.10K,0.98%,,
02/14/2018,104.4,104.4,104.4,104.4,0.03K,1.70%,,
02/15/2018,104.15,104.15,104.15,104.15,0.02K,-0.24%,,
02/16/2018,104.7,104.7,104.7,104.7,0.00K,0.53%,,
02/19/2018,105.3,105.3,105.3,105.3,0.01K,0.57%,,
02/20/2018,105.25,105.25,105.25,105.25,0.01K,-0.05%,,
02/21/2018,105.55,105.55,105.55,105.55,0.01K,0.29%,,
02/22/2018,105.65,105.65,105.65,105.65,0.02K,0.09%,,
02/23/2018,105.1,105.1,105.1,105.1,0.01K,-0.52%,,
02/26/2018,104.6,107.15,107.15,105.0,0.05K,-0.48%,,
02/27/2018,104.3,103.5,104.0,103.5,0.03K,-0.29%,,
02/28/2018,104.25,103.9,104.0,103.75,0.03K,-0.05%,,
03/01/2018,102.9,102.9,102.9,102.9,0.01K,-1.29%,,
03/02/2018,102.9,103.0,103.0,103.0,0.03K,0.00%,,
03/05/2018,102.0,102.0,102.0,102.0,0.02K,-0.87%,,
03/06/2018,101.5,101.5,101.5,101.5,0.03K,-0.49%,,
03/07/2018,99.75,101.0,101.0,100.0,0.02K,-1.72%,,
03/08/2018,99.95,100.0,100.0,100.0,0.02K,0.20%,,
03/09/2018,99.4,99.4,99.4,99.4,0.01K,-0.55%,,
03/12/2018,98.0,99.0,99.0,98.25,0.02K,-1.41%,,
03/13/2018,98.0,98.0,98.05,97.9,0.05K,0.00%,,
03/14/2018,97.7,97.0,97.0,97.0,0.01K,-0.31%,,
03/15/2018,97.85,97.85,97.85,97.85,0.07K,0.15%,,
03/16/2018,97.15,97.15,97.15,97.15,0.02K,-0.72%,,
03/19/2018,96.75,96.75,96.75,96.75,0.02K,-0.41%,,
03/20/2018,97.35,97.35,97.35,97.35,0.03K,0.62%,,
03/21/2018,97.15,97.15,97.15,97.15,0.01K,-0.21%,,
03/22/2018,96.7,96.9,96.9,96.9,0.01K,-0.46%,,
03/23/2018,96.75,96.75,96.75,96.75,0.03K,0.05%,,
03/26/2018,96.6,96.6,96.6,96.6,0.01K,-0.16%,,
03/27/2018,96.9,96.9,96.9,96.9,0.01K,0.31%,,
03/28/2018,96.65,96.65,96.65,96.65,0.01K,-0.26%,,
03/29/2018,96.4,96.4,96.4,96.4,0.02K,-0.26%,,
04/02/2018,92.25,92.25,92.25,92.25,,-4.30%,,
04/03/2018,92.0,93.4,93.4,93.25,0.11K,-0.27%,,
04/04/2018,93.55,93.55,93.55,93.55,0.25K,1.68%,,
04/05/2018,94.15,94.15,94.15,94.15,0.15K,0.64%,,
04/06/2018,93.9,93.9,93.9,93.9,0.05K,-0.27%,,
04/09/2018,94.2,94.2,94.2,94.2,0.06K,0.32%,,
04/10/2018,93.5,93.5,93.5,93.5,0.05K,-0.74%,,
04/11/2018,93.65,93.65,93.65,93.65,0.06K,0.16%,,
04/12/2018,93.65,93.65,93.65,93.65,0.03K,0.00%,,
04/13/2018,93.4,93.4,93.4,93.4,0.17K,-0.27%,,
04/16/2018,93.0,93.0,93.0,93.0,0.03K,-0.43%,,
04/17/2018,92.05,92.7,92.7,92.7,0.10K,-1.02%,,
04/18/2018,92.65,92.65,92.65,92.65,0.09K,0.65%,,
04/19/2018,93.75,93.75,93.75,93.75,0.04K,1.19%,,
04/20/2018,93.45,93.45,93.45,93.45,0.02K,-0.32%,,
04/23/2018,93.35,93.3,93.3,93.3,0.02K,-0.11%,,
04/24/2018,93.25,93.25,93.25,93.25,0.02K,-0.11%,,
04/25/2018,93.45,93.45,93.45,93.45,0.01K,0.21%,,
04/26/2018,93.5,93.5,93.5,93.5,0.03K,0.05%,,
04/27/2018,93.65,93.65,93.65,93.65,0.01K,0.16%,,
04/30/2018,99.4,99.4,99.4,99.4,0.07K,6.14%,,
05/01/2018,102.05,101.45,101.45,101.3,0.06K,2.67%,,
05/02/2018,101.0,101.0,101.0,101.0,0.18K,-1.03%,,
05/03/2018,100.1,100.1,100.1,100.1,0.03K,-0.89%,,
05/04/2018,100.55,100.55,100.55,100.55,0.01K,0.45%,,
05/07/2018,100.55,100.55,100.55,100.55,,0.00%,,
05/08/2018,101.0,101.0,101.0,101.0,0.03K,0.45%,,
05/09/2018,100.7,100.7,100.7,100.7,0.06K,-0.30%,,
05/10/2018,101.5,101.5,101.5,101.5,0.03K,0.79%,,
05/11/2018,101.75,101.75,101.75,101.75,0.01K,0.25%,,
05/14/2018,102.5,102.5,102.5,102.5,0.04K,0.74%,,
05/15/2018,104.25,104.25,104.25,104.25,0.01K,1.71%,,
05/16/2018,104.6,104.6,104.6,104.6,0.03K,0.34%,,
05/17/2018,104.15,104.15,104.15,104.15,0.01K,-0.43%,,
05/18/2018,104.35,104.35,104.35,104.35,0.03K,0.19%,,
05/21/2018,104.6,104.6,104.6,104.6,0.01K,0.24%,,
05/22/2018,105.2,105.2,105.2,105.2,0.02K,0.57%,,
05/23/2018,104.75,104.75,104.75,104.75,0.06K,-0.43%,,
05/24/2018,104.7,104.7,104.7,104.7,0.01K,-0.05%,,
05/25/2018,105.45,105.45,105.45,105.45,0.00K,0.72%,,
05/28/2018,107.35,107.35,107.35,107.35,,1.80%,,
05/29/2018,106.85,106.75,107.0,106.75,0.02K,-0.47%,,
05/30/2018,108.65,106.65,108.75,106.65,0.05K,1.68%,,
05/31/2018,110.15,109.0,110.5,109.0,0.07K,1.38%,,
06/01/2018,111.05,112.0,112.5,112.0,0.01K,0.82%,,
06/04/2018,113.3,112.85,114.0,112.85,0.12K,2.03%,,
06/05/2018,113.0,112.5,113.0,112.5,0.03K,-0.26%,,
06/06/2018,112.8,112.8,112.8,112.8,0.01K,-0.18%,,
06/07/2018,114.1,114.1,114.1,114.1,0.03K,1.15%,,
06/08/2018,113.85,113.85,113.85,113.85,0.01K,-0.22%,,
06/11/2018,114.35,114.35,114.35,114.35,0.14K,0.44%,,
06/12/2018,115.55,115.55,115.55,115.55,0.01K,1.05%,,
06/13/2018,116.0,116.0,116.0,116.0,0.01K,0.39%,,
06/14/2018,115.5,116.0,116.0,116.0,0.00K,-0.43%,,
06/15/2018,115.0,115.0,115.0,115.0,0.01K,-0.43%,,
06/18/2018,115.9,115.9,115.9,115.9,0.03K,0.78%,,
06/19/2018,115.35,115.35,115.35,115.35,0.03K,-0.47%,,
06/20/2018,114.45,114.45,114.45,114.45,0.04K,-0.78%,,
06/21/2018,114.0,114.0,114.0,114.0,0.01K,-0.39%,,
06/22/2018,114.05,114.05,114.05,114.05,0.02K,0.04%,,
06/25/2018,114.5,114.5,114.5,114.5,0.01K,0.39%,,
06/26/2018,114.75,114.75,114.75,114.75,,0.22%,,
06/27/2018,114.4,114.4,114.4,114.4,0.00K,-0.31%,,
06/28/2018,114.4,114.4,114.4,114.4,,0.00%,,
06/29/2018,114.4,114.4,114.4,114.4,0.02K,0.00%,,
07/02/2018,115.0,115.7,115.7,115.7,0.04K,0.52%,,
07/03/2018,115.35,116.0,116.0,116.0,0.11K,0.30%,,
07/04/2018,116.5,116.5,116.5,116.5,0.15K,1.00%,,
07/05/2018,116.6,116.2,116.2,116.2,0.16K,0.09%,,
07/06/2018,116.1,116.1,116.1,116.1,0.01K,-0.43%,,
07/09/2018,116.1,116.1,116.1,116.1,0.01K,0.00%,,
07/10/2018,117.45,117.45,117.45,117.45,0.02K,1.16%,,
07/11/2018,117.9,117.9,117.9,117.9,0.04K,0.38%,,
07/12/2018,118.05,118.05,118.05,118.05,0.03K,0.13%,,
07/13/2018,117.7,117.7,117.7,117.7,0.02K,-0.30%,,
07/16/2018,118.25,118.25,118.25,118.25,0.02K,0.47%,,
07/17/2018,118.7,118.7,118.7,118.7,0.06K,0.38%,,
07/18/2018,119.6,119.6,119.6,119.6,0.01K,0.76%,,
07/19/2018,119.3,119.3,119.3,119.3,0.00K,-0.25%,,
07/20/2018,117.7,117.7,117.7,117.7,0.02K,-1.34%,,
07/23/2018,118.65,118.65,118.65,118.65,0.01K,0.81%,,
07/24/2018,119.3,119.3,119.3,119.3,0.01K,0.55%,,
07/25/2018,119.9,119.9,119.9,119.9,0.01K,0.50%,,
07/26/2018,119.9,119.9,119.9,119.9,,0.00%,,
07/27/2018,119.9,119.9,119.9,119.9,0.01K,0.00%,,
07/30/2018,115.55,115.2,115.2,115.2,0.15K,-3.63%,,
07/31/2018,117.55,116.0,116.0,116.0,0.04K,1.73%,,
08/01/2018,117.8,118.1,118.1,118.1,0.03K,0.21%,,
08/02/2018,117.35,117.35,117.35,117.35,0.02K,-0.38%,,
08/03/2018,117.45,117.5,117.5,117.5,0.00K,0.09%,,
08/06/2018,116.8,116.5,116.5,116.5,0.03K,-0.55%,,
08/07/2018,116.0,116.0,116.0,116.0,0.01K,-0.68%,,
08/08/2018,115.9,116.0,116.0,116.0,0.08K,-0.09%,,
08/09/2018,116.3,116.3,116.3,116.3,0.10K,0.35%,,
08/10/2018,116.65,116.65,116.65,116.65,0.01K,0.30%,,
08/13/2018,117.5,117.5,117.5,117.5,,0.73%,,
08/14/2018,118.4,118.4,118.4,118.4,0.05K,0.77%,,
08/15/2018,118.15,118.15,118.15,118.15,0.00K,-0.21%,,
08/16/2018,118.1,118.1,118.1,118.1,0.03K,-0.04%,,
08/17/2018,118.0,118.0,118.0,118.0,0.01K,-0.08%,,
08/20/2018,117.65,117.65,117.65,117.65,0.01K,-0.30%,,
08/21/2018,117.55,117.55,117.55,117.55,0.01K,-0.08%,,
08/22/2018,117.5,117.5,117.5,117.5,0.00K,-0.04%,,
08/23/2018,117.15,117.15,117.15,117.15,0.01K,-0.30%,,
08/24/2018,117.9,117.9,117.9,117.9,0.03K,0.64%,,
08/27/2018,118.9,118.9,118.9,118.9,,0.85%,,
08/28/2018,117.5,117.5,117.5,117.5,0.01K,-1.18%,,
08/29/2018,117.65,117.65,117.65,117.65,0.02K,0.13%,,
08/30/2018,117.5,117.5,117.5,117.5,0.08K,-0.13%,,
08/31/2018,118.0,118.0,118.0,118.0,0.03K,0.43%,,
09/03/2018,116.25,116.25,116.25,116.25,0.03K,-1.48%,,
09/04/2018,115.35,115.35,115.35,115.35,0.12K,-0.77%,,
09/05/2018,114.8,114.9,115.0,114.9,0.06K,-0.48%,,
09/06/2018,114.8,114.8,114.8,114.8,0.01K,0.00%,,
09/07/2018,114.55,114.75,114.75,114.75,0.01K,-0.22%,,
09/10/2018,115.3,115.0,115.25,115.0,0.06K,0.65%,,
09/11/2018,115.65,115.65,115.65,115.65,0.02K,0.30%,,
09/12/2018,115.05,115.05,115.05,115.05,0.01K,-0.52%,,
09/13/2018,115.3,115.3,115.3,115.3,0.02K,0.22%,,
09/14/2018,115.4,115.4,115.4,115.4,0.03K,0.09%,,
09/17/2018,114.6,114.6,114.6,114.6,0.00K,-0.69%,,
09/18/2018,114.15,114.15,114.15,114.15,0.02K,-0.39%,,
09/19/2018,114.5,114.5,114.5,114.5,0.01K,0.31%,,
09/20/2018,113.15,113.15,113.15,113.15,0.00K,-1.18%,,
09/21/2018,113.45,113.45,113.45,113.45,,0.27%,,
09/24/2018,113.75,113.75,113.75,113.75,0.01K,0.26%,,
09/25/2018,113.7,113.7,113.7,113.7,0.02K,-0.04%,,
09/26/2018,113.7,113.7,113.7,113.7,0.01K,0.00%,,
09/27/2018,113.7,113.7,113.7,113.7,0.01K,0.00%,,
09/28/2018,113.85,113.85,113.85,113.85,0.01K,0.13%,,
10/01/2018,114.6,114.0,114.0,114.0,0.01K,0.66%,,
10/02/2018,114.05,114.05,114.05,114.05,0.06K,-0.48%,,
10/03/2018,113.9,113.9,113.9,113.9,0.09K,-0.13%,,
10/04/2018,113.75,113.75,113.75,113.75,0.03K,-0.13%,,
10/05/2018,113.65,113.65,113.65,113.65,0.01K,-0.09%,,
10/08/2018,112.75,112.75,112.75,112.75,0.02K,-0.79%,,
10/09/2018,110.95,110.95,110.95,110.95,0.03K,-1.60%,,
10/10/2018,109.85,109.85,109.85,109.85,0.02K,-0.99%,,
10/11/2018,108.7,108.7,108.7,108.7,0.04K,-1.05%,,
10/12/2018,109.2,109.2,109.2,109.2,0.02K,0.46%,,
10/15/2018,109.25,109.25,109.25,109.25,,0.05%,,
10/16/2018,109.1,109.1,109.1,109.1,0.01K,-0.14%,,
10/17/2018,109.15,109.15,109.15,109.15,0.01K,0.05%,,
10/18/2018,109.75,109.75,109.75,109.75,0.02K,0.55%,,
10/19/2018,110.0,110.0,110.0,110.0,0.00K,0.23%,,
10/22/2018,110.1,110.1,110.1,110.1,0.01K,0.09%,,
10/23/2018,109.5,109.5,109.5,109.5,0.01K,-0.54%,,
10/24/2018,109.75,109.75,109.75,109.75,,0.23%,,
10/25/2018,109.75,109.75,109.75,109.75,0.01K,0.00%,,
10/26/2018,109.65,109.65,109.65,109.65,0.01K,-0.09%,,
10/29/2018,108.0,108.0,108.0,108.0,0.09K,-1.50%,,
10/30/2018,107.5,107.5,107.5,107.5,0.18K,-0.46%,,
10/31/2018,105.2,105.2,105.2,105.2,0.11K,-2.14%,,
11/01/2018,102.85,104.0,104.0,103.5,0.04K,-2.23%,,
11/02/2018,103.4,103.75,103.75,103.75,0.03K,0.53%,,
11/05/2018,103.9,103.9,103.9,103.9,0.01K,0.48%,,
11/06/2018,103.5,103.5,103.5,103.5,0.02K,-0.38%,,
11/07/2018,105.45,105.45,105.45,105.45,0.02K,1.88%,,
11/08/2018,105.35,105.25,105.75,105.25,0.02K,-0.09%,,
11/09/2018,105.9,105.5,105.5,105.5,0.06K,0.52%,,
11/12/2018,105.85,105.85,105.85,105.85,0.00K,-0.05%,,
11/13/2018,105.5,105.5,105.5,105.5,,-0.33%,,
11/14/2018,103.35,103.35,103.35,103.35,0.00K,-2.04%,,
11/15/2018,104.15,104.15,104.15,104.15,0.03K,0.77%,,
11/16/2018,102.5,102.5,102.5,102.5,0.02K,-1.58%,,
11/19/2018,102.95,102.95,102.95,102.95,0.01K,0.44%,,
11/20/2018,102.3,102.3,102.3,102.3,0.02K,-0.63%,,
11/21/2018,102.45,102.45,102.45,102.45,0.00K,0.15%,,
11/22/2018,102.4,102.4,102.4,102.4,0.01K,-0.05%,,
11/23/2018,101.75,101.75,101.75,101.75,0.01K,-0.63%,,
11/26/2018,101.4,101.4,101.4,101.4,0.01K,-0.34%,,
11/27/2018,101.55,101.55,101.55,101.55,0.00K,0.15%,,
11/28/2018,101.55,101.55,101.55,101.55,0.02K,0.00%,,
11/29/2018,101.55,101.55,101.55,101.55,0.00K,0.00%,,
11/30/2018,101.7,101.7,101.7,101.7,0.01K,0.15%,,
12/03/2018,102.45,102.45,102.45,102.45,0.01K,0.74%,,
12/04/2018,102.85,102.85,102.85,102.85,0.01K,0.39%,,
12/05/2018,102.65,102.65,102.65,102.65,0.01K,-0.19%,,
12/06/2018,102.55,102.55,102.55,102.55,0.01K,-0.10%,,
12/07/2018,102.55,102.55,102.55,102.55,0.01K,0.00%,,
12/10/2018,102.65,102.65,102.65,102.65,0.00K,0.10%,,
12/11/2018,102.15,102.15,102.15,102.15,0.08K,-0.49%,,
12/12/2018,101.65,101.65,101.65,101.65,0.01K,-0.49%,,
12/13/2018,102.15,102.2,102.2,102.2,0.00K,0.49%,,
12/14/2018,102.3,102.3,102.3,102.3,0.00K,0.15%,,
12/17/2018,101.85,102.0,102.0,101.6,0.01K,-0.44%,,
12/18/2018,101.5,101.5,101.5,101.5,,-0.34%,,
12/19/2018,101.6,101.6,101.6,101.6,0.00K,0.10%,,
12/20/2018,101.65,101.65,101.65,101.65,0.00K,0.05%,,
12/21/2018,101.7,101.7,101.7,101.7,0.02K,0.05%,,
12/24/2018,101.0,101.0,101.0,101.0,0.01K,-0.69%,,
12/26/2018,101.0,101.0,101.0,101.0,,0.00%,,
12/27/2018,101.55,101.55,101.55,101.55,,0.54%,,
12/28/2018,101.9,101.9,101.9,101.9,,0.34%,,
12/31/2018,102.05,102.05,102.05,102.05,0.00K,0.15%,,
01/02/2019,101.1,101.1,101.1,101.1,0.07K,-0.93%,,
01/03/2019,99.6,99.6,99.6,99.6,0.10K,-1.48%,,
01/04/2019,99.5,99.5,99.5,99.5,0.08K,-0.10%,,
01/07/2019,99.05,99.05,99.05,99.05,0.17K,-0.45%,,
01/08/2019,97.8,97.8,97.8,97.8,0.11K,-1.26%,,
01/09/2019,98.1,98.1,98.1,98.1,0.04K,0.31%,,
01/10/2019,97.85,97.85,97.85,97.85,,-0.25%,,
01/11/2019,98.05,98.05,98.05,98.05,0.04K,0.20%,,
01/14/2019,97.35,97.35,97.35,97.35,0.02K,-0.71%,,
01/15/2019,98.7,98.7,98.7,98.7,0.09K,1.39%,,
01/16/2019,99.7,99.7,99.7,99.7,0.01K,1.01%,,
01/17/2019,100.3,100.3,100.3,100.3,0.08K,0.60%,,
01/18/2019,99.75,99.75,99.75,99.75,0.01K,-0.55%,,
01/21/2019,99.35,99.35,99.35,99.35,,-0.40%,,
01/22/2019,99.2,99.2,99.2,99.2,0.01K,-0.15%,,
01/23/2019,99.2,99.2,99.2,99.2,,0.00%,,
01/24/2019,99.0,99.0,99.0,99.0,0.01K,-0.20%,,
01/25/2019,98.75,98.75,98.75,98.75,,-0.25%,,
01/28/2019,99.45,99.45,99.45,99.45,0.07K,0.71%,,
01/29/2019,99.2,99.0,99.1,98.7,0.06K,-0.25%,,
01/30/2019,99.3,99.3,99.3,99.3,0.08K,0.10%,,
01/31/2019,99.0,99.0,99.0,99.0,0.10K,-0.30%,,
02/01/2019,98.35,98.5,98.5,98.5,0.02K,-0.66%,,
02/04/2019,98.2,98.0,98.0,97.7,0.13K,-0.15%,,
02/05/2019,98.3,98.6,98.6,98.6,0.05K,0.10%,,
02/06/2019,98.3,98.25,98.25,98.25,0.11K,0.00%,,
02/07/2019,97.8,97.8,97.8,97.8,0.08K,-0.51%,,
02/08/2019,97.2,97.2,97.2,97.2,0.01K,-0.61%,,
02/11/2019,96.7,96.7,96.7,96.7,0.00K,-0.51%,,
02/12/2019,95.65,95.5,95.5,95.5,0.01K,-1.09%,,
02/13/2019,95.7,95.7,95.7,95.7,0.01K,0.05%,,
02/14/2019,94.95,94.95,94.95,94.95,0.01K,-0.78%,,
02/15/2019,94.85,94.85,94.85,94.85,,-0.11%,,
02/18/2019,95.0,95.0,95.0,95.0,0.04K,0.16%,,
02/19/2019,95.2,95.2,95.2,95.2,0.01K,0.21%,,
02/20/2019,95.2,95.2,95.2,95.2,0.00K,0.00%,,
02/21/2019,95.2,95.2,95.2,95.2,,0.00%,,
02/22/2019,95.05,95.05,95.05,95.05,0.00K,-0.16%,,
02/25/2019,93.7,93.5,93.5,93.5,0.14K,-1.42%,,
02/26/2019,94.8,94.8,94.8,94.8,0.12K,1.17%,,
02/27/2019,94.9,94.9,94.9,94.9,0.09K,0.11%,,
02/28/2019,96.05,96.05,96.05,96.05,0.09K,1.21%,,
03/01/2019,97.0,97.0,97.0,97.0,0.03K,0.99%,,
03/04/2019,98.15,97.6,98.0,97.6,0.06K,1.19%,,
03/05/2019,98.05,97.95,97.95,97.7,0.07K,-0.10%,,
03/06/2019,97.45,98.0,98.0,97.5,0.13K,-0.61%,,
03/07/2019,97.6,97.25,97.25,97.25,0.09K,0.15%,,
03/08/2019,95.55,97.0,97.0,95.6,0.10K,-2.10%,,
03/11/2019,94.55,94.55,94.55,94.55,0.01K,-1.05%,,
03/12/2019,95.05,95.05,95.05,95.05,0.08K,0.53%,,
03/13/2019,94.5,94.5,94.5,94.5,0.04K,-0.58%,,
03/14/2019,94.6,94.6,94.6,94.6,0.01K,0.11%,,
03/15/2019,93.85,93.85,93.85,93.85,0.02K,-0.79%,,
03/18/2019,93.8,93.8,93.8,93.8,0.03K,-0.05%,,
03/19/2019,93.45,93.45,93.45,93.45,0.01K,-0.37%,,
03/20/2019,93.55,93.55,93.55,93.55,0.04K,0.11%,,
03/21/2019,93.5,93.5,93.5,93.5,0.01K,-0.05%,,
03/22/2019,93.3,93.3,93.3,93.3,0.03K,-0.21%,,
03/25/2019,93.55,93.55,93.55,93.55,0.02K,0.27%,,
03/26/2019,93.2,93.2,93.2,93.2,0.02K,-0.37%,,
03/27/2019,93.5,93.5,93.5,93.5,0.04K,0.32%,,
03/28/2019,92.95,92.95,92.95,92.95,0.01K,-0.59%,,
03/29/2019,92.75,92.75,92.75,92.75,0.03K,-0.22%,,
04/01/2019,82.5,82.5,82.5,82.5,0.18K,-11.05%,,
04/02/2019,81.1,81.1,81.1,81.1,0.15K,-1.70%,,
04/03/2019,79.0,79.0,79.0,79.0,0.05K,-2.59%,,
04/04/2019,77.7,77.7,77.7,77.7,0.07K,-1.65%,,
04/05/2019,78.85,78.85,78.85,78.85,0.05K,1.48%,,
04/08/2019,80.4,80.4,80.4,80.4,0.08K,1.97%,,
04/09/2019,81.2,81.2,81.2,81.2,0.01K,1.00%,,
04/10/2019,82.2,81.5,82.0,81.5,0.00K,1.23%,,
04/11/2019,84.15,82.0,82.0,82.0,0.03K,2.37%,,
04/12/2019,84.2,84.2,84.2,84.2,0.02K,0.06%,,
04/15/2019,84.35,84.35,84.35,84.35,0.00K,0.18%,,
04/16/2019,84.1,84.1,84.1,84.1,0.00K,-0.30%,,
04/17/2019,84.6,84.6,84.6,84.6,0.01K,0.59%,,
04/18/2019,84.45,84.45,84.45,84.45,0.01K,-0.18%,,
04/22/2019,84.45,84.45,84.45,84.45,,0.00%,,
04/23/2019,84.6,84.6,84.6,84.6,0.01K,0.18%,,
04/24/2019,84.65,84.65,84.65,84.65,0.04K,0.06%,,
04/25/2019,85.45,85.45,85.45,85.45,0.01K,0.95%,,
04/26/2019,85.2,85.2,85.2,85.2,0.00K,-0.29%,,
04/29/2019,86.9,86.75,86.75,86.5,0.01K,2.00%,,
04/30/2019,87.3,86.5,87.1,86.5,0.04K,0.46%,,
05/01/2019,87.2,87.0,87.0,87.0,0.03K,-0.11%,,
05/02/2019,87.2,86.5,87.25,86.5,0.02K,0.00%,,
05/03/2019,87.6,87.3,87.3,87.3,0.05K,0.46%,,
05/06/2019,86.95,86.95,86.95,86.95,,-0.74%,,
05/07/2019,87.0,86.75,86.75,86.5,0.00K,0.06%,,
05/08/2019,87.2,86.75,87.0,86.75,0.01K,0.23%,,
05/09/2019,86.25,86.75,86.75,86.45,0.03K,-1.09%,,
05/10/2019,86.15,86.1,86.1,86.1,0.01K,-0.12%,,
05/13/2019,85.55,85.5,85.6,85.5,0.01K,-0.70%,,
05/14/2019,84.8,85.0,85.0,84.65,0.01K,-0.88%,,
05/15/2019,84.45,84.45,84.45,84.45,0.05K,-0.41%,,
05/16/2019,84.15,84.15,84.15,84.15,0.01K,-0.36%,,
05/17/2019,84.1,84.1,84.1,84.1,0.03K,-0.06%,,
05/20/2019,83.85,83.85,83.85,83.85,0.03K,-0.30%,,
05/21/2019,83.85,83.85,83.85,83.85,0.00K,0.00%,,
05/22/2019,84.0,84.0,84.0,84.0,0.02K,0.18%,,
05/23/2019,83.75,83.75,83.75,83.75,0.02K,-0.30%,,
05/24/2019,83.65,83.65,83.65,83.65,0.02K,-0.12%,,
05/27/2019,83.65,83.65,83.65,83.65,,0.00%,,
05/28/2019,83.3,83.3,83.3,83.3,0.00K,-0.42%,,
05/29/2019,83.45,83.45,83.45,83.45,0.02K,0.18%,,
05/30/2019,83.4,83.4,83.4,83.4,,-0.06%,,
05/31/2019,83.4,83.4,83.4,83.4,0.02K,0.00%,,
06/03/2019,73.25,75.3,75.3,73.0,0.11K,-12.17%,,
06/04/2019,73.35,73.35,73.35,73.35,0.05K,0.14%,,
06/05/2019,72.85,73.25,73.25,73.2,0.00K,-0.68%,,
06/06/2019,73.0,72.5,73.25,72.5,0.04K,0.21%,,
06/07/2019,72.8,73.2,73.2,73.2,0.03K,-0.27%,,
06/10/2019,73.5,72.8,72.8,72.8,0.02K,0.96%,,
06/11/2019,74.15,74.15,74.15,74.15,0.05K,0.88%,,
06/12/2019,71.95,72.0,72.0,71.9,0.02K,-2.97%,,
06/13/2019,71.85,71.85,71.85,71.85,0.03K,-0.14%,,
06/14/2019,71.4,71.4,71.4,71.4,0.02K,-0.63%,,
06/17/2019,71.15,71.15,71.15,71.15,0.03K,-0.35%,,
06/18/2019,70.8,70.8,70.8,70.8,0.02K,-0.49%,,
06/19/2019,70.6,70.6,70.6,70.6,0.05K,-0.28%,,
06/20/2019,70.5,70.5,70.5,70.5,0.01K,-0.14%,,
06/21/2019,71.3,71.3,71.3,71.3,0.02K,1.13%,,
06/24/2019,70.6,70.6,70.6,70.6,0.01K,-0.98%,,
06/25/2019,70.95,70.95,70.95,70.95,0.02K,0.50%,,
06/26/2019,70.9,70.9,70.9,70.9,0.01K,-0.07%,,
06/27/2019,71.0,71.0,71.0,71.0,0.03K,0.14%,,
06/28/2019,70.9,70.9,70.9,70.9,0.03K,-0.14%,,
07/01/2019,68.0,68.0,68.0,68.0,0.02K,-4.09%,,
07/02/2019,70.0,70.0,70.0,70.0,0.07K,2.94%,,
07/03/2019,72.75,72.75,72.75,72.75,0.03K,3.93%,,
07/04/2019,77.0,77.0,77.0,77.0,0.05K,5.84%,,
07/05/2019,76.2,76.2,76.2,76.2,0.14K,-1.04%,,
07/08/2019,75.2,75.2,75.2,75.2,0.04K,-1.31%,,
07/09/2019,74.9,74.9,74.9,74.9,0.04K,-0.40%,,
07/10/2019,75.45,75.45,75.45,75.45,0.09K,0.73%,,
07/11/2019,75.05,75.05,75.05,75.05,0.09K,-0.53%,,
07/12/2019,74.6,75.0,75.0,75.0,0.04K,-0.60%,,
07/15/2019,74.35,74.35,74.35,74.35,0.02K,-0.34%,,
07/16/2019,73.3,73.3,73.3,73.3,0.00K,-1.41%,,
07/17/2019,74.3,74.3,74.3,74.3,0.01K,1.36%,,
07/18/2019,73.85,73.85,73.85,73.85,0.03K,-0.61%,,
07/19/2019,74.1,74.1,74.1,74.1,0.11K,0.34%,,
07/22/2019,74.5,74.85,74.85,74.85,0.00K,0.54%,,
07/23/2019,73.85,74.0,74.0,74.0,0.09K,-0.87%,,
07/24/2019,74.2,74.2,74.2,74.2,0.02K,0.47%,,
07/25/2019,74.4,74.4,74.4,74.4,0.01K,0.27%,,
07/26/2019,74.25,74.25,74.25,74.25,0.00K,-0.20%,,
07/29/2019,71.6,72.25,72.25,71.5,0.04K,-3.57%,,
07/30/2019,69.65,71.3,71.3,69.45,0.06K,-2.72%,,
07/31/2019,69.45,69.3,69.3,69.3,0.11K,-0.29%,,
08/01/2019,69.45,68.9,68.9,68.9,0.03K,0.00%,,
08/02/2019,69.15,69.15,69.15,69.15,0.05K,-0.43%,,
08/05/2019,68.9,68.9,68.9,68.9,0.03K,-0.36%,,
08/06/2019,68.05,68.1,68.35,67.9,0.03K,-1.23%,,
08/07/2019,67.75,67.5,67.5,67.5,0.01K,-0.44%,,
08/08/2019,67.8,67.8,67.8,67.8,0.00K,0.07%,,
08/09/2019,67.85,67.85,67.85,67.85,0.01K,0.07%,,
08/12/2019,67.3,67.3,67.3,67.3,0.03K,-0.81%,,
08/13/2019,67.15,67.15,67.15,67.15,0.02K,-0.22%,,
08/14/2019,66.85,66.85,66.85,66.85,0.02K,-0.45%,,
08/15/2019,66.35,66.35,66.35,66.35,0.05K,-0.75%,,
08/16/2019,66.3,66.3,66.3,66.3,0.01K,-0.08%,,
08/19/2019,66.35,66.35,66.35,66.35,0.01K,0.08%,,
08/20/2019,65.95,65.95,65.95,65.95,0.03K,-0.60%,,
08/21/2019,65.45,65.45,65.45,65.45,0.07K,-0.76%,,
08/22/2019,65.35,65.35,65.35,65.35,0.00K,-0.15%,,
08/23/2019,65.75,65.75,65.75,65.75,0.00K,0.61%,,
08/26/2019,65.75,65.75,65.75,65.75,0.00K,0.00%,,
08/27/2019,65.4,65.4,65.4,65.4,0.02K,-0.53%,,
08/28/2019,65.6,65.6,65.6,65.6,0.03K,0.31%,,
08/29/2019,65.3,65.3,65.3,65.3,0.03K,-0.46%,,
08/30/2019,65.75,65.75,65.75,65.75,0.02K,0.69%,,
09/02/2019,65.05,65.05,65.05,65.05,0.05K,-1.06%,,
09/03/2019,66.5,65.25,66.5,65.25,0.10K,2.23%,,
09/04/2019,66.35,66.2,66.5,66.1,0.07K,-0.23%,,
09/05/2019,66.9,66.75,66.75,66.75,0.08K,0.83%,,
09/06/2019,66.25,66.25,66.25,66.25,0.07K,-0.97%,,
09/09/2019,65.55,65.55,65.55,65.55,0.03K,-1.06%,,
09/10/2019,65.8,65.5,66.4,65.4,0.14K,0.38%,,
09/11/2019,65.35,65.35,65.35,65.35,0.01K,-0.68%,,
09/12/2019,65.5,65.5,65.5,65.5,0.03K,0.23%,,
09/13/2019,65.7,66.15,66.15,66.15,0.01K,0.31%,,
09/16/2019,66.15,66.0,66.25,66.0,0.01K,0.68%,,
09/17/2019,65.6,66.25,66.25,66.0,0.03K,-0.83%,,
09/18/2019,65.35,65.35,65.35,65.35,0.03K,-0.38%,,
09/19/2019,65.55,65.55,65.55,65.55,0.02K,0.31%,,
09/20/2019,65.45,65.45,65.45,65.45,0.00K,-0.15%,,
09/23/2019,65.35,65.35,65.35,65.35,0.01K,-0.15%,,
09/24/2019,65.2,65.2,65.2,65.2,0.01K,-0.23%,,
09/25/2019,65.4,65.4,65.4,65.4,0.02K,0.31%,,
09/26/2019,65.15,65.15,65.15,65.15,0.02K,-0.38%,,
09/27/2019,65.55,65.55,65.55,65.55,0.02K,0.61%,,
09/30/2019,70.05,68.15,68.3,68.15,0.17K,6.86%,,
10/01/2019,67.4,68.0,68.0,67.5,0.14K,-3.78%,,
10/02/2019,66.25,66.75,66.75,66.75,0.09K,-1.71%,,
10/03/2019,64.8,65.25,65.25,65.25,0.07K,-2.19%,,
10/04/2019,65.2,65.2,65.2,65.2,0.02K,0.62%,,
10/07/2019,66.45,66.25,66.25,66.25,0.02K,1.92%,,
10/08/2019,66.9,66.9,66.9,66.9,0.04K,0.68%,,
10/09/2019,67.45,67.5,67.5,67.5,0.04K,0.82%,,
10/10/2019,67.4,67.4,67.4,67.4,0.02K,-0.07%,,
10/11/2019,66.4,66.95,66.95,66.95,0.05K,-1.48%,,
10/14/2019,66.52,66.52,66.52,66.52,0.02K,0.18%,,
10/15/2019,66.9,66.9,66.9,66.9,0.03K,0.57%,,
10/16/2019,67.3,67.3,67.3,67.3,0.04K,0.60%,,
10/17/2019,67.55,67.55,67.55,67.55,0.02K,0.37%,,
10/18/2019,67.5,67.5,67.5,67.5,0.04K,-0.07%,,
10/21/2019,67.6,67.6,67.6,67.6,0.02K,0.15%,,
10/22/2019,67.45,67.45,67.45,67.45,0.07K,-0.22%,,
10/23/2019,67.0,67.0,67.0,67.0,0.03K,-0.67%,,
10/24/2019,67.25,67.25,67.25,67.25,0.04K,0.37%,,
10/25/2019,67.65,67.65,67.65,67.65,0.05K,0.59%,,
10/28/2019,66.85,67.0,67.0,66.6,0.02K,-1.18%,,
10/29/2019,66.95,66.95,66.95,66.95,0.08K,0.15%,,
10/30/2019,66.95,67.0,67.0,67.0,0.02K,0.00%,,
10/31/2019,66.9,67.1,67.1,67.1,0.03K,-0.07%,,
11/01/2019,67.25,67.25,67.25,67.25,,0.52%,,
11/04/2019,67.35,67.35,67.35,67.35,0.02K,0.15%,,
11/05/2019,67.15,67.15,67.15,67.15,0.01K,-0.30%,,
11/06/2019,66.55,66.55,66.55,66.55,0.01K,-0.89%,,
11/07/2019,66.45,66.5,66.5,66.5,0.00K,-0.15%,,
11/08/2019,66.8,66.25,66.25,66.25,0.05K,0.53%,,
11/11/2019,66.95,66.95,66.95,66.95,0.10K,0.22%,,
11/12/2019,66.55,66.55,66.55,66.55,0.03K,-0.60%,,
11/13/2019,66.7,66.7,66.7,66.7,0.03K,0.23%,,
11/14/2019,66.7,66.8,66.8,66.8,0.01K,0.00%,,
11/15/2019,67.15,67.15,67.15,67.15,0.01K,0.67%,,
11/18/2019,67.5,67.5,67.5,67.5,0.04K,0.52%,,
11/19/2019,67.4,67.4,67.4,67.4,0.03K,-0.15%,,
11/20/2019,67.45,67.45,67.45,67.45,0.02K,0.07%,,
11/21/2019,67.55,67.55,67.55,67.55,0.02K,0.15%,,
11/22/2019,67.9,67.9,67.9,67.9,0.02K,0.52%,,
11/25/2019,66.75,66.75,66.75,66.75,0.03K,-1.69%,,
11/26/2019,67.4,67.4,67.4,67.4,0.03K,0.97%,,
11/27/2019,67.75,67.75,67.75,67.75,0.06K,0.52%,,
11/28/2019,67.45,67.45,67.45,67.45,0.01K,-0.44%,,
11/29/2019,67.85,67.85,67.85,67.85,0.04K,0.59%,,
12/02/2019,67.6,67.75,67.75,67.5,0.02K,-0.37%,,
12/03/2019,67.4,67.4,67.4,67.4,0.01K,-0.30%,,
12/04/2019,66.8,67.1,67.1,67.0,0.01K,-0.89%,,
12/05/2019,66.55,66.55,66.55,66.55,0.07K,-0.37%,,
12/06/2019,66.4,66.4,66.4,66.4,0.03K,-0.23%,,
12/09/2019,66.2,66.25,66.3,66.0,0.03K,-0.30%,,
12/10/2019,66.0,66.0,66.0,66.0,0.01K,-0.30%,,
12/11/2019,66.1,66.1,66.1,66.1,0.02K,0.15%,,
12/12/2019,66.5,66.15,66.15,66.15,0.03K,0.61%,,
12/13/2019,66.3,66.3,66.3,66.3,0.00K,-0.30%,,
12/16/2019,66.45,66.45,66.45,66.45,0.01K,0.23%,,
12/17/2019,65.9,65.9,65.9,65.9,0.01K,-0.83%,,
12/18/2019,66.2,66.2,66.2,66.2,0.02K,0.46%,,
12/19/2019,66.45,66.55,66.55,66.55,0.01K,0.38%,,
12/20/2019,66.35,66.4,66.4,66.4,0.01K,-0.15%,,
12/23/2019,65.8,65.8,65.8,65.8,0.00K,-0.83%,,
12/24/2019,66.5,66.5,66.5,66.5,0.01K,1.06%,,
12/26/2019,66.5,66.5,66.5,66.5,,0.00%,,
12/27/2019,66.55,66.55,66.55,66.55,0.00K,0.08%,,
12/30/2019,67.7,67.7,67.7,67.7,0.10K,1.73%,,
12/31/2019,67.7,67.7,67.7,67.7,0.01K,0.00%,,
01/02/2020,67.9,67.5,67.5,67.5,0.04K,0.30%,,
01/03/2020,67.5,67.25,67.5,67.25,0.12K,-0.59%,,
01/06/2020,67.25,67.3,67.3,67.3,0.04K,-0.37%,,
01/07/2020,67.15,67.2,67.2,67.2,0.05K,-0.15%,,
01/08/2020,67.1,67.5,67.5,67.5,0.07K,-0.07%,,
01/09/2020,68.95,68.95,68.95,68.95,0.25K,2.76%,,
01/10/2020,70.9,69.85,71.15,69.85,0.07K,2.83%,,
01/13/2020,72.25,72.35,72.35,72.35,0.08K,1.90%,,
01/14/2020,70.8,70.8,70.8,70.8,0.03K,-2.01%,,
01/15/2020,70.5,70.5,70.5,70.5,0.00K,-0.42%,,
01/16/2020,70.45,70.45,70.45,70.45,0.01K,-0.07%,,
01/17/2020,70.0,70.0,70.0,70.0,,-0.64%,,
01/20/2020,69.9,69.9,69.9,69.9,0.01K,-0.14%,,
01/21/2020,69.05,69.05,69.05,69.05,0.01K,-1.22%,,
01/22/2020,67.9,67.9,67.9,67.9,0.00K,-1.67%,,
01/23/2020,69.1,69.1,69.1,69.1,0.00K,1.77%,,
01/24/2020,69.1,69.1,69.1,69.1,0.01K,0.00%,,
01/27/2020,69.1,69.1,69.1,69.1,0.01K,0.00%,,
01/28/2020,68.35,68.35,68.35,68.35,,-1.09%,,
01/29/2020,68.6,68.6,68.6,68.6,0.03K,0.37%,,
01/30/2020,68.65,68.65,68.65,68.65,0.01K,0.07%,,
01/31/2020,68.5,68.5,68.5,68.5,0.01K,-0.22%,,
02/03/2020,66.3,66.3,66.3,66.3,0.01K,-3.21%,,
02/04/2020,68.55,68.55,68.55,68.55,0.08K,3.39%,,
02/05/2020,69.3,69.0,69.5,69.0,0.10K,1.09%,,
02/06/2020,69.7,69.35,69.75,69.35,0.20K,0.58%,,
02/07/2020,68.5,69.5,69.5,68.5,0.07K,-1.72%,,
02/10/2020,68.1,68.1,68.1,68.1,0.02K,-0.58%,,
02/11/2020,68.95,68.95,68.95,68.95,0.01K,1.25%,,
02/12/2020,68.9,68.9,68.9,68.9,0.02K,-0.07%,,
02/13/2020,69.1,69.1,69.1,69.1,0.03K,0.29%,,
02/14/2020,69.45,69.45,69.45,69.45,0.00K,0.51%,,
02/17/2020,69.1,69.1,69.1,69.1,0.01K,-0.50%,,
02/18/2020,68.4,68.6,68.6,68.4,0.03K,-1.01%,,
02/19/2020,68.2,68.3,68.3,68.3,0.01K,-0.29%,,
02/20/2020,68.6,68.6,68.6,68.6,0.01K,0.59%,,
02/21/2020,67.9,67.9,67.9,67.9,0.00K,-1.02%,,
02/24/2020,68.0,68.0,68.0,68.0,0.01K,0.15%,,
02/25/2020,67.9,67.9,67.9,67.9,0.00K,-0.15%,,
02/26/2020,67.75,67.75,67.75,67.75,0.01K,-0.22%,,
02/27/2020,67.9,67.9,67.9,67.9,0.02K,0.22%,,
02/28/2020,67.4,67.4,67.4,67.4,0.01K,-0.74%,,
03/02/2020,66.35,66.25,66.35,66.25,0.02K,-1.56%,,
03/03/2020,66.2,66.05,66.05,66.05,0.08K,-0.23%,,
03/04/2020,65.75,66.0,66.0,65.3,0.18K,-0.68%,,
03/05/2020,66.4,66.2,66.6,66.2,0.09K,0.99%,,
03/06/2020,65.9,65.75,66.0,65.75,0.03K,-0.75%,,
03/09/2020,65.15,64.7,65.0,64.6,0.02K,-1.14%,,
03/10/2020,65.3,65.3,65.35,65.25,0.04K,0.23%,,
03/11/2020,65.65,65.35,65.35,65.35,0.02K,0.54%,,
03/12/2020,65.4,65.1,65.1,65.05,0.03K,-0.38%,,
03/13/2020,65.8,66.0,66.0,65.9,0.07K,0.61%,,
03/16/2020,65.55,66.1,66.1,66.0,0.03K,-0.38%,,
03/17/2020,66.05,66.0,66.0,66.0,0.04K,0.76%,,
03/18/2020,66.1,66.05,66.1,66.05,0.03K,0.08%,,
03/19/2020,66.15,66.2,66.35,66.1,0.01K,0.08%,,
03/20/2020,66.3,66.2,66.25,66.2,0.01K,0.23%,,
03/23/2020,66.05,66.1,66.1,66.05,0.01K,-0.38%,,
03/24/2020,66.5,66.5,66.5,66.5,0.00K,0.68%,,
03/25/2020,66.35,66.2,66.4,66.2,0.01K,-0.23%,,
03/26/2020,66.5,66.5,66.5,66.5,0.03K,0.23%,,
03/27/2020,66.65,66.65,66.65,66.65,0.02K,0.23%,,
03/30/2020,69.0,69.0,69.15,69.0,0.07K,3.53%,,
03/31/2020,67.85,68.6,68.6,67.5,0.27K,-1.67%,,
04/01/2020,66.7,67.25,67.3,67.25,0.10K,-1.69%,,
04/02/2020,66.2,67.0,67.0,65.45,0.12K,-0.75%,,
04/03/2020,66.05,65.6,65.6,65.6,0.07K,-0.23%,,
04/06/2020,64.15,64.15,64.15,64.15,0.01K,-2.88%,,
04/07/2020,63.8,64.5,64.5,64.5,0.02K,-0.55%,,
04/08/2020,62.65,62.65,62.65,62.65,0.07K,-1.80%,,
04/09/2020,63.6,63.6,63.6,63.6,0.04K,1.52%,,
04/13/2020,63.6,63.6,63.6,63.6,,0.00%,,
04/14/2020,62.75,62.75,62.75,62.75,0.01K,-1.34%,,
04/15/2020,62.25,62.4,62.4,62.4,0.00K,-0.80%,,
04/16/2020,61.9,61.9,61.9,61.9,0.03K,-0.56%,,
04/17/2020,62.0,61.5,61.5,61.5,0.05K,0.16%,,
04/20/2020,61.5,61.5,61.5,61.5,0.04K,-0.81%,,
04/21/2020,61.25,61.25,61.25,61.25,0.00K,-0.41%,,
04/22/2020,61.15,61.0,61.0,61.0,0.00K,-0.16%,,
04/23/2020,60.95,60.95,60.95,60.95,0.00K,-0.33%,,
04/24/2020,61.1,61.1,61.1,61.1,0.01K,0.25%,,
04/27/2020,50.5,50.9,50.9,50.5,0.05K,-17.35%,,
04/28/2020,51.25,50.5,51.15,50.5,0.09K,1.49%,,
04/29/2020,51.25,51.25,51.4,51.0,0.08K,0.00%,,
04/30/2020,52.35,52.0,52.0,51.95,0.13K,2.15%,,
05/01/2020,51.25,51.5,51.5,51.25,0.01K,-2.10%,,
05/04/2020,50.6,50.5,50.5,50.5,0.02K,-1.27%,,
05/05/2020,50.5,50.5,50.5,50.5,0.08K,-0.20%,,
05/06/2020,51.2,51.0,51.6,50.95,0.06K,1.39%,,
05/07/2020,51.15,51.3,51.4,51.2,0.01K,-0.10%,,
05/08/2020,51.15,51.15,51.15,51.15,,0.00%,,
05/11/2020,51.7,51.7,51.7,51.7,0.01K,1.08%,,
05/12/2020,52.0,52.0,52.0,52.0,0.01K,0.58%,,
05/13/2020,52.4,52.4,52.4,52.4,0.03K,0.77%,,
05/14/2020,51.75,52.4,52.4,51.75,0.02K,-1.24%,,
05/15/2020,50.95,51.9,51.9,51.5,0.02K,-1.55%,,
05/18/2020,51.4,51.4,51.4,51.4,0.01K,0.88%,,
05/19/2020,51.8,51.8,51.8,51.8,0.01K,0.78%,,
05/20/2020,52.05,52.0,52.0,52.0,0.03K,0.48%,,
05/21/2020,51.9,51.9,51.9,51.9,0.02K,-0.29%,,
05/22/2020,51.95,51.95,51.95,51.95,0.01K,0.10%,,
05/25/2020,51.95,51.95,51.95,51.95,,0.00%,,
05/26/2020,52.4,52.4,52.4,52.4,0.01K,0.87%,,
05/27/2020,52.5,52.5,52.5,52.5,0.00K,0.19%,,
05/28/2020,52.25,52.25,52.25,52.25,0.01K,-0.48%,,
05/29/2020,52.0,52.0,52.0,52.0,0.01K,-0.48%,,
06/01/2020,55.65,55.65,55.65,55.65,0.03K,7.02%,,
06/02/2020,55.55,55.5,55.5,55.5,0.02K,-0.18%,,
06/03/2020,55.8,56.0,56.0,55.5,0.05K,0.45%,,
06/04/2020,55.2,55.5,55.5,55.1,0.09K,-1.08%,,
06/05/2020,55.6,55.6,55.6,55.6,0.01K,0.72%,,
06/08/2020,54.85,55.0,55.0,54.9,0.02K,-1.35%,,
06/09/2020,53.7,54.4,54.4,54.0,0.01K,-2.10%,,
06/10/2020,53.05,53.3,53.3,53.0,0.02K,-1.21%,,
06/11/2020,52.9,52.9,52.9,52.9,0.03K,-0.28%,,
06/12/2020,53.0,53.0,53.0,53.0,0.07K,0.19%,,
06/15/2020,53.4,53.4,53.4,53.4,0.00K,0.75%,,
06/16/2020,53.35,53.35,53.35,53.35,0.01K,-0.09%,,
06/17/2020,53.35,53.35,53.35,53.35,0.04K,0.00%,,
06/18/2020,52.95,52.95,52.95,52.95,0.03K,-0.75%,,
06/19/2020,53.1,53.1,53.1,53.1,0.01K,0.28%,,
06/22/2020,53.1,53.1,53.1,53.1,0.01K,0.00%,,
06/23/2020,53.0,53.0,53.0,53.0,0.02K,-0.19%,,
06/24/2020,52.85,52.85,52.85,52.85,0.01K,-0.28%,,
06/25/2020,53.25,53.25,53.25,53.25,0.02K,0.76%,,
06/26/2020,53.5,53.5,53.5,53.5,0.01K,0.47%,,
06/29/2020,52.7,52.7,52.7,52.7,0.04K,-1.50%,,
06/30/2020,52.15,52.5,52.5,51.8,0.14K,-1.04%,,
07/01/2020,51.6,51.6,51.6,51.4,0.09K,-1.05%,,
07/02/2020,52.6,53.0,53.0,52.5,0.06K,1.94%,,
07/03/2020,52.45,52.5,52.5,52.4,0.03K,-0.29%,,
07/06/2020,52.65,52.65,52.65,52.6,0.01K,0.38%,,
07/07/2020,53.0,53.25,53.25,53.0,0.03K,0.66%,,
07/08/2020,52.55,52.5,52.5,52.5,0.04K,-0.85%,,
07/09/2020,52.4,52.55,52.55,52.55,0.03K,-0.29%,,
07/10/2020,52.4,52.4,52.4,52.35,0.02K,0.00%,,
07/13/2020,52.2,52.25,52.25,52.25,0.05K,-0.38%,,
07/14/2020,52.5,52.7,52.7,52.7,0.05K,0.57%,,
07/15/2020,52.6,52.65,52.65,52.6,0.02K,0.19%,,
07/16/2020,52.35,52.25,52.25,52.1,0.01K,-0.48%,,
07/17/2020,52.2,52.2,52.25,52.15,0.01K,-0.29%,,
07/20/2020,52.0,52.0,52.0,52.0,0.01K,-0.38%,,
07/21/2020,52.05,52.3,52.3,52.3,0.01K,0.10%,,
07/22/2020,52.1,52.1,52.1,52.1,0.01K,0.10%,,
07/23/2020,51.95,51.95,51.95,51.95,0.02K,-0.29%,,
07/24/2020,52.0,52.1,52.1,52.0,0.00K,0.10%,,
07/27/2020,52.25,52.25,52.25,52.25,0.01K,0.48%,,
07/28/2020,51.8,51.8,51.8,51.8,0.03K,-0.86%,,
07/29/2020,51.8,51.8,51.8,51.8,0.01K,0.00%,,
07/30/2020,51.9,51.9,51.9,51.9,0.00K,0.19%,,
07/31/2020,51.95,51.95,51.95,51.95,0.00K,0.10%,,
08/03/2020,52.6,52.6,52.6,52.6,0.02K,1.25%,,
08/04/2020,52.45,52.45,52.45,52.45,0.02K,-0.29%,,
08/05/2020,51.6,52.4,52.4,52.0,0.06K,-1.62%,,
08/06/2020,50.2,50.2,50.2,50.2,0.02K,-2.71%,,
08/07/2020,51.2,51.2,51.2,51.2,0.05K,1.99%,,
08/10/2020,50.5,50.5,50.5,50.5,0.01K,-1.37%,,
08/11/2020,49.9,49.5,49.5,49.5,0.01K,-1.19%,,
08/12/2020,49.5,49.85,49.85,49.85,0.01K,-0.80%,,
08/13/2020,49.9,49.85,49.9,49.85,0.00K,0.81%,,
08/14/2020,50.4,50.25,50.25,50.25,0.01K,1.00%,,
08/17/2020,50.45,50.4,50.4,50.4,0.00K,0.10%,,
08/18/2020,50.45,50.45,50.45,50.45,0.01K,0.00%,,
08/19/2020,50.25,50.25,50.25,50.25,0.03K,-0.40%,,
08/20/2020,50.1,50.1,50.1,50.1,0.03K,-0.30%,,
08/21/2020,49.8,49.8,49.8,49.8,0.02K,-0.60%,,
08/24/2020,49.7,49.7,49.7,49.7,0.01K,-0.20%,,
08/25/2020,49.75,49.75,49.75,49.75,0.03K,0.10%,,
08/26/2020,49.7,49.7,49.7,49.7,0.01K,-0.10%,,
08/27/2020,49.8,49.8,49.8,49.8,0.04K,0.20%,,
08/28/2020,49.75,49.9,49.9,49.9,0.01K,-0.10%,,
08/31/2020,51.95,51.5,51.5,51.5,0.01K,4.42%,,
09/01/2020,51.4,51.5,51.5,51.3,0.01K,-1.06%,,
09/02/2020,50.6,51.0,51.0,50.6,0.03K,-1.56%,,
09/03/2020,49.7,50.25,50.25,49.7,0.01K,-1.78%,,
09/04/2020,49.0,49.4,49.4,49.0,0.01K,-1.41%,,
09/07/2020,48.5,48.5,48.5,48.5,0.00K,-1.02%,,
09/08/2020,48.75,48.4,48.75,48.4,0.01K,0.52%,,
09/09/2020,48.8,48.85,48.85,48.85,0.01K,0.10%,,
09/10/2020,49.75,50.0,50.5,50.0,0.01K,1.95%,,
09/11/2020,50.75,50.5,51.0,50.4,0.01K,2.01%,,
09/14/2020,50.75,50.75,50.75,50.75,0.01K,0.00%,,
09/15/2020,51.0,50.75,51.0,50.7,0.01K,0.49%,,
09/16/2020,51.5,51.25,51.5,51.25,0.01K,0.98%,,
09/17/2020,51.9,51.95,52.1,51.95,0.02K,0.78%,,
09/18/2020,52.05,52.1,52.2,52.1,0.01K,0.29%,,
09/21/2020,52.45,52.3,52.65,52.3,0.01K,0.77%,,
09/22/2020,52.7,52.7,52.75,52.6,0.08K,0.48%,,
09/23/2020,52.75,52.75,52.75,52.75,0.05K,0.09%,,
09/24/2020,52.8,52.8,52.8,52.8,0.00K,0.09%,,
09/25/2020,52.8,52.8,52.8,52.8,0.00K,0.00%,,
09/28/2020,59.0,58.75,58.75,58.7,0.07K,11.74%,,
09/29/2020,58.65,58.65,58.65,58.65,0.03K,-0.59%,,
09/30/2020,58.6,58.5,58.5,58.25,0.17K,-0.09%,,
10/01/2020,58.6,58.6,58.6,58.6,0.12K,0.00%,,
10/02/2020,57.55,58.25,58.25,57.6,0.21K,-1.79%,,
10/05/2020,58.1,58.1,58.1,58.1,0.02K,0.96%,,
10/06/2020,58.1,58.1,58.1,58.1,0.01K,0.00%,,
10/07/2020,58.0,57.95,57.95,57.95,0.00K,-0.17%,,
10/08/2020,58.0,58.0,58.0,57.9,0.03K,0.00%,,
10/09/2020,57.4,57.4,57.4,57.4,0.02K,-1.03%,,
10/12/2020,56.85,56.85,56.85,56.85,0.04K,-0.96%,,
10/13/2020,54.7,55.0,55.0,54.35,0.02K,-3.78%,,
10/14/2020,55.4,55.7,55.7,55.5,0.01K,1.28%,,
10/15/2020,55.7,55.4,55.8,55.4,0.04K,0.54%,,
10/16/2020,56.3,56.25,56.25,56.25,0.11K,1.08%,,
10/19/2020,57.3,57.0,57.4,57.0,0.01K,1.78%,,
10/20/2020,57.8,57.5,57.85,57.5,0.01K,0.87%,,
10/21/2020,57.75,57.7,57.7,57.7,0.00K,-0.09%,,
10/22/2020,58.0,58.0,58.0,58.0,0.00K,0.43%,,
10/23/2020,58.0,58.0,58.0,58.0,0.01K,0.00%,,
10/26/2020,58.0,58.05,58.05,58.0,0.01K,0.00%,,
10/27/2020,58.15,58.15,58.15,58.15,0.00K,0.26%,,
10/28/2020,58.2,58.2,58.2,58.2,0.01K,0.09%,,
10/29/2020,58.2,58.2,58.2,58.2,0.02K,0.00%,,
10/30/2020,58.2,58.2,58.2,58.2,0.02K,0.00%,,
11/02/2020,59.9,59.75,59.75,59.75,0.01K,2.92%,,
11/03/2020,60.55,60.0,60.6,60.0,0.01K,1.09%,,
11/04/2020,60.6,60.5,60.5,60.5,0.00K,0.08%,,
11/05/2020,61.45,61.0,61.5,61.0,0.06K,1.40%,,
11/06/2020,61.65,61.5,61.7,61.5,0.09K,0.33%,,
11/09/2020,62.05,62.2,62.2,62.2,0.00K,0.65%,,
11/10/2020,62.3,62.3,62.3,62.3,0.01K,0.40%,,
11/11/2020,62.3,62.3,62.3,62.3,0.01K,0.00%,,
11/12/2020,62.3,62.3,62.3,62.3,0.01K,0.00%,,
11/13/2020,62.25,62.25,62.25,62.25,0.01K,-0.08%,,
11/16/2020,62.3,62.2,62.3,62.2,0.03K,0.08%,,
11/17/2020,62.4,62.3,62.3,62.3,0.01K,0.16%,,
11/18/2020,62.45,62.5,62.5,62.5,0.01K,0.08%,,
11/19/2020,62.65,62.6,62.65,62.6,0.02K,0.32%,,
11/20/2020,63.35,62.75,63.3,62.75,0.04K,1.12%,,
11/23/2020,63.4,63.4,63.4,63.4,0.01K,0.08%,,
11/24/2020,63.5,63.5,63.5,63.5,0.05K,0.16%,,
11/25/2020,63.75,63.75,63.75,63.75,0.02K,0.39%,,
11/26/2020,63.85,63.85,63.85,63.85,0.01K,0.16%,,
11/27/2020,63.9,63.9,63.9,63.9,0.02K,0.08%,,
11/30/2020,70.3,69.0,70.0,69.0,0.02K,10.02%,,
12/01/2020,70.05,70.05,70.05,70.05,0.01K,-0.36%,,
12/02/2020,71.4,71.4,71.4,71.4,0.04K,1.93%,,
12/03/2020,73.55,72.75,74.0,72.75,0.08K,3.01%,,
12/04/2020,74.25,74.25,74.25,74.25,0.01K,0.95%,,
12/07/2020,76.3,74.5,76.0,74.5,0.15K,2.76%,,
12/08/2020,75.95,75.95,75.95,75.95,0.04K,-0.46%,,
12/09/2020,76.6,76.75,76.85,76.75,0.01K,0.86%,,
12/10/2020,77.5,77.0,77.5,77.0,0.02K,1.17%,,
12/11/2020,77.7,77.95,77.95,77.95,0.01K,0.26%,,
12/14/2020,78.75,78.75,78.75,78.75,0.03K,1.35%,,
12/15/2020,79.5,79.5,79.5,79.5,0.01K,0.95%,,
12/16/2020,79.25,79.25,79.25,79.25,0.03K,-0.31%,,
12/17/2020,79.5,79.5,79.5,79.5,0.01K,0.32%,,
12/18/2020,80.0,80.0,80.0,80.0,0.01K,0.63%,,
12/21/2020,79.85,79.85,79.85,79.85,0.00K,-0.19%,,
12/22/2020,80.0,80.0,80.0,80.0,0.03K,0.19%,,
12/23/2020,79.85,79.85,79.85,79.85,0.01K,-0.19%,,
12/24/2020,79.85,79.85,79.85,79.85,,0.00%,,
12/28/2020,85.35,85.35,85.35,85.35,0.04K,6.89%,,
12/29/2020,84.2,84.5,84.5,84.5,0.03K,-1.35%,,
12/30/2020,81.6,82.5,82.5,81.5,0.08K,-3.09%,,
12/31/2020,80.5,81.3,81.3,80.5,0.02K,-1.35%,,
01/04/2021,81.2,82.25,82.25,81.25,0.13K,0.87%,,
01/05/2021,80.35,81.5,81.5,80.5,0.14K,-1.05%,,
01/06/2021,79.45,80.1,80.1,79.5,0.02K,-1.12%,,
01/07/2021,81.05,79.3,81.0,79.3,0.05K,2.01%,,
01/08/2021,84.3,82.75,84.0,82.75,0.03K,4.01%,,
01/11/2021,84.5,84.5,84.5,84.5,0.06K,0.24%,,
01/12/2021,86.5,86.5,86.5,86.5,0.09K,2.37%,,
01/13/2021,87.3,87.3,87.3,87.3,0.06K,0.92%,,
01/14/2021,87.25,87.25,87.25,87.25,0.01K,-0.06%,,
01/15/2021,87.4,87.4,87.4,87.4,0.03K,0.17%,,
01/18/2021,86.4,86.4,86.4,86.4,0.02K,-1.14%,,
01/19/2021,85.0,85.55,85.55,84.75,0.05K,-1.62%,,
01/20/2021,85.5,85.5,85.5,85.5,0.01K,0.59%,,
01/21/2021,85.5,85.5,85.5,85.5,,0.00%,,
01/22/2021,85.9,85.9,85.9,85.9,,0.47%,,
01/25/2021,85.95,85.9,85.9,85.9,0.01K,0.06%,,
01/26/2021,86.0,86.0,86.0,86.0,0.01K,0.06%,,
01/27/2021,86.2,86.25,86.25,86.25,0.02K,0.23%,,
01/28/2021,86.3,86.3,86.3,86.3,0.00K,0.12%,,
01/29/2021,86.2,86.2,86.2,86.2,,-0.12%,,
02/01/2021,85.65,89.25,89.25,88.0,0.08K,-0.64%,,
02/02/2021,85.0,85.3,85.3,85.0,0.16K,-0.76%,,
02/03/2021,83.75,85.1,85.1,83.5,0.09K,-1.47%,,
02/04/2021,84.4,84.25,84.25,84.25,0.03K,0.78%,,
02/05/2021,86.65,86.65,86.65,86.65,0.04K,2.67%,,
02/08/2021,87.5,87.5,87.5,87.5,0.00K,0.98%,,
02/09/2021,87.3,87.0,87.0,87.0,0.00K,-0.23%,,
02/10/2021,87.6,87.6,87.6,87.6,0.01K,0.34%,,
02/11/2021,87.4,87.4,87.4,87.4,0.13K,-0.23%,,
02/12/2021,87.45,87.45,87.45,87.45,0.00K,0.06%,,
02/15/2021,87.05,87.0,87.0,87.0,0.00K,-0.46%,,
02/16/2021,86.55,86.5,86.5,86.5,0.00K,-0.57%,,
02/17/2021,86.0,86.0,86.0,86.0,0.02K,-0.64%,,
02/18/2021,85.75,85.75,85.75,85.75,0.01K,-0.29%,,
02/19/2021,86.0,86.0,86.0,86.0,0.01K,0.29%,,
02/22/2021,85.75,85.75,85.75,85.75,0.00K,-0.29%,,
02/23/2021,85.5,85.5,85.5,85.5,0.01K,-0.29%,,
02/24/2021,85.5,85.5,85.5,85.5,0.01K,0.00%,,
02/25/2021,85.5,85.5,85.5,85.5,0.02K,0.00%,,
02/26/2021,85.1,85.1,85.1,85.1,0.03K,-0.47%,,
03/01/2021,85.6,84.5,86.0,84.5,0.05K,0.59%,,
03/02/2021,87.5,87.5,87.5,87.3,0.08K,2.22%,,
03/03/2021,87.95,88.0,88.0,88.0,0.00K,0.51%,,
03/04/2021,87.5,88.0,88.0,87.5,0.10K,-0.51%,,
03/05/2021,87.75,88.0,88.0,87.5,0.00K,0.29%,,
03/08/2021,88.0,87.5,88.0,87.5,0.00K,0.28%,,
03/09/2021,88.5,87.3,89.0,87.3,0.03K,0.57%,,
03/10/2021,89.0,89.0,89.0,89.0,0.01K,0.56%,,
03/11/2021,89.0,89.0,89.0,89.0,0.00K,0.00%,,
03/12/2021,90.0,90.0,90.0,90.0,0.03K,1.12%,,
03/15/2021,90.5,90.5,90.5,90.5,0.01K,0.56%,,
03/16/2021,90.5,90.5,90.5,90.5,0.03K,0.00%,,
03/17/2021,90.75,90.75,90.75,90.75,0.02K,0.28%,,
03/18/2021,91.0,91.0,91.0,91.0,0.00K,0.28%,,
03/19/2021,92.75,91.5,93.0,91.5,0.02K,1.92%,,
03/22/2021,94.0,94.0,94.0,94.0,0.01K,1.35%,,
03/23/2021,94.5,95.0,95.0,95.0,0.00K,0.53%,,
03/24/2021,94.5,94.5,94.5,94.5,0.01K,0.00%,,
03/25/2021,94.5,94.5,94.5,94.5,0.01K,0.00%,,
03/26/2021,93.95,93.95,93.95,93.95,0.00K,-0.58%,,
03/29/2021,93.0,95.25,95.25,93.25,0.09K,-1.01%,,
03/30/2021,93.85,94.0,94.0,93.8,0.07K,0.91%,,
03/31/2021,96.25,95.75,96.25,95.75,0.05K,2.56%,,
04/01/2021,96.5,97.0,97.25,96.95,0.07K,0.26%,,
04/05/2021,96.5,96.5,96.5,96.5,,0.00%,,
04/06/2021,94.85,94.85,94.85,94.85,0.08K,-1.71%,,
04/07/2021,94.7,94.6,94.6,94.6,0.08K,-0.16%,,
04/08/2021,93.8,94.0,94.0,94.0,0.09K,-0.95%,,
04/09/2021,93.1,93.5,93.5,93.0,0.15K,-0.75%,,
04/12/2021,93.3,93.3,93.3,93.3,0.04K,0.21%,,
04/13/2021,93.45,93.5,93.5,93.5,0.09K,0.16%,,
04/14/2021,93.4,93.4,93.4,93.4,0.00K,-0.05%,,
04/15/2021,93.5,93.5,93.5,93.5,0.01K,0.11%,,
04/16/2021,94.3,93.5,94.35,93.5,0.06K,0.86%,,
04/19/2021,94.35,94.35,94.35,94.35,0.02K,0.05%,,
04/20/2021,94.0,94.0,94.0,94.0,0.01K,-0.37%,,
04/21/2021,93.75,93.75,93.75,93.75,0.03K,-0.27%,,
04/22/2021,93.95,93.95,93.95,93.95,0.00K,0.21%,,
04/23/2021,93.0,93.0,93.0,93.0,0.00K,-1.01%,,
04/26/2021,93.1,93.1,93.1,93.1,0.01K,0.11%,,
04/27/2021,93.1,93.1,93.1,93.1,0.00K,0.00%,,
04/28/2021,92.9,92.9,92.9,92.9,0.00K,-0.21%,,
04/29/2021,92.9,92.9,92.9,92.9,0.01K,0.00%,,
04/30/2021,93.3,93.3,93.3,93.3,0.01K,0.43%,,
05/03/2021,92.8,92.8,92.8,92.8,,-0.54%,,
05/04/2021,93.0,93.0,93.0,93.0,0.02K,0.22%,,
05/05/2021,93.8,93.8,93.8,93.8,0.03K,0.86%,,
05/06/2021,96.05,95.15,95.25,95.15,0.00K,2.40%,,
05/07/2021,96.15,96.15,96.15,96.15,0.01K,0.10%,,
05/10/2021,97.6,97.4,97.65,97.4,0.01K,1.51%,,
05/11/2021,98.7,98.7,98.7,98.7,0.02K,1.13%,,
05/12/2021,100.0,100.0,100.0,100.0,0.03K,1.32%,,
05/13/2021,101.0,101.0,101.0,101.0,0.02K,1.00%,,
05/14/2021,99.0,99.0,99.0,99.0,0.00K,-1.98%,,
05/17/2021,98.35,98.35,98.35,98.35,0.02K,-0.66%,,
05/18/2021,99.1,99.5,99.5,99.2,0.02K,0.76%,,
05/19/2021,99.1,99.1,99.1,99.1,0.01K,0.00%,,
05/20/2021,99.75,99.75,99.75,99.75,0.02K,0.66%,,
05/21/2021,101.0,101.0,101.0,101.0,0.01K,1.25%,,
05/24/2021,103.25,101.0,103.0,101.0,0.01K,2.23%,,
05/25/2021,105.0,105.0,105.0,105.0,0.01K,1.69%,,
05/26/2021,105.1,105.0,105.0,105.0,0.00K,0.10%,,
05/27/2021,105.5,105.5,105.5,105.5,0.00K,0.38%,,
05/28/2021,106.0,106.0,106.0,106.0,0.01K,0.47%,,
05/31/2021,118.9,118.9,118.9,118.9,,12.17%,,
06/01/2021,120.5,119.0,119.0,119.0,0.00K,1.35%,,
06/02/2021,119.95,121.25,121.25,120.0,0.01K,-0.46%,,
06/03/2021,119.0,119.0,119.0,119.0,0.01K,-0.79%,,
06/04/2021,119.75,119.0,119.0,119.0,0.01K,0.63%,,
06/07/2021,121.6,121.6,121.6,121.6,0.00K,1.54%,,
06/08/2021,122.75,122.75,122.75,122.75,0.02K,0.95%,,
06/09/2021,123.7,123.7,123.7,123.7,0.01K,0.77%,,
06/10/2021,126.0,126.0,126.0,126.0,0.01K,1.86%,,
06/11/2021,127.0,127.0,127.0,127.0,0.01K,0.79%,,
06/14/2021,125.55,125.55,125.55,125.55,0.01K,-1.14%,,
06/15/2021,125.0,125.0,125.0,125.0,,-0.44%,,
06/16/2021,125.25,125.25,125.25,125.25,0.01K,0.20%,,
06/17/2021,126.0,126.0,126.0,126.0,0.01K,0.60%,,
06/18/2021,125.0,125.0,125.0,125.0,0.00K,-0.79%,,
06/21/2021,125.5,125.5,125.5,125.5,0.01K,0.40%,,
06/22/2021,127.25,127.25,127.25,127.25,0.00K,1.39%,,
06/23/2021,127.5,127.5,127.5,127.5,0.01K,0.20%,,
06/24/2021,127.5,127.5,127.5,127.5,0.02K,0.00%,,
06/25/2021,127.7,127.7,127.7,127.7,0.03K,0.16%,,
06/28/2021,128.55,130.5,130.5,128.5,0.23K,0.67%,,
06/29/2021,131.0,130.45,130.45,130.45,0.03K,1.91%,,
06/30/2021,134.7,132.5,132.5,132.5,0.07K,2.82%,,
07/01/2021,137.75,137.75,137.75,137.75,0.04K,2.26%,,
07/02/2021,139.25,139.25,139.25,139.25,0.00K,1.09%,,
07/05/2021,143.4,142.5,142.75,142.5,0.02K,2.98%,,
07/06/2021,140.75,140.75,140.75,140.75,0.06K,-1.85%,,
07/07/2021,139.55,140.0,140.0,140.0,0.05K,-0.85%,,
07/08/2021,142.25,142.0,143.0,142.0,0.11K,1.93%,,
07/09/2021,143.0,143.0,143.0,143.0,0.02K,0.53%,,
07/12/2021,142.25,142.25,142.25,142.25,0.02K,-0.52%,,
07/13/2021,144.6,144.6,144.6,144.6,0.01K,1.65%,,
07/14/2021,144.5,144.5,144.5,144.5,0.01K,-0.07%,,
07/15/2021,146.0,146.0,146.0,146.0,0.04K,1.04%,,
07/16/2021,148.1,148.1,148.1,148.1,0.01K,1.44%,,
07/19/2021,150.0,148.75,150.0,148.75,0.07K,1.28%,,
07/20/2021,149.7,150.0,150.0,150.0,0.02K,-0.20%,,
07/21/2021,149.75,149.75,149.75,149.75,,0.03%,,
07/22/2021,149.75,149.75,149.75,149.75,,0.00%,,
07/23/2021,149.75,149.75,149.75,149.75,,0.00%,,
07/26/2021,149.75,149.75,149.75,149.75,,0.00%,,
07/27/2021,149.75,149.75,149.75,149.75,,0.00%,,
07/28/2021,150.1,150.1,150.1,150.1,,0.23%,,
07/29/2021,150.0,150.0,150.0,150.0,,-0.07%,,
07/30/2021,149.75,149.75,149.75,149.75,,-0.17%,,
08/02/2021,152.55,152.75,152.75,152.75,0.08K,1.87%,,
08/03/2021,152.75,152.25,153.0,152.25,0.23K,0.13%,,
08/04/2021,154.4,152.85,154.0,152.85,0.10K,1.08%,,
08/05/2021,157.25,156.5,156.5,155.0,0.04K,1.85%,,
08/06/2021,160.95,160.0,160.95,160.0,0.01K,2.35%,,
08/09/2021,167.05,165.0,167.0,165.0,0.10K,3.79%,,
08/10/2021,167.1,167.1,167.1,167.1,,0.03%,,
08/11/2021,169.4,169.0,169.0,168.5,0.01K,1.38%,,
08/12/2021,171.25,171.25,171.25,171.25,,1.09%,,
08/13/2021,172.75,172.25,172.25,172.25,0.00K,0.88%,,
08/16/2021,173.4,173.4,173.4,173.4,0.02K,0.38%,,
08/17/2021,171.45,172.25,172.25,172.0,0.05K,-1.12%,,
08/18/2021,171.0,171.0,171.0,171.0,,-0.26%,,
08/19/2021,170.9,170.9,170.9,170.9,,-0.06%,,
08/20/2021,167.75,167.75,167.75,167.75,,-1.84%,,
08/23/2021,170.0,170.0,170.0,170.0,,1.34%,,
08/24/2021,170.0,170.0,170.0,170.0,,0.00%,,
08/25/2021,170.75,170.75,170.75,170.75,,0.44%,,
08/26/2021,171.0,171.0,171.0,171.0,,0.15%,,
08/27/2021,170.95,170.95,170.95,170.95,,-0.03%,,
08/30/2021,171.35,171.35,171.35,171.35,,0.23%,,
08/31/2021,174.25,172.0,172.0,172.0,0.00K,1.69%,,
09/01/2021,174.6,174.6,174.6,174.6,0.04K,0.20%,,
09/02/2021,177.5,177.5,177.5,177.5,,1.66%,,
09/03/2021,179.0,179.0,179.0,179.0,,0.85%,,
09/06/2021,178.0,178.0,178.0,178.0,,-0.56%,,
09/07/2021,177.2,177.2,177.2,177.2,,-0.45%,,
09/08/2021,177.35,177.35,177.35,177.35,,0.08%,,
09/09/2021,177.5,177.5,177.5,177.5,,0.08%,,
09/10/2021,177.6,177.6,177.6,177.6,,0.06%,,
09/13/2021,177.5,177.5,177.5,177.5,0.01K,-0.06%,,
09/14/2021,177.45,177.45,177.45,177.45,,-0.03%,,
09/15/2021,177.5,177.5,177.5,177.5,,0.03%,,
09/16/2021,176.0,176.0,176.0,176.0,,-0.85%,,
09/17/2021,177.5,177.5,177.5,177.5,,0.85%,,
09/20/2021,177.5,177.5,177.5,177.5,,0.00%,,
09/21/2021,179.5,179.5,179.5,179.5,,1.13%,,
09/22/2021,180.5,180.0,180.0,180.0,0.00K,0.56%,,
09/23/2021,185.9,185.9,185.9,185.9,,2.99%,,
09/24/2021,181.5,181.0,181.0,181.0,0.01K,-2.37%,,
09/27/2021,204.75,204.75,204.75,204.75,0.06K,12.81%,,
09/28/2021,207.7,210.0,210.0,210.0,0.07K,1.44%,,
09/29/2021,210.5,212.0,212.5,211.0,0.08K,1.35%,,
09/30/2021,218.0,218.0,218.0,218.0,0.04K,3.56%,,
10/01/2021,228.0,228.0,228.0,228.0,0.01K,4.59%,,
10/04/2021,240.0,228.0,240.0,228.0,0.01K,5.26%,,
10/05/2021,269.5,269.5,269.5,269.5,0.04K,12.29%,,
10/06/2021,242.0,242.0,242.0,242.0,0.07K,-10.20%,,
10/07/2021,231.9,230.0,235.0,230.0,0.13K,-4.17%,,
10/08/2021,238.6,242.5,242.75,235.0,0.07K,2.89%,,
10/11/2021,244.5,240.0,247.0,240.0,0.03K,2.47%,,
10/12/2021,242.35,242.35,242.35,242.35,,-0.88%,,
10/13/2021,243.35,247.0,247.0,243.0,0.01K,0.41%,,
10/14/2021,245.0,245.0,245.0,245.0,,0.68%,,
10/15/2021,240.0,243.0,243.0,238.0,0.11K,-2.04%,,
10/18/2021,239.35,240.0,240.0,238.0,0.00K,-0.27%,,
10/19/2021,229.9,229.9,229.9,229.9,,-3.95%,,
10/20/2021,231.5,232.0,232.0,232.0,0.01K,0.70%,,
10/21/2021,228.5,228.5,228.5,228.5,,-1.30%,,
10/22/2021,230.0,230.0,230.0,230.0,0.01K,0.66%,,
10/25/2021,226.0,226.0,226.0,226.0,,-1.74%,,
10/26/2021,223.35,223.35,223.35,223.35,,-1.17%,,
10/27/2021,223.35,223.35,223.35,223.35,,0.00%,,
10/28/2021,223.7,223.7,223.7,223.7,,0.16%,,
10/29/2021,223.45,223.45,223.45,223.45,,-0.11%,,
11/01/2021,145.0,155.0,155.0,150.0,0.01K,-35.11%,,
11/02/2021,140.9,142.5,142.5,139.0,0.05K,-2.83%,,
11/03/2021,157.5,145.0,157.3,145.0,0.24K,11.78%,,
11/04/2021,154.25,160.05,161.35,154.75,0.06K,-2.06%,,
11/05/2021,155.4,155.4,155.4,155.4,0.02K,0.75%,,
11/08/2021,163.0,161.0,163.0,161.0,0.08K,4.89%,,
11/09/2021,160.65,170.0,170.0,162.0,0.07K,-1.44%,,
11/10/2021,152.3,158.5,158.5,158.5,0.03K,-5.20%,,
11/11/2021,151.5,152.0,156.0,151.0,0.06K,-0.53%,,
11/12/2021,150.0,153.0,153.0,153.0,0.03K,-0.99%,,
11/15/2021,149.35,149.35,149.35,149.35,,-0.43%,,
11/16/2021,150.4,150.4,150.4,150.4,,0.70%,,
11/17/2021,150.15,150.15,150.15,150.15,,-0.17%,,
11/18/2021,152.5,152.5,152.5,152.5,,1.57%,,
11/19/2021,152.5,152.5,152.5,152.5,,0.00%,,
11/22/2021,154.0,154.0,154.0,154.0,,0.98%,,
11/23/2021,157.0,157.0,157.0,157.0,,1.95%,,
11/24/2021,159.0,160.0,160.0,160.0,0.00K,1.27%,,
11/25/2021,158.0,158.0,158.0,158.0,,-0.63%,,
11/26/2021,157.5,157.5,157.5,157.5,,-0.32%,,
11/29/2021,159.3,164.5,164.5,157.5,0.03K,1.14%,,
11/30/2021,152.0,158.6,158.6,152.0,0.12K,-4.58%,,
12/01/2021,157.45,157.0,157.0,157.0,0.05K,3.59%,,
12/02/2021,158.5,156.05,156.05,155.0,0.06K,0.67%,,
12/03/2021,155.25,156.0,157.0,155.25,0.12K,-2.05%,,
12/06/2021,151.25,151.25,151.25,151.25,0.01K,-2.58%,,
12/07/2021,154.1,154.1,154.1,154.1,0.03K,1.88%,,
12/08/2021,158.7,159.0,159.0,159.0,0.13K,2.99%,,
12/09/2021,160.1,165.0,165.0,161.0,0.00K,0.88%,,
12/10/2021,163.75,161.0,163.25,161.0,0.01K,2.28%,,
12/13/2021,164.25,164.25,164.25,164.25,,0.31%,,
12/14/2021,164.75,164.75,164.75,164.75,,0.30%,,
12/15/2021,164.75,164.75,164.75,164.75,,0.00%,,
12/16/2021,168.5,168.5,168.5,168.5,,2.28%,,
12/17/2021,168.0,168.0,168.0,168.0,,-0.30%,,
12/20/2021,168.15,168.15,168.15,168.15,,0.09%,,
12/21/2021,169.0,169.0,169.0,169.0,,0.51%,,
12/22/2021,169.5,169.5,169.5,169.5,,0.30%,,
12/23/2021,169.4,169.4,169.4,169.4,,-0.06%,,
12/24/2021,168.9,168.9,168.9,168.9,,-0.30%,,
12/27/2021,170.1,170.1,170.1,170.1,,0.71%,,
12/28/2021,171.0,171.0,171.0,171.0,,0.53%,,
12/29/2021,171.1,171.1,171.1,171.1,,0.06%,,
12/30/2021,170.1,170.1,170.1,170.1,,-0.58%,,
12/31/2021,169.6,169.6,169.6,169.6,,-0.29%,,
01/03/2022,157.5,157.5,157.5,157.5,0.00K,-7.13%,,
01/04/2022,174.1,172.0,174.0,171.0,0.27K,10.54%,,
01/05/2022,179.9,180.0,180.0,180.0,0.02K,3.33%,,
01/06/2022,196.5,190.0,193.0,189.25,0.48K,9.23%,,
01/07/2022,195.9,195.0,195.0,195.0,0.73K,-0.31%,,
01/10/2022,196.5,203.0,205.0,203.0,0.08K,0.31%,,
01/11/2022,197.1,197.0,198.0,197.0,0.09K,0.31%,,
01/12/2022,203.0,205.0,205.0,205.0,0.04K,2.99%,,
01/13/2022,211.5,209.5,209.5,209.5,0.01K,4.19%,,
01/14/2022,216.75,220.0,220.0,220.0,0.01K,2.48%,,
01/17/2022,220.5,220.5,220.5,220.5,0.01K,1.73%,,
01/18/2022,221.0,221.0,221.0,221.0,0.01K,0.23%,,
01/19/2022,223.1,223.1,223.1,223.1,0.02K,0.95%,,
01/20/2022,225.65,226.0,226.0,226.0,0.00K,1.14%,,
01/21/2022,224.6,225.0,226.0,225.0,0.00K,-0.47%,,
01/24/2022,225.25,225.25,225.25,225.25,0.00K,0.29%,,
01/25/2022,227.3,227.3,227.3,227.3,,0.91%,,
01/26/2022,227.8,227.8,227.8,227.8,,0.22%,,
01/27/2022,227.6,227.6,227.6,227.6,0.00K,-0.09%,,
01/28/2022,227.65,227.65,227.65,227.65,,0.02%,,
01/31/2022,222.75,222.75,222.75,222.75,0.07K,-2.15%,,
02/01/2022,218.1,210.0,210.5,210.0,0.08K,-2.09%,,
02/02/2022,220.1,220.0,220.0,220.0,0.06K,0.92%,,
02/03/2022,221.0,221.0,221.0,221.0,0.04K,0.41%,,
02/04/2022,227.3,223.0,227.0,223.0,0.04K,2.85%,,
02/07/2022,236.0,231.0,236.0,231.0,0.07K,3.83%,,
02/08/2022,239.25,239.0,241.0,239.0,0.00K,1.38%,,
02/09/2022,239.25,242.0,242.0,235.0,0.02K,0.00%,,
02/10/2022,239.1,239.1,239.1,239.1,,-0.06%,,
02/11/2022,245.0,245.0,245.0,245.0,,2.47%,,
02/14/2022,240.0,243.5,243.5,240.0,0.01K,-2.04%,,
02/15/2022,239.0,239.0,239.0,239.0,0.01K,-0.42%,,
02/16/2022,235.5,236.0,236.0,236.0,0.00K,-1.46%,,
02/17/2022,232.4,234.5,234.5,234.5,0.00K,-1.32%,,
02/18/2022,232.35,232.5,232.5,232.5,0.00K,-0.02%,,
02/21/2022,233.85,233.85,233.85,233.85,,0.65%,,
02/22/2022,236.25,236.5,236.5,235.0,0.01K,1.03%,,
02/23/2022,237.7,238.0,238.0,238.0,0.04K,0.61%,,
02/24/2022,239.5,239.0,239.25,239.0,0.01K,0.76%,,
02/25/2022,238.6,239.0,239.0,239.0,0.00K,-0.38%,,
02/28/2022,274.5,262.5,286.0,262.5,0.14K,15.05%,,
03/01/2022,313.0,299.0,301.0,299.0,0.12K,14.03%,,
03/02/2022,440.0,400.0,400.0,400.0,0.08K,40.58%,,
03/03/2022,370.0,370.0,370.0,370.0,0.09K,-15.91%,,
03/04/2022,418.75,400.0,435.0,400.0,0.06K,13.18%,,
03/07/2022,422.65,422.65,422.65,422.65,,0.93%,,
03/08/2022,423.15,415.0,415.0,405.0,0.03K,0.12%,,
03/09/2022,420.65,425.0,425.0,415.0,0.07K,-0.59%,,
03/10/2022,373.35,380.0,380.0,380.0,0.36K,-11.24%,,
03/11/2022,368.65,368.0,376.0,366.0,0.12K,-1.26%,,
03/14/2022,361.75,361.75,361.75,361.75,0.04K,-1.87%,,
03/15/2022,346.0,361.5,361.5,361.5,0.03K,-4.35%,,
03/16/2022,340.0,351.0,351.0,340.0,0.04K,-1.73%,,
03/17/2022,337.25,337.25,337.25,337.25,0.01K,-0.81%,,
03/18/2022,336.0,335.0,335.0,334.5,0.03K,-0.37%,,
03/21/2022,329.4,329.4,329.4,329.4,,-1.96%,,
03/22/2022,328.9,330.0,330.0,330.0,0.01K,-0.15%,,
03/23/2022,325.35,325.0,325.0,325.0,0.01K,-1.08%,,
03/24/2022,326.65,326.65,326.65,326.65,,0.40%,,
03/25/2022,327.15,327.15,327.15,327.15,,0.15%,,
03/28/2022,259.75,261.0,261.0,261.0,0.04K,-20.60%,,
03/29/2022,253.4,258.0,258.0,258.0,0.18K,-2.44%,,
03/30/2022,260.0,261.0,261.0,259.0,0.02K,2.60%,,
03/31/2022,259.0,261.0,264.0,261.0,0.01K,-0.38%,,
04/01/2022,258.75,258.75,258.75,258.75,0.05K,-0.10%,,
04/04/2022,264.0,264.0,264.0,264.0,0.01K,2.03%,,
04/05/2022,281.0,281.0,281.0,281.0,0.07K,6.44%,,
04/06/2022,286.5,286.5,286.5,286.5,0.06K,1.96%,,
04/07/2022,281.65,296.0,296.0,285.0,0.10K,-1.69%,,
04/08/2022,291.6,291.6,291.6,291.6,0.04K,3.53%,,
04/11/2022,290.65,292.0,292.0,292.0,0.04K,-0.33%,,
04/12/2022,309.1,300.0,303.5,300.0,0.06K,6.35%,,
04/13/2022,312.0,312.0,312.0,312.0,0.04K,0.94%,,
04/14/2022,309.1,314.0,314.0,314.0,0.01K,-0.93%,,
04/18/2022,309.1,309.1,309.1,309.1,,0.00%,,
04/19/2022,321.0,321.0,321.0,321.0,0.03K,3.85%,,
04/20/2022,326.35,326.35,326.35,326.35,0.01K,1.67%,,
04/21/2022,331.1,333.0,333.0,331.0,0.04K,1.46%,,
04/22/2022,327.1,326.0,326.0,326.0,0.01K,-1.21%,,
04/25/2022,328.6,328.5,328.5,328.5,0.05K,0.46%,,
04/26/2022,325.0,325.0,325.0,325.0,0.04K,-1.10%,,
04/27/2022,326.05,326.05,326.05,326.05,,0.32%,,
04/28/2022,326.95,326.05,326.05,326.05,0.01K,0.28%,,
04/29/2022,326.6,326.3,326.3,326.3,0.01K,-0.11%,,
05/02/2022,299.8,299.8,299.8,299.8,,-8.21%,,
05/03/2022,326.6,325.0,325.0,325.0,0.08K,8.94%,,
05/04/2022,360.35,355.0,355.0,355.0,0.10K,10.33%,,
05/05/2022,374.35,374.35,374.35,374.35,0.04K,3.89%,,
05/06/2022,379.5,379.5,379.5,379.5,0.02K,1.38%,,
05/09/2022,377.0,378.0,379.5,374.0,0.04K,-0.66%,,
05/10/2022,377.45,377.5,377.5,377.5,0.07K,0.12%,,
05/11/2022,385.85,385.0,385.0,385.0,0.03K,2.23%,,
05/12/2022,391.5,391.5,391.5,391.5,0.01K,1.46%,,
05/13/2022,392.85,393.0,393.0,393.0,0.03K,0.34%,,
05/16/2022,402.5,402.5,402.5,402.5,,2.46%,,
05/17/2022,413.65,414.0,414.0,414.0,0.02K,2.77%,,
05/18/2022,412.0,416.0,419.25,412.0,0.15K,-0.40%,,
05/19/2022,412.1,412.1,412.1,412.1,,0.02%,,
05/20/2022,417.25,417.25,417.25,417.25,0.04K,1.25%,,
05/23/2022,416.0,416.0,416.0,416.0,,-0.30%,,
05/24/2022,408.0,408.0,408.0,408.0,0.00K,-1.92%,,
05/25/2022,404.65,400.0,400.0,400.0,0.02K,-0.82%,,
05/26/2022,403.0,403.0,403.0,403.0,0.03K,-0.41%,,
05/27/2022,406.65,406.65,406.65,406.65,0.00K,0.91%,,
05/30/2022,401.0,390.0,401.0,390.0,0.06K,-1.39%,,
05/31/2022,427.0,406.0,428.0,406.0,0.03K,6.48%,,
06/01/2022,412.0,415.0,418.0,412.0,0.01K,-3.51%,,
06/02/2022,412.5,412.5,412.5,412.5,,0.12%,,
06/03/2022,412.5,412.5,412.5,412.5,,0.00%,,
06/06/2022,415.25,415.25,415.25,415.25,,0.67%,,
06/07/2022,397.0,408.0,408.0,403.0,0.03K,-4.39%,,
06/08/2022,395.4,402.0,402.0,395.0,0.03K,-0.40%,,
06/09/2022,396.0,400.0,400.0,395.0,0.05K,0.15%,,
06/10/2022,392.35,394.0,395.0,392.0,0.01K,-0.92%,,
06/13/2022,390.35,390.35,390.35,390.35,0.01K,-0.51%,,
06/14/2022,383.5,383.0,383.0,383.0,0.01K,-1.75%,,
06/15/2022,386.35,386.35,386.35,386.35,,0.74%,,
06/16/2022,387.35,395.0,395.0,395.0,0.01K,0.26%,,
06/17/2022,389.35,389.35,389.35,389.35,,0.52%,,
06/20/2022,392.75,392.75,392.75,392.75,,0.87%,,
06/21/2022,390.0,390.0,390.0,390.0,0.01K,-0.70%,,
06/22/2022,392.0,392.0,392.0,392.0,,0.51%,,
06/23/2022,397.5,395.0,395.0,395.0,0.01K,1.40%,,
06/24/2022,397.0,397.0,397.0,397.0,,-0.13%,,
06/27/2022,392.45,389.0,395.0,389.0,0.02K,-1.15%,,
06/28/2022,393.5,385.0,394.0,385.0,0.02K,0.27%,,
06/29/2022,380.0,389.0,390.0,380.0,0.04K,-3.43%,,
06/30/2022,385.95,380.0,390.0,380.0,0.01K,1.57%,,
07/01/2022,388.0,388.0,388.0,388.0,0.01K,0.53%,,
07/04/2022,396.45,396.45,396.45,396.45,0.00K,2.18%,,
07/05/2022,397.6,397.6,397.6,397.6,,0.29%,,
07/06/2022,399.7,399.7,399.7,399.7,,0.53%,,
07/07/2022,410.0,410.0,410.0,410.0,0.02K,2.58%,,
07/08/2022,413.75,411.0,412.0,411.0,0.02K,0.91%,,
07/11/2022,419.0,419.0,419.0,419.0,0.00K,1.27%,,
07/12/2022,426.0,426.0,426.0,426.0,0.01K,1.67%,,
07/13/2022,430.0,432.0,432.0,432.0,0.01K,0.94%,,
07/14/2022,416.35,415.0,415.0,415.0,0.01K,-3.17%,,
07/15/2022,406.55,410.0,410.0,410.0,0.00K,-2.35%,,
07/18/2022,396.05,396.05,396.05,396.05,0.00K,-2.58%,,
07/19/2022,399.65,399.0,399.0,399.0,0.00K,0.91%,,
07/20/2022,408.6,408.6,408.6,408.6,,2.24%,,
07/21/2022,403.4,403.4,403.4,403.4,,-1.27%,,
07/22/2022,409.2,409.2,409.2,409.2,,1.44%,,
07/25/2022,410.25,410.25,410.25,410.25,,0.26%,,
07/26/2022,414.0,414.0,414.0,414.0,,0.91%,,
07/27/2022,411.5,411.5,411.5,411.5,,-0.60%,,
07/28/2022,411.4,411.4,411.4,411.4,,-0.02%,,
07/29/2022,407.9,407.9,407.9,407.9,,-0.85%,,
08/01/2022,405.0,405.0,405.0,405.0,,-0.71%,,
08/02/2022,403.5,403.5,403.5,403.5,,-0.37%,,
08/03/2022,393.5,393.5,393.5,393.5,0.01K,-2.48%,,
08/04/2022,385.0,390.0,390.0,390.0,0.02K,-2.16%,,
08/05/2022,361.0,361.0,361.0,361.0,0.05K,-6.23%,,
08/08/2022,371.0,371.0,371.0,371.0,0.02K,2.77%,,
08/09/2022,384.5,384.5,384.5,384.5,,3.64%,,
08/10/2022,398.65,398.65,398.65,398.65,,3.68%,,
08/11/2022,401.0,401.0,401.0,401.0,,0.59%,,
08/12/2022,407.65,407.65,407.65,407.65,,1.66%,,
08/15/2022,407.5,407.5,407.5,407.5,,-0.04%,,
08/16/2022,405.0,405.0,405.0,405.0,,-0.61%,,
08/17/2022,413.9,413.9,413.9,413.9,,2.20%,,
08/18/2022,413.9,413.9,413.9,413.9,,0.00%,,
08/19/2022,416.25,416.25,416.25,416.25,,0.57%,,
08/22/2022,418.35,418.35,418.35,418.35,,0.50%,,
08/23/2022,417.6,417.6,417.6,417.6,,-0.18%,,
08/24/2022,412.6,412.6,412.6,412.6,,-1.20%,,
08/25/2022,417.5,417.5,417.5,417.5,,1.19%,,
08/26/2022,417.4,417.4,417.4,417.4,,-0.02%,,
08/29/2022,422.75,422.75,422.75,422.75,,1.28%,,
08/30/2022,414.55,414.55,414.55,414.55,0.01K,-1.94%,,
08/31/2022,425.0,425.0,425.0,425.0,,2.52%,,
09/01/2022,427.35,427.35,427.35,427.35,,0.55%,,
09/02/2022,435.0,435.0,435.0,435.0,,1.79%,,
09/05/2022,457.8,457.8,457.8,457.8,0.01K,5.24%,,
09/06/2022,450.25,450.25,450.25,450.25,0.00K,-1.65%,,
09/07/2022,439.0,439.0,439.0,439.0,0.02K,-2.50%,,
09/08/2022,440.35,430.0,440.0,430.0,0.02K,0.31%,,
09/09/2022,435.25,435.25,435.25,435.25,,-1.16%,,
09/12/2022,437.5,437.0,437.0,436.0,0.04K,0.52%,,
09/13/2022,439.35,436.5,438.0,436.5,0.03K,0.42%,,
09/14/2022,444.2,444.2,444.2,444.2,0.00K,1.10%,,
09/15/2022,445.5,445.5,445.5,445.5,,0.29%,,
09/16/2022,439.0,439.0,439.0,439.0,0.00K,-1.46%,,
09/19/2022,439.05,439.05,439.05,439.05,,0.01%,,
09/20/2022,441.3,441.3,441.3,441.3,0.01K,0.51%,,
09/21/2022,444.5,440.0,440.0,440.0,0.02K,0.73%,,
09/22/2022,435.65,435.65,435.65,435.65,0.00K,-1.99%,,
09/23/2022,435.2,435.2,435.2,435.2,,-0.10%,,
09/26/2022,438.0,438.0,438.0,438.0,,0.64%,,
09/27/2022,437.65,437.65,437.65,437.65,,-0.08%,,
09/28/2022,436.0,436.0,436.0,436.0,,-0.38%,,
09/29/2022,435.75,435.75,435.75,435.75,,-0.06%,,
09/30/2022,433.7,433.7,433.7,433.7,,-0.47%,,
10/03/2022,401.5,399.0,399.0,399.0,0.07K,-7.42%,,
10/04/2022,404.0,404.0,404.0,404.0,0.01K,0.62%,,
10/05/2022,396.25,396.25,396.25,396.25,0.01K,-1.92%,,
10/06/2022,400.0,400.0,400.0,400.0,0.09K,0.95%,,
10/07/2022,385.8,385.0,385.0,385.0,0.02K,-3.55%,,
10/10/2022,386.5,386.5,386.5,386.5,0.01K,0.18%,,
10/11/2022,391.15,391.15,391.15,391.15,0.04K,1.20%,,
10/12/2022,403.0,405.0,405.0,405.0,0.04K,3.03%,,
10/13/2022,393.5,397.0,397.0,397.0,0.02K,-2.36%,,
10/14/2022,392.5,392.5,392.5,392.5,0.01K,-0.25%,,
10/17/2022,392.15,392.15,392.15,392.15,,-0.09%,,
10/18/2022,387.85,387.85,387.85,387.85,0.01K,-1.10%,,
10/19/2022,391.0,391.0,391.0,391.0,0.01K,0.81%,,
10/20/2022,391.95,391.95,391.95,391.95,0.01K,0.24%,,
10/21/2022,390.0,390.0,390.0,390.0,,-0.50%,,
10/24/2022,390.0,390.0,390.0,390.0,,0.00%,,
10/25/2022,388.15,388.15,388.15,388.15,0.06K,-0.47%,,
10/26/2022,386.5,386.5,386.5,386.5,0.03K,-0.43%,,
10/27/2022,385.6,385.6,385.6,385.6,,-0.23%,,
10/28/2022,385.7,385.7,385.7,385.7,,0.03%,,
10/31/2022,356.3,362.5,362.5,355.5,0.01K,-7.62%,,
11/01/2022,359.0,359.0,359.0,359.0,0.07K,0.76%,,
11/02/2022,361.0,361.0,361.0,361.0,,0.56%,,
11/03/2022,351.0,354.0,354.0,354.0,0.06K,-2.77%,,
11/04/2022,349.5,349.5,349.5,349.5,0.02K,-0.43%,,
11/07/2022,344.9,347.0,347.0,345.0,0.11K,-1.32%,,
11/08/2022,339.0,340.0,340.0,338.5,0.04K,-1.71%,,
11/09/2022,324.75,329.0,330.0,329.0,0.05K,-4.20%,,
11/10/2022,324.25,325.0,325.0,325.0,0.03K,-0.15%,,
11/11/2022,326.8,326.8,326.8,326.8,0.01K,0.79%,,
11/14/2022,330.35,330.35,330.35,330.35,,1.09%,,
11/15/2022,341.0,341.0,341.0,341.0,0.01K,3.22%,,
11/16/2022,332.55,332.55,332.55,332.55,0.02K,-2.48%,,
11/17/2022,334.6,334.6,334.6,334.6,0.02K,0.62%,,
11/18/2022,343.45,343.45,343.45,343.45,0.01K,2.64%,,
11/21/2022,351.0,351.0,351.0,351.0,,2.20%,,
11/22/2022,347.15,347.15,347.15,347.15,,-1.10%,,
11/23/2022,346.45,346.45,346.45,346.45,,-0.20%,,
11/24/2022,347.35,347.75,347.75,347.75,0.01K,0.26%,,
11/25/2022,349.4,362.0,362.0,362.0,,0.59%,,
11/28/2022,379.0,380.0,380.0,380.0,0.01K,8.47%,,
11/29/2022,387.4,390.0,390.0,390.0,0.03K,2.22%,,
11/30/2022,398.5,397.0,397.0,397.0,0.06K,2.87%,,
12/01/2022,385.0,385.0,385.0,385.0,0.01K,-3.39%,,
12/02/2022,391.0,391.0,391.0,391.0,,1.56%,,
12/05/2022,400.5,405.0,405.0,400.0,0.01K,2.43%,,
12/06/2022,408.8,408.8,408.8,408.8,0.01K,2.07%,,
12/07/2022,405.65,405.0,405.0,405.0,0.01K,-0.77%,,
12/08/2022,395.5,395.5,395.5,395.5,0.01K,-2.50%,,
12/09/2022,402.5,405.0,405.0,400.0,0.03K,1.77%,,
12/12/2022,400.25,401.0,401.0,401.0,0.00K,-0.56%,,
12/13/2022,404.5,405.0,405.0,405.0,0.02K,1.06%,,
12/14/2022,404.0,404.0,404.0,404.0,0.04K,-0.12%,,
12/15/2022,401.9,403.0,403.0,403.0,0.01K,-0.52%,,
12/16/2022,403.0,405.0,405.0,405.0,0.10K,0.27%,,
12/19/2022,401.35,401.35,401.35,401.35,,-0.41%,,
12/20/2022,400.05,400.05,400.05,400.05,,-0.32%,,
12/21/2022,401.4,401.4,401.4,401.4,0.01K,0.34%,,
12/22/2022,400.65,400.65,400.65,400.65,,-0.19%,,
12/23/2022,401.1,401.1,401.1,401.1,,0.11%,,
12/27/2022,400.5,400.5,400.5,400.5,,-0.15%,,
12/28/2022,402.1,402.5,402.5,402.5,0.00K,0.40%,,
12/29/2022,404.15,404.15,404.15,404.15,,0.51%,,
12/30/2022,404.15,390.0,390.0,390.0,,0.00%,,
01/03/2023,393.1,396.0,396.0,392.0,0.14K,-2.73%,,
01/04/2023,394.55,390.0,395.0,390.0,0.03K,0.37%,,
01/05/2023,397.5,395.0,399.0,395.0,0.09K,0.75%,,
01/06/2023,396.15,400.0,400.0,400.0,0.03K,-0.34%,,
01/09/2023,393.85,397.0,397.0,395.0,0.13K,-0.58%,,
01/10/2023,390.45,395.0,395.0,393.0,0.05K,-0.86%,,
01/11/2023,370.0,385.0,385.0,380.0,0.12K,-5.24%,,
01/12/2023,377.5,377.0,377.0,377.0,0.16K,2.03%,,
01/13/2023,370.25,370.25,370.25,370.25,0.03K,-1.92%,,
01/16/2023,368.75,370.0,370.0,370.0,0.06K,-0.41%,,
01/17/2023,369.25,369.25,369.25,369.25,0.00K,0.14%,,
01/18/2023,368.0,368.0,368.0,368.0,,-0.34%,,
01/19/2023,363.5,363.5,363.5,363.5,0.00K,-1.22%,,
01/20/2023,350.95,350.95,350.95,350.95,,-3.45%,,
01/23/2023,360.0,360.0,360.0,360.0,0.00K,2.58%,,
01/24/2023,359.6,359.6,359.6,359.6,0.02K,-0.11%,,
01/25/2023,354.0,354.0,354.0,354.0,0.01K,-1.56%,,
01/26/2023,355.6,355.6,355.6,355.6,,0.45%,,
01/27/2023,358.1,265.0,265.0,265.0,,0.70%,,
01/30/2023,265.35,266.0,266.0,262.0,0.01K,-25.90%,,
01/31/2023,251.75,262.0,262.0,262.0,0.03K,-5.13%,,
02/01/2023,247.0,247.0,247.0,247.0,0.03K,-1.89%,,
02/02/2023,244.65,245.0,245.0,245.0,0.01K,-0.95%,,
02/03/2023,236.0,236.0,236.0,236.0,0.01K,-3.54%,,
02/06/2023,252.0,235.0,235.0,235.0,0.01K,6.78%,,
02/07/2023,255.65,257.0,265.0,254.0,0.04K,1.45%,,
02/08/2023,239.35,239.35,239.35,239.35,,-6.38%,,
02/09/2023,225.5,238.0,238.0,225.0,0.03K,-5.79%,,
02/10/2023,226.1,219.0,219.0,218.0,0.03K,0.27%,,
02/13/2023,221.0,221.0,221.0,221.0,,-2.26%,,
02/14/2023,219.5,219.5,219.5,219.5,0.01K,-0.68%,,
02/15/2023,219.9,219.9,219.9,219.9,0.01K,0.18%,,
02/16/2023,214.0,214.0,214.0,214.0,0.03K,-2.68%,,
02/17/2023,209.35,209.35,209.35,209.35,,-2.17%,,
02/20/2023,205.65,205.65,205.65,205.65,,-1.77%,,
02/21/2023,208.5,209.0,209.0,209.0,0.03K,1.39%,,
02/22/2023,209.65,209.65,209.65,209.65,0.00K,0.55%,,
02/23/2023,210.1,210.1,210.1,210.1,,0.21%,,
02/24/2023,209.2,204.5,204.5,204.5,,-0.43%,,
02/27/2023,196.5,195.0,197.0,195.0,0.07K,-6.07%,,
02/28/2023,192.85,192.85,192.85,192.85,0.07K,-1.86%,,
03/01/2023,193.5,192.0,192.0,192.0,0.08K,0.34%,,
03/02/2023,193.0,193.0,193.0,193.0,0.04K,-0.26%,,
03/03/2023,188.9,187.15,187.15,187.15,0.00K,-2.12%,,
03/06/2023,181.75,182.0,182.0,182.0,0.00K,-3.79%,,
03/07/2023,179.25,181.0,181.0,180.0,0.00K,-1.38%,,
03/08/2023,179.5,182.0,182.0,182.0,0.00K,0.14%,,
03/09/2023,180.0,180.0,180.0,180.0,,0.28%,,
03/10/2023,185.25,185.25,185.25,185.25,,2.92%,,
03/13/2023,182.9,182.9,182.9,182.9,0.01K,-1.27%,,
03/14/2023,180.0,180.0,180.0,180.0,0.01K,-1.59%,,
03/15/2023,175.0,175.0,178.5,175.0,0.01K,-2.78%,,
03/16/2023,174.0,174.0,174.0,174.0,0.01K,-0.57%,,
03/17/2023,173.0,173.0,173.0,173.0,0.00K,-0.57%,,
03/20/2023,172.25,173.0,173.0,173.0,0.01K,-0.43%,,
03/21/2023,174.0,174.0,174.0,174.0,,1.02%,,
03/22/2023,176.55,176.55,176.55,176.55,,1.47%,,
03/23/2023,176.65,176.65,176.65,176.65,,0.06%,,
03/24/2023,175.35,175.35,175.35,175.35,,-0.74%,,
03/27/2023,176.25,176.25,176.25,176.25,,0.51%,,
03/28/2023,176.5,176.5,176.5,176.5,,0.14%,,
03/29/2023,176.6,176.6,176.6,176.6,,0.06%,,
03/30/2023,176.75,176.75,176.75,176.75,,0.08%,,
03/31/2023,177.25,177.25,177.25,177.25,,0.28%,,
04/03/2023,200.0,197.0,198.0,197.0,0.01K,12.83%,,
04/04/2023,192.65,192.65,192.65,192.65,0.02K,-3.68%,,
04/05/2023,198.0,198.0,198.0,198.0,0.03K,2.78%,,
04/06/2023,193.75,193.75,193.75,193.75,,-2.15%,,
04/10/2023,193.75,193.75,193.75,193.75,,0.00%,,
04/11/2023,194.15,194.15,194.15,194.15,0.01K,0.21%,,
04/12/2023,194.6,194.6,194.6,194.6,0.01K,0.23%,,
04/13/2023,190.75,190.75,190.75,190.75,,-1.98%,,
04/14/2023,188.0,188.0,188.0,188.0,0.02K,-1.44%,,
04/17/2023,187.0,187.0,187.0,187.0,0.00K,-0.53%,,
04/18/2023,188.3,188.3,188.3,188.3,,0.70%,,
04/19/2023,192.5,192.5,192.5,192.5,0.00K,2.23%,,
04/20/2023,191.75,191.75,191.75,191.75,0.00K,-0.39%,,
04/21/2023,190.35,190.35,190.35,190.35,,-0.73%,,
04/24/2023,190.0,190.0,190.0,190.0,,-0.18%,,
04/25/2023,189.05,189.05,189.05,189.05,,-0.50%,,
04/26/2023,190.15,190.15,190.15,190.15,,0.58%,,
04/27/2023,189.95,189.95,189.95,189.95,,-0.11%,,
04/28/2023,189.7,189.7,189.7,189.7,,-0.13%,,
05/01/2023,185.15,185.15,185.15,185.15,,-2.40%,,
05/02/2023,187.55,187.55,187.55,187.55,,1.30%,,
05/03/2023,180.6,180.6,180.6,180.6,0.01K,-3.71%,,
05/04/2023,170.65,178.2,178.2,178.2,0.06K,-5.51%,,
05/05/2023,169.65,169.65,169.65,169.65,0.01K,-0.59%,,
05/08/2023,169.65,169.65,169.65,169.65,,0.00%,,
05/09/2023,169.0,169.0,169.0,169.0,,-0.38%,,
05/10/2023,166.95,166.95,166.95,166.95,0.01K,-1.21%,,
05/11/2023,163.0,163.0,163.0,163.0,0.01K,-2.37%,,
05/12/2023,164.9,166.5,166.5,166.5,0.09K,1.17%,,
05/15/2023,163.75,163.75,163.75,163.75,0.02K,-0.70%,,
05/16/2023,163.8,163.8,163.8,163.8,0.01K,0.03%,,
05/17/2023,165.25,165.25,165.25,165.25,0.01K,0.89%,,
05/18/2023,159.35,159.35,159.35,159.35,0.03K,-3.57%,,
05/19/2023,162.25,162.25,162.25,162.25,,1.82%,,
05/22/2023,160.35,160.35,160.35,160.35,,-1.17%,,
05/23/2023,160.0,160.0,160.0,160.0,,-0.22%,,
05/24/2023,160.25,160.25,160.25,160.25,0.00K,0.16%,,
05/25/2023,160.0,160.0,160.0,160.0,,-0.16%,,
05/26/2023,160.0,160.0,160.0,160.0,,0.00%,,
05/29/2023,140.65,140.65,140.65,140.65,,-12.09%,,
05/30/2023,135.1,135.1,135.1,135.1,,-3.95%,,
05/31/2023,135.0,138.0,138.0,138.0,0.01K,-0.07%,,
06/01/2023,130.15,130.15,130.15,130.15,0.01K,-3.59%,,
06/02/2023,131.0,131.0,131.0,131.0,0.02K,0.65%,,
06/05/2023,137.75,137.75,137.75,137.75,,5.15%,,
06/06/2023,134.45,134.45,134.45,134.45,0.04K,-2.40%,,
06/07/2023,136.0,136.0,136.0,136.0,,1.15%,,
06/08/2023,136.25,136.25,136.25,136.25,,0.18%,,
06/09/2023,135.7,135.7,135.7,135.7,0.01K,-0.40%,,
06/12/2023,134.0,134.0,134.0,134.0,,-1.25%,,
06/13/2023,132.25,132.25,132.25,132.25,0.05K,-1.31%,,
06/14/2023,132.0,132.0,132.0,132.0,,-0.19%,,
06/15/2023,135.95,135.95,135.95,135.95,,2.99%,,
06/16/2023,128.45,128.45,128.45,128.45,0.03K,-5.52%,,
06/19/2023,128.35,128.35,128.35,128.35,,-0.08%,,
06/20/2023,126.55,126.55,126.55,126.55,0.02K,-1.40%,,
06/21/2023,124.15,124.15,124.15,124.15,0.01K,-1.90%,,
06/22/2023,125.75,125.75,125.75,125.75,,1.29%,,
06/23/2023,125.5,125.5,125.5,125.5,,-0.20%,,
06/26/2023,125.5,125.5,125.5,125.5,,0.00%,,
06/27/2023,127.9,127.9,127.9,127.9,,1.91%,,
06/28/2023,127.9,127.9,127.9,127.9,,0.00%,,
06/29/2023,127.9,127.9,127.9,127.9,,0.00%,,
06/30/2023,128.05,128.05,128.05,128.05,,0.12%,,
07/03/2023,148.05,145.0,145.0,145.0,0.02K,15.62%,,
07/04/2023,143.15,142.5,142.5,142.5,0.15K,-3.31%,,
07/05/2023,144.8,144.8,144.8,144.8,0.03K,1.15%,,
07/06/2023,139.65,140.0,140.0,140.0,0.02K,-3.56%,,
07/07/2023,138.0,138.0,138.0,138.0,,-1.18%,,
07/10/2023,133.7,133.7,133.7,133.7,,-3.12%,,
07/11/2023,131.0,131.0,131.0,131.0,0.01K,-2.02%,,
07/12/2023,129.05,129.05,129.05,129.05,,-1.49%,,
07/13/2023,128.0,128.0,128.0,128.0,0.02K,-0.81%,,
07/14/2023,131.65,131.65,131.65,131.65,0.03K,2.85%,,
07/17/2023,131.1,131.1,131.1,131.1,0.01K,-0.42%,,
07/18/2023,134.35,134.35,134.35,134.35,0.01K,2.48%,,
07/19/2023,132.0,131.0,131.0,131.0,0.02K,-1.75%,,
07/20/2023,132.0,132.0,132.0,132.0,,0.00%,,
07/21/2023,133.0,133.0,133.0,133.0,,0.76%,,
07/24/2023,133.1,133.1,133.1,133.1,,0.08%,,
07/25/2023,134.0,134.0,134.0,134.0,,0.68%,,
07/26/2023,134.0,134.0,134.0,134.0,0.01K,0.00%,,
07/27/2023,134.0,134.0,134.0,134.0,,0.00%,,
07/28/2023,134.45,139.0,139.0,139.0,,0.34%,,
07/31/2023,137.3,137.3,137.3,137.3,0.02K,2.12%,,
08/01/2023,134.35,135.0,135.0,135.0,0.06K,-2.15%,,
08/02/2023,133.5,134.0,134.0,134.0,0.00K,-0.63%,,
08/03/2023,136.85,136.85,136.85,136.85,0.02K,2.51%,,
08/04/2023,137.0,136.0,136.0,136.0,0.01K,0.11%,,
08/07/2023,141.1,141.1,141.1,141.1,0.01K,2.99%,,
08/08/2023,142.5,142.5,142.5,142.5,0.05K,0.99%,,
08/09/2023,142.5,142.5,142.5,142.5,0.02K,0.00%,,
08/10/2023,143.0,143.0,143.0,143.0,,0.35%,,
08/11/2023,144.0,144.0,144.0,144.0,,0.70%,,
08/14/2023,146.5,146.5,146.5,146.5,,1.74%,,
08/15/2023,147.15,147.15,147.15,147.15,,0.44%,,
08/16/2023,147.5,147.5,147.5,147.5,,0.24%,,
08/17/2023,147.0,147.0,147.0,147.0,,-0.34%,,
08/18/2023,149.5,149.5,149.5,149.5,,1.70%,,
08/21/2023,149.25,149.25,149.25,149.25,,-0.17%,,
08/22/2023,150.0,150.0,150.0,150.0,,0.50%,,
08/23/2023,150.0,150.0,150.0,150.0,,0.00%,,
08/24/2023,149.0,149.0,149.0,149.0,0.00K,-0.67%,,
08/25/2023,149.4,149.4,149.4,149.4,,0.27%,,
08/28/2023,159.75,158.5,158.5,158.5,0.00K,6.93%,,
08/29/2023,159.5,158.5,158.5,158.5,0.09K,-0.16%,,
08/30/2023,156.0,156.0,156.0,156.0,0.08K,-2.19%,,
08/31/2023,156.0,156.0,156.0,156.0,0.03K,0.00%,,
09/01/2023,156.25,156.25,156.25,156.25,0.02K,0.16%,,
09/04/2023,156.55,156.55,156.55,156.55,,0.19%,,
09/05/2023,160.5,160.5,160.5,160.5,,2.52%,,
09/06/2023,160.0,160.0,160.0,160.0,,-0.31%,,
09/07/2023,157.65,157.65,157.65,157.65,,-1.47%,,
09/08/2023,156.25,156.25,156.25,156.25,,-0.89%,,
09/11/2023,158.0,158.0,158.0,158.0,,1.12%,,
09/12/2023,159.0,159.0,159.0,159.0,,0.63%,,
09/13/2023,162.25,162.25,162.25,162.25,,2.04%,,
09/14/2023,160.15,160.5,160.5,160.5,0.04K,-1.29%,,
09/15/2023,160.5,160.5,160.5,160.5,0.25K,0.22%,,
09/18/2023,160.75,160.75,160.75,160.75,,0.16%,,
09/19/2023,160.75,160.75,160.75,160.75,,0.00%,,
09/20/2023,160.75,160.75,160.75,160.75,,0.00%,,
09/21/2023,160.5,160.5,160.5,160.5,0.01K,-0.16%,,
09/22/2023,160.0,160.0,160.0,160.0,,-0.31%,,
09/25/2023,160.0,160.0,160.0,160.0,,0.00%,,
09/26/2023,160.35,160.35,160.35,160.35,,0.22%,,
09/27/2023,160.35,160.35,160.35,160.35,,0.00%,,
09/28/2023,159.75,159.75,159.75,159.75,,-0.37%,,
09/29/2023,160.1,157.0,157.0,157.0,,0.22%,,
10/02/2023,154.5,155.0,155.0,155.0,0.01K,-3.50%,,
10/03/2023,149.65,150.0,150.0,150.0,0.10K,-3.14%,,
10/04/2023,144.65,145.0,145.0,145.0,0.03K,-3.34%,,
10/05/2023,139.0,140.0,140.0,140.0,0.01K,-3.91%,,
10/06/2023,138.5,138.5,138.5,138.5,0.01K,-0.36%,,
10/09/2023,141.35,141.35,141.35,141.35,0.02K,2.06%,,
10/10/2023,141.9,141.9,141.9,141.9,0.04K,0.39%,,
10/11/2023,140.5,141.5,141.5,141.5,0.01K,-0.99%,,
10/12/2023,142.65,142.65,142.65,142.65,,1.53%,,
10/13/2023,143.85,143.85,143.85,143.85,0.02K,0.84%,,
10/16/2023,143.75,143.75,143.75,143.75,,-0.07%,,
10/17/2023,142.25,142.25,142.25,142.25,0.01K,-1.04%,,
10/18/2023,140.0,139.5,139.5,139.5,0.02K,-1.58%,,
10/19/2023,136.5,136.5,136.5,136.5,,-2.50%,,
10/20/2023,138.0,138.0,138.0,138.0,,1.10%,,
10/23/2023,138.35,138.35,138.35,138.35,0.01K,0.25%,,
10/24/2023,136.5,136.5,136.5,136.5,0.02K,-1.34%,,
10/25/2023,133.5,133.5,133.5,133.5,,-2.20%,,
10/26/2023,135.7,135.7,135.7,135.7,,1.65%,,
10/27/2023,135.2,135.2,135.2,135.2,,-0.37%,,
10/30/2023,131.0,131.0,131.0,131.0,0.02K,-3.11%,,
10/31/2023,121.1,123.5,123.5,123.5,0.06K,-7.56%,,
11/01/2023,119.65,117.45,117.45,117.45,0.00K,-1.20%,,
11/02/2023,120.0,118.0,118.0,118.0,0.09K,0.29%,,
11/03/2023,122.5,122.5,122.5,122.5,0.00K,2.08%,,
11/06/2023,119.0,119.0,119.0,119.0,0.18K,-2.86%,,
11/07/2023,120.1,120.1,120.1,120.1,0.06K,0.92%,,
11/08/2023,122.5,122.5,122.5,122.5,0.08K,2.00%,,
11/09/2023,123.0,123.0,123.0,122.5,0.03K,0.41%,,
11/10/2023,123.25,123.25,123.25,123.25,,0.20%,,
11/13/2023,122.0,122.0,122.0,122.0,,-1.01%,,
11/14/2023,122.5,122.5,122.5,122.5,,0.41%,,
11/15/2023,123.25,123.25,123.25,123.25,,0.61%,,
11/16/2023,123.1,123.1,123.1,123.1,,-0.12%,,
11/17/2023,123.25,123.25,123.25,123.25,,0.12%,,
11/20/2023,122.5,122.5,122.5,122.5,,-0.61%,,
11/21/2023,122.3,122.3,122.3,122.3,,-0.16%,,
11/22/2023,122.15,122.15,122.15,122.15,,-0.12%,,
11/23/2023,122.15,122.15,122.15,122.15,,0.00%,,
11/24/2023,122.0,128.0,128.0,128.0,,-0.12%,,
11/27/2023,127.5,128.0,128.0,128.0,0.02K,4.51%,,
11/28/2023,127.45,127.45,127.45,127.45,0.01K,-0.04%,,
11/29/2023,127.85,129.0,129.0,129.0,0.19K,0.31%,,
11/30/2023,132.15,132.15,132.15,132.15,0.21K,3.36%,,
12/01/2023,133.5,133.5,133.5,133.5,0.16K,1.02%,,
12/04/2023,134.45,135.0,135.0,135.0,0.02K,0.71%,,
12/05/2023,134.15,134.15,134.15,134.15,0.01K,-0.22%,,
12/06/2023,140.45,140.45,140.45,140.45,0.02K,4.70%,,
12/07/2023,148.75,148.75,148.75,148.75,0.01K,5.91%,,
12/08/2023,151.0,151.0,151.0,151.0,,1.51%,,
12/11/2023,152.5,152.5,152.5,152.5,0.01K,0.99%,,
12/12/2023,146.25,145.0,146.0,145.0,0.01K,-4.10%,,
12/13/2023,146.25,146.25,146.25,146.25,0.02K,0.00%,,
12/14/2023,145.5,145.5,145.5,145.5,,-0.51%,,
12/15/2023,145.25,145.25,145.25,145.25,,-0.17%,,
12/18/2023,144.75,144.75,144.75,144.75,,-0.34%,,
12/19/2023,145.25,145.25,145.25,145.25,,0.35%,,
12/20/2023,144.25,144.25,144.25,144.25,,-0.69%,,
12/21/2023,145.25,145.25,145.25,145.25,0.02K,0.69%,,
12/22/2023,145.5,145.5,145.5,145.5,,0.17%,,
12/26/2023,145.5,145.5,145.5,145.5,,0.00%,,
12/27/2023,146.0,146.0,146.0,146.0,,0.34%,,
12/28/2023,145.45,145.45,145.45,145.45,,-0.38%,,
12/29/2023,146.4,146.4,146.4,146.4,,0.65%,,
01/02/2024,127.75,132.0,132.0,131.9,0.04K,-12.74%,,
01/03/2024,128.5,128.5,128.5,128.5,0.08K,0.59%,,
01/04/2024,130.9,130.9,130.9,130.9,0.08K,1.87%,,
01/05/2024,131.55,131.55,131.55,131.55,0.01K,0.50%,,
01/08/2024,132.0,131.5,131.5,131.5,0.09K,0.34%,,
01/09/2024,135.65,134.5,134.5,134.0,0.05K,2.77%,,
01/10/2024,133.5,133.5,133.5,133.5,0.05K,-1.58%,,
01/11/2024,130.75,130.75,130.75,130.75,0.03K,-2.06%,,
01/12/2024,130.85,130.85,130.85,130.85,0.07K,0.08%,,
01/15/2024,129.85,129.85,129.85,129.85,0.01K,-0.76%,,
01/16/2024,129.5,129.0,129.0,129.0,0.00K,-0.27%,,
01/17/2024,129.5,129.5,129.5,129.5,0.01K,0.00%,,
01/18/2024,128.9,128.9,128.9,128.9,,-0.46%,,
01/19/2024,128.0,128.0,128.0,128.0,,-0.70%,,
01/22/2024,127.45,127.45,127.45,127.45,,-0.43%,,
01/23/2024,127.3,127.3,127.3,127.3,0.04K,-0.12%,,
01/24/2024,127.2,127.2,127.2,127.2,,-0.08%,,
01/25/2024,126.8,126.8,126.8,126.8,,-0.31%,,
01/26/2024,127.1,118.25,118.25,118.25,,0.24%,,
01/29/2024,116.4,116.0,116.0,116.0,0.03K,-8.42%,,
01/30/2024,119.55,118.0,118.0,118.0,0.04K,2.71%,,
01/31/2024,116.5,116.5,116.5,116.5,0.02K,-2.55%,,
02/01/2024,116.0,116.0,116.0,116.0,0.02K,-0.43%,,
02/02/2024,116.75,116.0,116.0,116.0,0.09K,0.65%,,
02/05/2024,119.0,119.0,119.0,119.0,,1.93%,,
02/06/2024,119.0,119.0,119.0,119.0,,0.00%,,
02/07/2024,120.5,120.5,120.5,120.5,0.02K,1.26%,,
02/08/2024,120.6,120.0,120.0,120.0,0.01K,0.08%,,
02/09/2024,120.6,120.6,120.6,120.6,,0.00%,,
02/12/2024,120.0,120.0,120.0,120.0,,-0.50%,,
02/13/2024,120.5,120.5,120.5,120.5,,0.42%,,
02/14/2024,119.75,119.75,119.75,119.75,,-0.62%,,
02/15/2024,119.25,119.25,119.25,119.25,,-0.42%,,
02/16/2024,119.25,119.25,119.25,119.25,,0.00%,,
02/19/2024,119.6,119.6,119.6,119.6,,0.29%,,
02/20/2024,119.6,119.6,119.6,119.6,,0.00%,,
02/21/2024,119.4,115.0,115.0,115.0,0.00K,-0.17%,,
02/22/2024,119.4,119.4,119.4,119.4,,0.00%,,
02/23/2024,119.4,119.4,119.4,119.4,,0.00%,,
02/26/2024,127.75,127.5,127.5,127.5,0.06K,6.99%,,
02/27/2024,129.2,130.5,130.5,129.0,0.08K,1.14%,,
02/28/2024,129.5,129.75,131.0,129.75,0.07K,0.23%,,
02/29/2024,131.0,131.0,131.0,131.0,0.02K,1.16%,,
03/01/2024,132.0,132.0,132.0,132.0,,0.76%,,
03/04/2024,136.0,136.0,136.0,136.0,0.02K,3.03%,,
03/05/2024,137.45,137.5,137.5,137.1,0.02K,1.07%,,
03/06/2024,136.75,136.75,136.75,136.75,0.03K,-0.51%,,
03/07/2024,135.5,135.5,135.5,135.5,0.02K,-0.91%,,
03/08/2024,134.4,134.4,134.4,134.4,,-0.81%,,
03/11/2024,133.0,134.0,134.0,132.75,0.01K,-1.04%,,
03/12/2024,130.65,130.65,130.65,130.65,,-1.77%,,
03/13/2024,131.1,131.1,131.1,131.1,,0.34%,,
03/14/2024,131.5,131.5,131.5,131.5,0.01K,0.31%,,
03/15/2024,131.0,131.0,131.0,131.0,0.04K,-0.38%,,
03/18/2024,129.75,129.75,129.75,129.75,0.03K,-0.95%,,
03/19/2024,129.4,129.4,129.4,129.4,,-0.27%,,
03/20/2024,128.9,128.9,128.9,128.9,,-0.39%,,
03/21/2024,128.25,128.25,128.25,128.25,,-0.50%,,
03/22/2024,127.7,127.7,127.7,127.7,,-0.43%,,
03/25/2024,128.95,128.95,128.95,128.95,,0.98%,,
03/26/2024,128.9,128.9,128.9,128.9,,-0.04%,,
03/27/2024,129.0,129.0,129.0,129.0,,0.08%,,
03/28/2024,129.1,129.1,129.1,129.1,,0.08%,,
04/01/2024,132.0,132.0,132.0,132.0,,2.25%,,
04/02/2024,132.25,132.25,132.25,132.25,0.04K,0.19%,,
04/03/2024,129.65,129.65,129.65,129.65,0.01K,-1.97%,,
04/04/2024,128.2,128.2,128.2,128.2,0.02K,-1.12%,,
04/05/2024,129.1,129.1,129.1,129.1,0.02K,0.70%,,
04/08/2024,128.2,128.2,128.2,128.2,0.03K,-0.70%,,
04/09/2024,127.75,127.0,127.0,127.0,0.03K,-0.35%,,
04/10/2024,128.0,128.0,128.0,128.0,0.07K,0.20%,,
04/11/2024,128.75,128.75,128.75,128.75,0.02K,0.59%,,
04/12/2024,129.25,129.25,129.25,129.25,0.01K,0.39%,,
04/15/2024,129.75,129.75,129.75,129.75,,0.39%,,
04/16/2024,129.25,130.0,130.0,130.0,0.04K,-0.39%,,
04/17/2024,129.6,129.6,129.6,129.6,,0.27%,,
04/18/2024,129.6,129.6,129.6,129.6,0.02K,0.00%,,
04/19/2024,130.6,130.6,130.6,130.6,,0.77%,,
04/22/2024,129.5,129.5,129.5,129.5,,-0.84%,,
04/23/2024,129.75,129.75,129.75,129.75,,0.19%,,
04/24/2024,129.0,129.0,129.0,129.0,,-0.58%,,
04/25/2024,129.25,129.25,129.25,129.25,,0.19%,,
04/26/2024,129.75,129.75,129.75,129.75,,0.39%,,
04/29/2024,137.4,136.75,136.75,136.75,0.05K,5.90%,,
04/30/2024,142.25,142.25,142.25,142.25,0.01K,3.53%,,
05/01/2024,147.0,151.65,151.65,151.65,0.00K,3.34%,,
05/02/2024,147.75,147.75,147.75,147.75,0.02K,0.51%,,
05/03/2024,145.15,145.15,145.15,145.15,,-1.76%,,
05/06/2024,145.3,145.3,145.3,145.3,,0.10%,,
05/07/2024,146.4,146.4,146.4,146.4,0.04K,0.76%,,
05/08/2024,145.25,145.25,145.25,145.25,,-0.79%,,
05/09/2024,144.95,144.95,144.95,144.95,0.09K,-0.21%,,
05/10/2024,144.4,144.4,144.4,144.4,,-0.38%,,
05/13/2024,142.1,142.1,142.1,142.1,,-1.59%,,
05/14/2024,142.65,142.65,142.65,142.65,,0.39%,,
05/15/2024,143.0,143.0,143.0,143.0,,0.25%,,
05/16/2024,143.5,143.5,143.5,143.5,,0.35%,,
05/17/2024,141.5,141.5,141.5,141.5,,-1.39%,,
05/20/2024,141.0,141.0,141.0,141.0,,-0.35%,,
05/21/2024,142.05,142.05,142.05,142.05,0.01K,0.74%,,
05/22/2024,142.4,142.4,142.4,142.4,,0.25%,,
05/23/2024,142.75,142.75,142.75,142.75,,0.25%,,
05/24/2024,142.8,142.8,142.8,142.8,,0.04%,,
05/27/2024,142.8,142.8,142.8,142.8,,0.00%,,
05/28/2024,142.4,142.4,142.4,142.4,,-0.28%,,
05/29/2024,142.4,142.4,142.4,142.4,,0.00%,,
05/30/2024,142.4,142.4,142.4,142.4,,0.00%,,
05/31/2024,142.4,142.4,142.4,142.4,,0.00%,,
06/03/2024,140.2,139.0,140.75,138.75,0.14K,-1.54%,,
06/04/2024,137.95,137.95,137.95,137.95,,-1.60%,,
06/05/2024,136.0,136.0,136.0,136.0,0.01K,-1.41%,,
06/06/2024,134.35,134.35,134.35,134.35,0.01K,-1.21%,,
06/07/2024,131.45,131.0,131.0,131.0,0.01K,-2.16%,,
06/10/2024,131.85,131.85,131.85,131.85,0.01K,0.30%,,
06/11/2024,131.25,131.25,131.25,131.25,,-0.46%,,
06/12/2024,132.95,132.95,132.95,132.95,,1.30%,,
06/13/2024,134.7,134.7,134.7,134.7,,1.32%,,
06/14/2024,133.15,133.15,133.15,133.15,,-1.15%,,
06/17/2024,133.9,133.9,133.9,133.9,,0.56%,,
06/18/2024,133.9,133.9,133.9,133.9,,0.00%,,
06/19/2024,134.1,134.1,134.1,134.1,,0.15%,,
06/20/2024,133.9,133.9,133.9,133.9,,-0.15%,,
06/21/2024,132.05,132.05,132.05,132.05,,-1.38%,,
06/24/2024,132.95,132.95,132.95,132.95,,0.68%,,
06/25/2024,134.1,134.1,134.1,134.1,,0.86%,,
06/26/2024,132.0,132.0,132.0,132.0,,-1.57%,,
06/27/2024,132.75,132.75,132.75,132.75,,0.57%,,
06/28/2024,133.45,133.45,133.45,133.45,,0.53%,,
07/01/2024,132.1,132.1,132.1,132.1,0.00K,-1.01%,,
07/02/2024,132.25,132.25,132.25,132.25,0.01K,0.11%,,
07/03/2024,135.0,135.0,135.0,135.0,0.11K,2.08%,,
07/04/2024,136.5,136.5,136.5,136.5,,1.11%,,
07/05/2024,135.75,135.75,135.75,135.75,0.01K,-0.55%,,
07/08/2024,135.05,135.0,135.0,135.0,0.00K,-0.52%,,
07/09/2024,135.25,135.25,135.25,135.25,0.04K,0.15%,,
07/10/2024,133.75,133.75,133.75,133.75,,-1.11%,,
07/11/2024,133.75,133.75,133.75,133.75,,0.00%,,
07/12/2024,133.85,133.0,134.0,133.0,0.01K,0.07%,,
07/15/2024,134.95,134.85,134.85,134.85,0.03K,0.82%,,
07/16/2024,134.4,134.4,134.4,134.4,,-0.41%,,
07/17/2024,134.75,134.75,134.75,134.75,0.02K,0.26%,,
07/18/2024,135.0,135.0,135.0,135.0,,0.19%,,
07/19/2024,135.1,135.1,135.1,135.1,,0.07%,,
07/22/2024,135.0,135.0,135.0,135.0,0.01K,-0.07%,,
07/23/2024,134.7,134.7,134.7,134.7,,-0.22%,,
07/24/2024,134.75,134.75,134.75,134.75,,0.04%,,
07/25/2024,134.75,134.75,134.75,134.75,,0.00%,,
07/26/2024,134.8,134.8,134.8,134.8,,0.04%,,
07/29/2024,140.1,140.1,140.1,140.1,0.01K,3.93%,,
07/30/2024,139.25,139.25,139.25,139.25,0.03K,-0.61%,,
07/31/2024,140.1,139.5,140.5,139.5,0.02K,0.61%,,
08/01/2024,142.55,141.0,144.0,141.0,0.01K,1.75%,,
08/02/2024,144.1,144.1,144.1,144.1,,1.09%,,
08/05/2024,143.7,143.7,143.7,143.7,0.03K,-0.28%,,
08/06/2024,145.5,145.5,145.5,145.5,0.02K,1.25%,,
08/07/2024,145.0,145.0,145.0,145.0,,-0.34%,,
08/08/2024,145.5,145.5,145.5,145.5,,0.34%,,
08/09/2024,146.0,146.0,146.0,146.0,,0.34%,,
08/12/2024,146.75,146.75,146.75,146.75,,0.51%,,
08/13/2024,146.9,146.9,146.9,146.9,,0.10%,,
08/14/2024,145.75,145.75,145.75,145.75,,-0.78%,,
08/15/2024,150.0,150.0,150.0,150.0,0.01K,2.92%,,
08/16/2024,146.75,146.75,146.75,146.75,,-2.17%,,
08/19/2024,146.5,146.5,146.5,146.5,,-0.17%,,
08/20/2024,146.0,148.25,148.25,148.25,0.01K,-0.34%,,
08/21/2024,145.9,145.9,145.9,145.9,,-0.07%,,
08/22/2024,146.75,146.75,146.75,146.75,,0.58%,,
08/23/2024,145.2,145.2,145.2,145.2,,-1.06%,,
08/26/2024,145.7,145.7,145.7,145.7,,0.34%,,
08/27/2024,146.0,146.0,146.0,146.0,,0.21%,,
08/28/2024,145.0,145.0,145.0,145.0,,-0.68%,,
08/29/2024,145.0,145.0,145.0,145.0,,0.00%,,
08/30/2024,146.2,146.2,146.2,146.2,,0.83%,,
09/02/2024,143.9,143.9,143.9,143.9,,-1.57%,,
09/03/2024,142.0,142.0,142.0,142.0,0.05K,-1.32%,,
09/04/2024,139.5,139.5,139.5,139.5,0.03K,-1.76%,,
09/05/2024,141.0,141.0,141.0,141.0,0.01K,1.08%,,
09/06/2024,141.5,141.35,141.35,141.35,0.00K,0.35%,,
09/09/2024,141.65,141.65,141.65,141.65,,0.11%,,
09/10/2024,138.75,139.5,139.5,139.5,0.02K,-2.05%,,
09/11/2024,139.0,139.0,139.0,139.0,,0.18%,,
09/12/2024,138.15,138.15,138.15,138.15,0.00K,-0.61%,,
09/13/2024,137.9,137.9,137.9,137.9,,-0.18%,,
09/16/2024,137.25,137.25,137.25,137.25,,-0.47%,,
09/17/2024,139.65,139.0,139.0,139.0,0.00K,1.75%,,
09/18/2024,139.0,139.0,139.0,139.0,,-0.47%,,
09/19/2024,139.5,140.0,140.0,140.0,0.01K,0.36%,,
09/20/2024,139.5,139.5,139.5,139.5,,0.00%,,
09/23/2024,139.5,139.5,139.5,139.5,,0.00%,,
09/24/2024,139.5,139.5,139.5,139.5,0.00K,0.00%,,
09/25/2024,139.75,139.75,139.75,139.75,,0.18%,,
09/26/2024,139.6,139.6,139.6,139.6,,-0.11%,,
09/27/2024,139.75,139.75,139.75,139.75,,0.11%,,
09/30/2024,145.1,149.0,149.0,145.0,0.01K,3.83%,,
10/01/2024,141.65,142.75,142.75,142.75,0.01K,-2.38%,,
10/02/2024,140.25,142.1,142.1,142.1,0.03K,-0.99%,,
10/03/2024,140.8,140.8,140.8,140.8,0.01K,0.39%,,
10/04/2024,148.2,148.2,148.2,148.2,0.12K,5.26%,,
10/07/2024,148.5,148.5,148.5,148.5,0.02K,0.20%,,
10/08/2024,147.8,147.8,147.8,147.8,0.01K,-0.47%,,
10/09/2024,145.45,145.45,145.45,145.45,0.06K,-1.59%,,
10/10/2024,148.0,147.0,148.5,147.0,0.02K,1.75%,,
10/11/2024,146.7,148.05,148.05,148.05,0.00K,-0.88%,,
10/14/2024,148.2,148.2,148.2,148.2,0.01K,1.02%,,
10/15/2024,146.05,146.05,146.05,146.05,0.01K,-1.45%,,
10/16/2024,145.95,145.95,145.95,145.95,0.00K,-0.07%,,
10/17/2024,145.75,145.75,145.75,145.75,0.00K,-0.14%,,
10/18/2024,145.4,145.4,145.4,145.4,,-0.24%,,
10/21/2024,145.6,145.6,145.6,145.6,,0.14%,,
10/22/2024,144.7,144.7,144.7,144.7,,-0.62%,,
10/23/2024,145.25,145.25,145.25,145.25,,0.38%,,
10/24/2024,145.5,145.5,145.5,145.5,,0.17%,,
10/25/2024,144.9,144.9,144.9,144.9,,-0.41%,,
10/28/2024,144.5,143.75,143.75,143.75,0.02K,-0.28%,,
10/29/2024,145.25,145.25,145.25,145.25,0.03K,0.52%,,
10/30/2024,145.0,144.0,144.05,144.0,0.18K,-0.17%,,
10/31/2024,144.05,144.05,144.05,144.05,,-0.66%,,
11/01/2024,143.95,144.15,144.15,144.15,0.01K,-0.07%,,
11/04/2024,143.9,143.9,143.9,143.9,,-0.03%,,
11/05/2024,142.9,142.9,142.9,142.9,,-0.69%,,
11/06/2024,141.1,141.1,141.1,141.1,,-1.26%,,
11/07/2024,142.2,142.2,142.2,142.2,,0.78%,,
11/08/2024,143.35,143.35,143.35,143.35,,0.81%,,
11/11/2024,142.25,142.25,142.25,142.25,,-0.77%,,
11/12/2024,142.25,142.25,142.25,142.25,,0.00%,,
11/13/2024,141.5,141.5,141.5,141.5,,-0.53%,,
11/14/2024,141.5,141.5,141.5,141.5,,0.00%,,
11/15/2024,141.75,141.75,141.75,141.75,,0.18%,,
11/18/2024,141.75,141.75,141.75,141.75,,0.00%,,
11/19/2024,141.25,141.25,141.25,141.25,,-0.35%,,
11/20/2024,141.5,141.5,141.5,141.5,,0.18%,,
11/21/2024,141.5,141.5,141.5,141.5,,0.00%,,
11/22/2024,141.25,141.25,141.25,141.25,,-0.18%,,
11/25/2024,141.0,141.0,141.0,141.0,,-0.18%,,
11/26/2024,141.0,141.0,141.0,141.0,,0.00%,,
11/27/2024,140.7,140.7,140.7,140.7,,-0.21%,,
11/28/2024,140.7,140.7,140.7,140.7,,0.00%,,
11/29/2024,141.5,141.5,141.5,141.5,,0.57%,,
12/02/2024,135.0,136.0,136.05,136.0,0.01K,-4.59%,,
12/03/2024,134.8,134.8,134.8,134.8,,-0.15%,,
12/04/2024,133.4,133.4,133.4,133.4,,-1.04%,,
12/05/2024,133.25,133.0,133.0,133.0,0.05K,-0.11%,,
12/06/2024,133.25,133.25,133.25,133.25,,0.00%,,
12/09/2024,133.75,133.75,133.75,133.75,,0.38%,,
12/10/2024,133.45,133.45,133.45,133.45,,-0.22%,,
12/11/2024,133.75,133.75,133.75,133.75,,0.22%,,
12/12/2024,132.5,132.5,132.5,132.5,,-0.93%,,
12/13/2024,130.75,130.75,130.75,130.75,,-1.32%,,
12/16/2024,129.25,129.25,129.25,129.25,0.04K,-1.15%,,
12/17/2024,129.0,129.0,129.0,129.0,,-0.19%,,
12/18/2024,128.25,128.0,128.05,128.0,0.01K,-0.58%,,
12/19/2024,127.1,128.0,128.0,128.0,0.00K,-0.90%,,
12/20/2024,127.4,127.4,127.4,127.4,0.02K,0.24%,,
12/23/2024,126.75,126.75,126.75,126.75,,-0.51%,,
12/24/2024,126.75,126.75,126.75,126.75,,0.00%,,
12/26/2024,126.75,126.75,126.75,126.75,,0.00%,,
12/27/2024,126.75,126.75,126.75,126.75,,0.00%,,
12/30/2024,124.55,124.0,124.0,124.0,0.00K,-1.74%,,
12/31/2024,125.25,123.0,126.5,123.0,0.05K,0.56%,,
01/02/2025,124.6,124.6,124.6,124.6,0.03K,-0.52%,,
01/03/2025,123.5,123.5,123.5,123.5,0.00K,-0.88%,,
01/06/2025,119.75,122.0,122.0,121.0,0.01K,-3.04%,,
01/07/2025,118.3,119.25,119.25,118.5,0.18K,-1.21%,,
01/08/2025,117.45,117.45,117.45,117.45,0.06K,-0.72%,,
01/09/2025,115.75,115.75,115.75,115.75,0.00K,-1.45%,,
01/10/2025,113.5,113.5,113.5,113.5,0.00K,-1.94%,,
01/13/2025,114.5,114.5,115.0,114.0,0.10K,0.88%,,
01/14/2025,115.4,115.0,115.25,115.0,0.00K,0.79%,,
01/15/2025,114.45,114.45,114.45,114.45,,-0.82%,,
01/16/2025,114.7,115.5,115.5,115.25,0.00K,0.22%,,
01/17/2025,117.25,117.25,117.25,117.25,0.01K,2.22%,,
01/20/2025,118.15,115.5,115.5,115.5,0.02K,0.77%,,
01/21/2025,117.75,118.5,118.5,117.5,0.02K,-0.34%,,
01/22/2025,116.75,116.75,116.75,116.75,,-0.85%,,
01/23/2025,116.5,116.5,116.5,116.5,,-0.21%,,
01/24/2025,116.35,116.35,116.35,116.35,,-0.13%,,
01/27/2025,114.55,114.55,114.55,114.55,,-1.55%,,
01/28/2025,115.05,115.05,115.05,115.05,,0.44%,,
01/29/2025,114.8,114.8,114.8,114.8,,-0.22%,,
01/30/2025,114.85,114.85,114.85,114.85,,0.04%,,
01/31/2025,115.5,115.5,115.5,115.5,,0.57%,,
02/03/2025,115.65,114.5,116.0,114.5,0.02K,0.13%,,
02/04/2025,112.5,112.25,112.25,112.25,0.01K,-2.72%,,
02/05/2025,111.25,111.9,111.9,111.9,0.13K,-1.11%,,
02/06/2025,108.95,109.0,109.0,109.0,0.01K,-2.07%,,
02/07/2025,107.25,107.25,107.25,107.25,0.00K,-1.56%,,
02/10/2025,105.65,105.65,105.65,105.65,,-1.49%,,
02/11/2025,104.75,104.75,104.75,104.75,0.01K,-0.85%,,
02/12/2025,104.5,104.5,104.5,104.5,,-0.24%,,
02/13/2025,104.3,104.3,104.3,104.3,,-0.19%,,
02/14/2025,102.75,102.75,102.75,102.75,,-1.49%,,
02/17/2025,102.0,102.0,102.0,102.0,,-0.73%,,
02/18/2025,100.85,100.85,100.85,100.85,,-1.13%,,
02/19/2025,103.5,103.5,103.5,103.5,0.00K,2.63%,,
02/20/2025,103.5,103.5,103.5,103.5,,0.00%,,
02/21/2025,102.0,102.0,102.0,102.0,,-1.45%,,
02/24/2025,102.25,102.25,102.25,102.25,,0.25%,,
02/25/2025,102.0,102.0,102.0,102.0,,-0.24%,,
02/26/2025,102.4,102.4,102.4,102.4,,0.39%,,
02/27/2025,102.4,102.4,102.4,102.4,,0.00%,,
02/28/2025,102.05,102.05,102.05,102.05,,-0.34%,,
03/03/2025,101.4,99.0,99.0,99.0,0.09K,-0.64%,,
03/04/2025,101.5,101.5,101.5,101.5,,0.10%,,
03/05/2025,104.1,99.0,100.5,99.0,0.03K,2.56%,,
03/06/2025,104.7,100.0,100.0,100.0,0.01K,0.58%,,
03/07/2025,103.25,100.0,103.85,100.0,0.01K,-1.38%,,
03/10/2025,104.6,105.0,105.0,105.0,0.03K,1.31%,,
03/11/2025,104.9,104.9,104.9,104.9,0.01K,0.29%,,
03/12/2025,101.5,101.5,101.5,101.5,0.01K,-3.24%,,
03/13/2025,101.05,101.05,101.05,101.05,0.02K,-0.44%,,
03/14/2025,100.75,100.75,100.75,100.75,,-0.30%,,
03/17/2025,98.75,98.75,98.75,98.75,0.01K,-1.99%,,
03/18/2025,97.1,96.85,96.85,96.85,0.00K,-1.67%,,
03/19/2025,97.5,97.5,97.5,97.5,,0.41%,,
03/20/2025,97.75,97.75,97.75,97.75,,0.26%,,
03/21/2025,97.0,97.0,97.0,97.0,,-0.77%,,
03/24/2025,96.9,96.9,96.9,96.9,,-0.10%,,
03/25/2025,96.4,96.4,96.4,96.4,,-0.52%,,
03/26/2025,96.75,96.75,96.75,96.75,,0.36%,,
03/27/2025,96.75,96.75,96.75,96.75,,0.00%,,
03/28/2025,96.55,96.55,96.55,96.55,,-0.21%,,
03/31/2025,103.0,103.5,105.0,101.0,0.07K,6.68%,,
04/01/2025,102.65,102.65,102.65,102.65,0.02K,-0.34%,,
04/02/2025,101.0,101.0,101.0,101.0,0.00K,-1.61%,,
04/03/2025,99.4,98.5,99.45,98.5,0.02K,-1.58%,,
04/04/2025,97.0,96.4,97.95,96.4,0.01K,-2.41%,,
04/07/2025,97.5,94.0,98.5,94.0,0.04K,0.52%,,
04/08/2025,98.0,98.0,98.0,98.0,0.06K,0.51%,,
04/09/2025,96.5,96.25,96.25,96.25,0.12K,-1.53%,,
04/10/2025,96.25,96.25,96.25,96.25,0.00K,-0.26%,,
04/11/2025,94.85,94.85,94.85,94.85,0.02K,-1.45%,,
04/14/2025,95.5,95.5,95.5,95.5,0.03K,0.69%,,
04/15/2025,95.5,95.5,95.5,95.5,,0.00%,,
04/16/2025,94.25,94.25,94.25,94.25,,-1.31%,,
04/17/2025,95.05,95.05,95.05,95.05,0.00K,0.85%,,
04/21/2025,95.05,95.05,95.05,95.05,,0.00%,,
04/22/2025,93.9,93.25,93.25,93.25,0.01K,-1.21%,,
04/23/2025,93.7,93.7,93.7,93.7,0.01K,-0.21%,,
04/24/2025,93.8,93.8,93.8,93.8,0.00K,0.11%,,
04/25/2025,93.75,93.75,93.75,93.75,,-0.05%,,
04/28/2025,95.6,95.25,98.4,95.25,0.02K,1.97%,,
04/29/2025,97.25,96.25,96.25,96.25,0.03K,1.73%,,
04/30/2025,97.5,97.5,97.5,97.5,0.04K,0.26%,,
05/01/2025,97.5,97.5,97.5,97.5,0.03K,0.00%,,
05/02/2025,98.0,98.0,98.0,98.0,0.02K,0.51%,,
05/05/2025,98.5,98.5,98.5,98.5,,0.51%,,
05/06/2025,99.4,99.4,99.4,99.4,0.04K,0.91%,,
05/07/2025,98.75,98.9,101.0,98.9,0.01K,-0.65%,,
05/08/2025,98.5,98.5,98.5,98.5,0.07K,-0.25%,,
05/09/2025,98.9,98.9,98.9,98.9,0.05K,0.41%,,
05/12/2025,99.75,99.75,99.75,99.75,0.01K,0.86%,,
05/13/2025,99.9,101.0,101.0,101.0,0.02K,0.15%,,
05/14/2025,99.0,99.0,99.0,99.0,,-0.90%,,
05/15/2025,99.0,99.0,99.0,99.0,,0.00%,,
05/16/2025,99.0,99.0,99.0,99.0,,0.00%,,
05/19/2025,99.25,99.25,99.25,99.25,,0.25%,,
05/20/2025,100.55,100.55,100.55,100.55,0.03K,1.31%,,
05/21/2025,100.45,100.45,100.45,100.45,0.07K,-0.10%,,
05/22/2025,100.1,99.0,100.5,99.0,0.01K,-0.35%,,
05/23/2025,100.4,100.25,100.25,100.25,0.01K,0.30%,,
05/26/2025,100.4,100.4,100.4,100.4,,0.00%,,
05/27/2025,100.9,100.9,100.9,100.9,,0.50%,,
05/28/2025,100.9,100.9,100.9,100.9,,0.00%,,
05/29/2025,100.9,100.9,100.9,100.9,,0.00%,,
05/30/2025,100.8,100.8,100.8,100.8,,-0.10%,,
06/02/2025,105.35,105.5,107.0,105.5,0.05K,4.51%,,
06/03/2025,104.25,104.5,104.5,104.5,0.05K,-1.04%,,
06/04/2025,104.45,104.0,104.0,104.0,0.02K,0.19%,,
06/05/2025,105.0,108.0,108.0,104.5,0.01K,0.53%,,
06/06/2025,104.85,104.85,104.85,104.85,0.01K,-0.14%,,
06/09/2025,105.25,105.0,107.95,105.0,0.00K,0.38%,,
06/10/2025,103.65,105.25,105.25,104.6,0.02K,-1.52%,,
06/11/2025,104.45,104.25,104.25,104.25,0.01K,0.77%,,
06/12/2025,104.6,104.25,104.25,104.25,0.02K,0.14%,,
06/13/2025,105.25,105.25,105.25,105.25,0.01K,0.62%,,
06/16/2025,106.0,106.0,106.25,105.75,0.17K,0.71%,,
06/17/2025,106.4,106.4,106.4,106.4,,0.38%,,
06/18/2025,106.7,107.0,107.0,106.85,0.04K,0.28%,,
06/19/2025,107.0,107.0,107.0,107.0,,0.28%,,
06/20/2025,106.6,106.6,106.6,106.6,,-0.37%,,
06/23/2025,107.25,107.25,107.25,107.25,,0.61%,,
06/24/2025,106.6,106.6,106.6,106.6,,-0.61%,,
06/25/2025,106.6,106.6,106.6,106.6,,0.00%,,
06/26/2025,106.35,106.35,106.35,106.35,,-0.23%,,
06/27/2025,106.5,106.5,106.5,106.5,,0.14%,,
06/30/2025,109.9,107.0,111.0,107.0,0.01K,3.19%,,
07/01/2025,111.8,110.25,110.25,110.0,0.03K,1.73%,,
07/02/2025,112.5,112.5,112.5,112.5,0.01K,0.63%,,
07/03/2025,111.25,111.25,111.25,111.25,0.02K,-1.11%,,
07/04/2025,109.95,109.95,109.95,109.95,0.01K,-1.17%,,
07/07/2025,109.5,109.5,109.5,109.5,,-0.41%,,
07/08/2025,109.6,109.0,109.5,109.0,0.00K,0.09%,,
07/09/2025,110.25,110.25,110.25,110.25,,0.59%,,
07/10/2025,111.0,111.0,111.0,111.0,0.01K,0.68%,,
07/11/2025,112.0,112.0,112.0,112.0,0.02K,0.90%,,
07/14/2025,111.1,111.1,111.1,111.1,,-0.80%,,
07/15/2025,110.0,110.0,110.0,110.0,,-0.99%,,
07/16/2025,110.0,110.0,110.0,110.0,0.01K,0.00%,,
07/17/2025,110.5,110.5,110.5,110.5,0.01K,0.45%,,
07/18/2025,110.4,110.4,110.4,110.4,,-0.09%,,
07/21/2025,109.85,109.85,109.85,109.85,,-0.50%,,
07/22/2025,110.1,110.25,110.4,110.25,0.05K,0.23%,,
07/23/2025,109.9,109.9,109.9,109.9,,-0.18%,,
07/24/2025,110.1,110.1,110.1,110.1,,0.18%,,
07/25/2025,110.2,110.2,110.2,110.2,,0.09%,,
07/28/2025,115.5,115.5,115.5,115.5,0.00K,4.81%,,
07/29/2025,115.5,115.5,116.0,115.5,0.08K,0.00%,,
07/30/2025,115.05,115.05,115.05,115.05,0.01K,-0.39%,,
07/31/2025,115.15,115.15,115.15,115.15,,0.09%,,
08/01/2025,114.9,114.9,114.9,114.9,,-0.22%,,
08/04/2025,114.95,114.95,114.95,114.95,,0.04%,,
08/05/2025,114.8,114.8,114.8,114.8,,-0.13%,,
08/06/2025,114.5,114.5,114.5,114.5,0.01K,-0.26%,,
08/07/2025,113.75,113.75,113.75,113.75,0.00K,-0.66%,,
08/08/2025,113.2,113.2,113.2,113.2,,-0.48%,,
08/11/2025,112.25,112.25,112.25,112.25,0.01K,-0.84%,,
08/12/2025,111.7,111.7,111.7,111.7,,-0.49%,,
08/13/2025,111.8,111.8,111.8,111.8,,0.09%,,
08/14/2025,110.9,110.9,110.9,110.9,,-0.81%,,
08/15/2025,110.85,110.85,110.85,110.85,,-0.05%,,
08/18/2025,111.0,111.0,111.0,111.0,,0.14%,,
08/19/2025,111.1,111.1,111.1,111.1,,0.09%,,
08/20/2025,111.5,111.5,111.5,111.5,,0.36%,,
08/21/2025,110.6,110.6,110.6,110.6,,-0.81%,,
08/22/2025,111.3,111.3,111.3,111.3,,0.63%,,
08/25/2025,111.3,111.3,111.3,111.3,,0.00%,,
08/26/2025,111.55,111.55,111.55,111.55,,0.22%,,
08/27/2025,111.55,111.55,111.55,111.55,,0.00%,,
08/28/2025,111.55,111.55,111.55,111.55,,0.00%,,
08/29/2025,111.5,111.5,111.5,111.5,0.01K,-0.04%,,
09/01/2025,109.9,109.9,109.9,109.9,,-1.43%,,
09/02/2025,108.8,109.0,109.0,108.85,0.06K,-1.00%,,
09/03/2025,108.5,108.5,108.5,108.5,0.18K,-0.28%,,
09/04/2025,107.0,107.75,107.75,107.0,0.06K,-1.38%,,
09/05/2025,107.55,106.5,106.5,106.5,0.01K,0.51%,,
09/08/2025,105.8,105.8,105.8,105.8,,-1.63%,,
09/09/2025,103.85,103.75,103.75,103.75,0.01K,-1.84%,,
09/10/2025,102.45,102.9,102.9,102.25,0.02K,-1.35%,,
09/11/2025,100.9,101.5,101.5,101.5,0.00K,-1.51%,,
09/12/2025,100.7,100.7,100.7,100.7,,-0.20%,,
09/15/2025,101.5,101.5,101.5,101.5,0.02K,0.79%,,
09/16/2025,101.75,101.75,101.75,101.75,,0.25%,,
09/17/2025,102.9,102.9,102.9,102.9,,1.13%,,
09/18/2025,103.35,103.35,103.35,103.35,,0.44%,,
09/19/2025,103.35,103.35,103.35,103.35,,0.00%,,
09/22/2025,103.9,103.9,103.9,103.9,0.01K,0.53%,,
09/23/2025,103.6,103.6,103.6,103.6,,-0.29%,,
09/24/2025,103.6,103.6,103.6,103.6,,0.00%,,
09/25/2025,103.85,103.85,103.85,103.85,,0.24%,,
09/26/2025,103.75,103.75,103.75,103.75,,-0.10%,,
09/29/2025,106.75,110.0,110.0,106.5,0.10K,2.89%,,
09/30/2025,106.2,106.2,106.2,106.2,0.06K,-0.52%,,
10/01/2025,105.55,105.55,105.55,105.55,,-0.61%,,
10/02/2025,104.85,104.85,104.85,104.85,0.01K,-0.66%,,
10/03/2025,105.0,105.0,105.0,105.0,0.01K,0.14%,,
10/06/2025,104.75,104.75,104.75,104.75,0.01K,-0.24%,,
10/07/2025,104.8,104.8,104.8,104.8,0.01K,0.05%,,
10/08/2025,104.75,104.75,104.75,104.75,0.00K,-0.05%,,
10/09/2025,104.5,104.5,104.5,104.5,,-0.24%,,
10/10/2025,104.55,104.55,104.55,104.55,,0.05%,,
10/13/2025,104.4,104.4,104.4,104.4,,-0.14%,,
10/14/2025,103.8,103.8,103.8,103.8,0.01K,-0.57%,,
10/15/2025,105.85,105.85,105.85,105.85,0.01K,1.97%,,
10/16/2025,104.6,104.6,104.6,104.6,0.00K,-1.18%,,
10/17/2025,103.45,105.0,105.0,105.0,0.00K,-1.10%,,
10/20/2025,104.0,104.0,104.0,104.0,,0.53%,,
10/21/2025,104.0,104.0,104.0,104.0,0.01K,0.00%,,
10/22/2025,103.7,103.7,103.7,103.7,,-0.29%,,
10/23/2025,104.2,104.2,104.2,104.2,,0.48%,,
10/24/2025,104.1,104.1,104.1,104.1,,-0.10%,,
10/27/2025,104.25,104.25,104.25,104.25,,0.14%,,
10/28/2025,104.25,104.25,104.25,104.25,,0.00%,,
10/29/2025,103.9,103.9,103.9,103.9,,-0.34%,,
10/30/2025,104.15,104.15,104.15,104.15,,0.24%,,
10/31/2025,104.15,104.15,104.15,104.15,,0.00%,,
11/03/2025,109.6,109.4,109.4,109.4,0.02K,5.23%,,
11/04/2025,110.85,110.75,111.0,109.75,0.15K,1.14%,,
11/05/2025,109.95,109.5,110.0,109.5,0.07K,-0.81%,,
11/06/2025,110.65,110.0,111.0,110.0,0.04K,0.64%,,
11/07/2025,110.45,110.0,110.0,110.0,0.03K,-0.18%,,
11/10/2025,109.45,109.0,109.0,109.0,0.01K,-0.91%,,
11/11/2025,107.85,108.4,108.4,108.4,0.11K,-1.46%,,
11/12/2025,109.5,108.4,110.0,108.4,0.20K,1.53%,,
11/13/2025,109.55,109.55,109.55,109.55,,0.05%,,
11/14/2025,110.6,111.0,111.0,111.0,0.00K,0.96%,,
11/17/2025,110.2,111.0,111.0,111.0,0.01K,-0.36%,,
11/18/2025,111.5,111.5,111.5,111.5,0.01K,1.18%,,
11/19/2025,111.0,111.0,111.0,111.0,0.03K,-0.45%,,
11/20/2025,111.0,111.0,111.0,111.0,,0.00%,,
11/21/2025,110.9,110.9,110.9,110.9,,-0.09%,,
11/24/2025,111.15,111.15,111.15,111.15,0.01K,0.23%,,
11/25/2025,111.15,111.15,111.15,111.15,,0.00%,,
11/26/2025,111.15,111.15,111.15,111.15,,0.00%,,
11/27/2025,111.0,111.0,111.0,111.0,,-0.13%,,
11/28/2025,111.1,111.1,111.1,111.1,,0.09%,,
12/01/2025,108.35,108.75,108.75,108.75,0.05K,-2.48%,,
12/02/2025,108.8,107.75,107.75,107.75,0.04K,0.42%,,
12/03/2025,108.5,108.5,108.5,107.8,0.06K,-0.28%,,
12/04/2025,108.5,107.75,107.75,107.25,0.19K,0.00%,,
12/05/2025,110.25,110.0,110.5,110.0,0.02K,1.61%,,
12/08/2025,110.5,110.5,110.5,110.5,0.01K,0.23%,,
12/09/2025,110.1,110.4,110.45,110.4,0.02K,-0.36%,,
12/10/2025,109.4,109.4,109.4,109.4,,-0.64%,,
12/11/2025,108.75,108.75,108.75,108.75,,-0.59%,,
12/12/2025,108.5,106.4,106.4,106.4,0.00K,-0.23%,,
12/15/2025,108.6,108.6,108.6,108.6,,0.09%,,
12/16/2025,108.6,108.6,108.6,108.6,,0.00%,,
12/17/2025,108.6,108.5,108.5,108.5,0.01K,0.00%,,
12/18/2025,108.3,108.3,108.3,108.3,,-0.28%,,
12/19/2025,108.4,108.5,108.5,108.5,0.00K,0.09%,,
12/22/2025,108.25,108.25,108.25,108.25,,-0.14%,,
12/23/2025,108.25,108.25,108.25,108.25,,0.00%,,
12/24/2025,108.25,108.25,108.25,108.25,,0.00%,,
12/26/2025,109.05,109.05,109.05,109.05,,0.74%,,
12/29/2025,107.95,107.95,107.95,107.95,0.07K,-1.01%,,
12/30/2025,106.65,106.65,106.65,106.65,0.07K,-1.20%,,
12/31/2025,107.5,107.5,107.5,107.5,0.09K,0.80%,,
01/02/2026,106.55,106.55,106.55,106.55,,-0.88%,,
01/05/2026,106.2,106.35,106.35,106.35,0.02K,-0.33%,,
01/06/2026,107.25,106.75,107.5,106.75,0.23K,0.99%,,
01/07/2026,106.9,106.9,106.9,106.9,0.23K,-0.33%,,
01/08/2026,107.4,107.4,107.4,107.4,0.03K,0.47%,,
01/09/2026,107.3,107.3,107.3,107.3,0.02K,-0.09%,,
01/12/2026,107.1,107.1,107.1,107.1,0.03K,-0.19%,,
01/13/2026,107.65,108.0,110.5,108.0,0.05K,0.51%,,
01/14/2026,109.0,109.5,109.5,108.5,0.03K,1.25%,,
01/15/2026,108.4,108.4,108.4,108.4,,-0.55%,,
01/16/2026,108.85,108.85,108.85,108.85,,0.42%,,
01/19/2026,109.1,109.1,109.1,109.1,,0.23%,,
01/20/2026,109.95,109.95,109.95,109.95,,0.78%,,
01/21/2026,109.35,109.35,109.35,109.35,,-0.55%,,
01/22/2026,109.55,109.55,109.55,109.55,,0.18%,,
01/23/2026,109.0,109.0,109.0,109.0,,-0.50%,,
01/26/2026,108.65,108.65,108.65,108.65,,-0.32%,,
01/27/2026,108.8,108.8,108.8,108.8,,0.14%,,
01/28/2026,109.1,109.1,109.1,109.1,0.00K,0.28%,,
01/29/2026,108.6,108.6,108.6,108.6,,-0.46%,,
01/30/2026,108.9,108.9,108.9,108.9,,0.28%,,
02/02/2026,116.0,116.0,116.0,116.0,,6.52%,,
02/03/2026,114.7,114.7,114.7,114.7,0.01K,-1.12%,,
02/04/2026,116.1,116.1,116.1,116.1,,1.22%,,
02/05/2026,116.0,116.0,116.0,116.0,,-0.09%,,
02/06/2026,115.6,115.0,115.0,115.0,0.00K,-0.34%,,
02/09/2026,115.75,115.0,115.0,115.0,0.01K,0.13%,,
02/10/2026,114.6,114.6,114.6,114.6,,-0.99%,,
02/11/2026,114.9,115.0,115.0,115.0,0.00K,0.26%,,
02/12/2026,116.1,115.0,115.0,114.5,0.06K,1.04%,,
02/13/2026,116.7,116.7,116.7,116.7,0.01K,0.52%,,
02/16/2026,116.25,116.25,116.25,116.25,0.01K,-0.39%,,
02/17/2026,117.05,117.05,117.05,117.05,,0.69%,,
02/18/2026,116.8,116.8,116.8,116.8,,-0.21%,,
02/19/2026,116.15,116.15,116.15,116.15,,-0.56%,,
02/20/2026,116.2,116.2,116.2,116.2,,0.04%,,
02/23/2026,116.5,116.5,116.5,116.5,,0.26%,,
02/24/2026,117.0,117.0,117.0,117.0,,0.43%,,
02/25/2026,116.2,116.2,116.2,116.2,,-0.68%,,
02/26/2026,115.8,115.8,115.8,115.8,,-0.34%,,
02/27/2026,115.8,115.8,115.8,115.8,,0.00%,,
03/02/2026,125.85,123.5,126.0,123.5,0.19K,8.68%,,
03/03/2026,135.0,134.0,140.5,134.0,0.21K,7.27%,,
03/04/2026,131.65,135.0,135.0,127.0,0.03K,-2.48%,,
03/05/2026,134.25,130.0,135.45,130.0,0.05K,1.97%,,
03/06/2026,133.8,131.0,135.0,131.0,0.21K,-0.34%,,
03/09/2026,137.65,138.0,138.0,138.0,0.02K,2.88%,,
03/10/2026,131.55,133.5,133.65,133.5,0.02K,-4.43%,,
03/11/2026,133.1,133.1,133.1,133.1,0.08K,1.18%,,
03/12/2026,135.0,135.0,135.0,135.0,,1.43%,,
03/13/2026,134.8,134.8,134.8,134.8,,-0.15%,,
03/16/2026,132.3,132.3,132.3,132.3,,-1.85%,,
03/17/2026,131.1,130.0,132.0,130.0,0.31K,-0.91%,,
03/18/2026,132.8,131.75,131.75,131.75,0.01K,1.30%,,
03/19/2026,135.45,135.45,135.45,135.45,0.01K,2.00%,,
03/20/2026,135.35,135.35,135.35,135.35,,-0.07%,,
03/23/2026,135.25,135.25,135.25,135.25,0.00K,-0.07%,,
03/24/2026,136.5,136.5,136.5,136.5,,0.92%,,
03/25/2026,133.05,133.05,133.05,133.05,,-2.53%,,
03/26/2026,135.1,135.1,135.1,135.1,,1.54%,,
03/27/2026,135.6,133.95,133.95,133.95,0.01K,0.37%,,
03/30/2026,144.25,146.0,146.25,145.0,0.01K,6.38%,,
03/31/2026,142.45,144.0,144.75,142.0,0.09K,-1.25%,,
04/01/2026,137.2,137.2,137.2,137.2,0.05K,-3.69%,,
04/02/2026,137.9,138.75,139.9,138.75,0.11K,0.51%,,
04/06/2026,137.9,137.9,137.9,137.9,,0.00%,,
04/07/2026,138.5,138.5,138.5,138.5,0.01K,0.44%,,
04/08/2026,135.5,136.5,136.5,134.0,0.01K,-2.17%,,
04/09/2026,135.5,135.0,135.0,134.75,0.02K,0.00%,,
04/10/2026,134.9,134.9,134.9,134.9,0.01K,-0.44%,,
04/13/2026,135.45,135.45,135.45,135.45,0.01K,0.41%,,
04/14/2026,134.95,134.95,134.95,134.95,0.01K,-0.37%,,
04/15/2026,133.75,133.75,133.75,133.75,0.01K,-0.89%,,
04/16/2026,133.55,133.5,133.75,133.5,0.03K,-0.15%,,
04/17/2026,132.3,132.3,132.3,132.3,,-0.94%,,
04/20/2026,132.6,132.6,132.6,132.6,0.08K,0.23%,,
04/21/2026,132.9,133.3,133.75,132.75,0.02K,0.23%,,
04/22/2026,132.8,132.8,132.8,132.8,0.01K,-0.08%,,
04/23/2026,133.25,132.85,132.85,132.85,0.00K,0.34%,,
04/24/2026,133.7,133.7,133.7,133.7,,0.34%,,
04/27/2026,132.25,130.4,130.5,130.4,0.03K,-1.08%,,
04/28/2026,131.25,133.0,133.5,133.0,0.08K,-0.76%,,
04/29/2026,133.65,133.25,133.25,133.25,0.12K,1.83%,,
04/30/2026,134.0,134.25,134.25,134.0,0.02K,0.26%,,
05/01/2026,133.9,133.9,133.9,133.9,,-0.07%,,
05/04/2026,135.55,135.55,135.55,135.55,,1.23%,,
05/05/2026,134.4,134.5,134.5,134.5,0.01K,-0.85%,,
05/06/2026,132.05,132.0,132.0,132.0,0.01K,-1.75%,,
05/07/2026,132.2,132.0,132.0,132.0,0.02K,0.11%,,
05/08/2026,131.75,131.75,131.75,131.75,,-0.34%,,
05/11/2026,130.85,130.85,130.85,130.85,,-0.68%,,
05/12/2026,132.5,132.5,132.5,132.5,0.02K,1.26%,,
05/13/2026,131.15,131.15,131.15,131.15,,-1.02%,,
5/14/26,130.40,131.10,131.10,131.1,0.00K,,-0.57%,
5/15/26,131.70,131.70,131.70,131.7,0,,1.00%,
5/18/26,132.50,135.00,135.00,132.25,0.01K,,0.61%,
5/19/26,132.40,134.50,134.50,134.5,0.00K,,-0.08%,
5/20/26,132.45,132.00,132.00,132.0,0.01K,,0.04%,
5/21/26,132.05,132.05,132.05,132.05,0,,-0.30%,
5/22/26,132.05,132.05,132.05,132.05,0,,0.00%,
5/25/26,132.05,132.05,132.05,132.05,0,,0.00%,
5/26/26,132.60,134.00,134.00,134.0,0.00K,,0.42%,
5/27/26,131.75,131.75,131.75,131.75,0.00K,,-0.64%,
5/28/26,131.50,131.50,131.50,131.5,0,,-0.19%,
5/29/26,131.25,131.25,131.25,131.25,0,,-0.19%,
6/1/26,140.30,140.00,140.00,139.9,0.06K,,6.90%,
6/2/26,141.30,144.50,144.50,142.25,0.06K,,0.71%,
6/3/26,146.25,144.50,146.75,144.5,0.12K,,3.50%,
6/4/26,147.55,150.00,150.00,147.5,0.04K,,0.89%,
6/5/26,148.75,149.75,149.75,149.65,0.05K,,0.81%,
6/8/26,151.25,151.00,152.25,151.0,0.20K,,1.68%,
6/9/26,150.20,151.50,152.00,150.25,0.01K,,-0.69%,
6/10/26,150.95,150.00,150.00,149.25,0.05K,,0.50%,
6/11/26,151.75,151.75,151.75,151.75,0,,0.53%,
6/12/26,148.90,149.25,149.25,147.5,0.03K,,-1.88%,
